Input CSV          : target/base_table_delta_compression/kodak_dataset__sorted/__combined.csv
Distinct bit-lens  : 212  (range 1..212)
Total deltas       : 110,326
Mean bit-len       : 44.709 bits/delta
Bit-len entropy    : 6.866 bits over the bin distribution
Lower bound        : 4,932,587 bits  (616,573.4 bytes)

DP is exact per (mode, prefix_bits, k). The outer search is exhaustive
over the configured ranges, so the reported best is the global optimum
unless a BOUNDARY HIT warning fires below.

Family: unary  (k = 1..32, 32 configurations)
  tag    k           bits      vs-lb     avg/Δ    Δ-prev  payload maxima
         1     23,389,112    374.18%   212.000         —  [212]
         2     11,168,638    126.43%   101.233   -52.25%  [67, 212]
         3      8,656,672     75.50%    78.464   -22.49%  [39, 97, 212]
         4      7,661,266     55.32%    69.442   -11.50%  [28, 67, 128, 212]
         5      7,078,874     43.51%    64.163    -7.60%  [20, 45, 78, 129, 212]
         6      6,738,747     36.62%    61.080    -4.80%  [19, 39, 64, 97, 143, 212]
         7      6,538,473     32.56%    59.265    -2.97%  [16, 34, 52, 76, 106, 147, 212]
         8      6,383,577     29.42%    57.861    -2.37%  [14, 28, 45, 67, 96, 128, 162, 212]
         9      6,276,540     27.25%    56.891    -1.68%  [14, 28, 44, 60, 77, 97, 128, 162, 212]
        10      6,202,030     25.74%    56.215    -1.19%  [14, 26, 39, 52, 68, 87, 107, 131, 163, 212]
        11      6,150,430     24.69%    55.748    -0.83%  [14, 26, 39, 52, 68, 87, 106, 128, 147, 175, 212]
        12      6,104,372     23.76%    55.330    -0.75%  [9, 20, 32, 45, 59, 73, 89, 107, 128, 147, 175, 212]
        13      6,071,001     23.08%    55.028    -0.55%  [9, 19, 29, 40, 51, 63, 76, 91, 107, 128, 147, 175, 212]
        14      6,049,459     22.64%    54.833    -0.35%  [9, 19, 29, 40, 51, 62, 73, 86, 97, 113, 129, 148, 175, 212]
        15      6,029,096     22.23%    54.648    -0.34%  [9, 19, 29, 40, 51, 62, 73, 86, 97, 113, 128, 145, 162, 180, 212]
  +     16      6,015,535     21.95%    54.525    -0.22%  [9, 19, 29, 40, 51, 62, 73, 85, 96, 107, 120, 131, 147, 162, 180, 212]
        17      6,007,363     21.79%    54.451    -0.14%  [9, 19, 29, 40, 51, 62, 73, 85, 96, 107, 120, 131, 145, 159, 172, 187, 212]
        18      5,999,350     21.63%    54.378    -0.13%  [9, 19, 28, 37, 45, 54, 64, 76, 87, 97, 107, 120, 131, 145, 159, 172, 187, 212]
        19      5,993,900     21.52%    54.329    -0.09%  [9, 19, 28, 37, 45, 54, 64, 76, 87, 97, 107, 120, 129, 140, 150, 162, 175, 189, 212]
        20      5,990,618     21.45%    54.299    -0.05%  [9, 19, 28, 37, 45, 54, 64, 76, 87, 97, 107, 118, 128, 137, 147, 159, 170, 180, 193, 212]
        21      5,987,965     21.40%    54.275    -0.04%  [9, 19, 28, 37, 45, 54, 64, 76, 87, 97, 107, 118, 128, 137, 147, 156, 163, 172, 180, 193, 212]
        22      5,986,434     21.36%    54.261    -0.03%  [9, 19, 28, 37, 45, 54, 64, 76, 87, 97, 107, 118, 128, 137, 147, 156, 163, 172, 180, 188, 197, 212]
        23      5,985,050     21.34%    54.249    -0.02%  [9, 19, 28, 37, 45, 54, 63, 73, 85, 96, 106, 115, 123, 131, 140, 147, 156, 163, 172, 180, 188, 197, 212]
        24      5,984,346     21.32%    54.242    -0.01%  [9, 19, 28, 37, 45, 54, 63, 73, 85, 96, 106, 115, 123, 131, 140, 147, 156, 163, 170, 175, 181, 189, 197, 212]
        25      5,983,777     21.31%    54.237    -0.01%  [9, 19, 28, 37, 45, 54, 63, 73, 82, 89, 97, 106, 115, 123, 131, 140, 147, 156, 163, 170, 175, 181, 189, 197, 212]
        26      5,983,487     21.31%    54.235    -0.00%  [9, 19, 28, 37, 45, 54, 63, 73, 82, 89, 97, 106, 115, 123, 131, 140, 147, 156, 163, 170, 175, 180, 187, 193, 199, 212]
        27      5,983,290     21.30%    54.233    -0.00%  [9, 19, 28, 37, 45, 54, 63, 73, 82, 89, 97, 106, 115, 123, 131, 140, 147, 156, 163, 170, 175, 180, 185, 190, 197, 202, 212]
        28      5,983,216     21.30%    54.232    -0.00%  [9, 19, 28, 37, 45, 54, 63, 73, 82, 89, 97, 106, 115, 123, 131, 140, 147, 156, 163, 170, 175, 180, 185, 190, 197, 202, 207, 212]
        29      5,983,166     21.30%    54.232    -0.00%  [9, 19, 28, 37, 45, 54, 63, 73, 82, 89, 97, 106, 115, 123, 131, 140, 147, 156, 163, 170, 175, 180, 185, 189, 193, 197, 202, 207, 212]
  *     30      5,983,154     21.30%    54.232    -0.00%  [9, 19, 28, 37, 45, 54, 63, 73, 82, 89, 97, 106, 115, 123, 131, 140, 147, 156, 163, 170, 175, 180, 185, 189, 193, 197, 202, 207, 210, 212]
        31      5,983,155     21.30%    54.232    +0.00%  [9, 19, 28, 37, 45, 54, 63, 73, 82, 89, 97, 106, 115, 123, 131, 140, 147, 156, 163, 170, 175, 180, 185, 189, 193, 197, 201, 206, 209, 210, 212]
        32      5,983,156     21.30%    54.232    +0.00%  [9, 19, 28, 37, 45, 54, 63, 73, 82, 89, 97, 106, 115, 123, 131, 140, 147, 156, 163, 170, 175, 180, 185, 189, 193, 197, 201, 206, 209, 210, 211, 212]
  -> best at k=30; tested up to k=32 (interior, converged).
  legend: * = family best   + = knee

Family: fixed-1b  (k = 1..2, 2 configurations)
  tag    k           bits      vs-lb     avg/Δ    Δ-prev  payload maxima
         1     23,499,438    376.41%   213.000         —  [212]
  *      2     11,168,638    126.43%   101.233   -52.47%  [67, 212]
  -> best at k=2 = tier limit; BOUNDARY HIT -- raise --max-fixed-prefix-bits to confirm optimum.
  legend: * = family best   + = knee

Family: fixed-2b  (k = 1..4, 4 configurations)
  tag    k           bits      vs-lb     avg/Δ    Δ-prev  payload maxima
         1     23,609,764    378.65%   214.000         —  [212]
         2     11,278,964    128.66%   102.233   -52.23%  [67, 212]
         3      8,720,335     76.79%    79.042   -22.68%  [39, 97, 212]
  *      4      7,686,218     55.83%    69.668   -11.86%  [28, 67, 128, 212]
  -> best at k=4 = tier limit; BOUNDARY HIT -- raise --max-fixed-prefix-bits to confirm optimum.
  legend: * = family best   + = knee

Family: fixed-3b  (k = 1..8, 8 configurations)
  tag    k           bits      vs-lb     avg/Δ    Δ-prev  payload maxima
         1     23,720,090    380.89%   215.000         —  [212]
         2     11,389,290    130.90%   103.233   -51.98%  [67, 212]
         3      8,830,661     79.03%    80.042   -22.47%  [39, 97, 212]
         4      7,796,544     58.06%    70.668   -11.71%  [28, 67, 128, 212]
         5      7,167,077     45.30%    64.963    -8.07%  [20, 45, 78, 129, 212]
         6      6,797,226     37.80%    61.610    -5.16%  [17, 37, 63, 97, 143, 212]
         7      6,543,190     32.65%    59.308    -3.74%  [14, 28, 45, 67, 97, 143, 212]
  *      8      6,377,166     29.29%    57.803    -2.54%  [14, 28, 45, 67, 96, 128, 162, 212]
  -> best at k=8 = tier limit; BOUNDARY HIT -- raise --max-fixed-prefix-bits to confirm optimum.
  legend: * = family best   + = knee

Family: fixed-4b  (k = 1..16, 16 configurations)
  tag    k           bits      vs-lb     avg/Δ    Δ-prev  payload maxima
         1     23,830,416    383.12%   216.000         —  [212]
         2     11,499,616    133.14%   104.233   -51.74%  [67, 212]
         3      8,940,987     81.26%    81.042   -22.25%  [39, 97, 212]
         4      7,906,870     60.30%    71.668   -11.57%  [28, 67, 128, 212]
         5      7,277,403     47.54%    65.963    -7.96%  [20, 45, 78, 129, 212]
         6      6,907,552     40.04%    62.610    -5.08%  [17, 37, 63, 97, 143, 212]
         7      6,653,516     34.89%    60.308    -3.68%  [14, 28, 45, 67, 97, 143, 212]
         8      6,487,492     31.52%    58.803    -2.50%  [14, 28, 45, 67, 96, 128, 162, 212]
         9      6,337,771     28.49%    57.446    -2.31%  [9, 20, 34, 51, 72, 97, 128, 162, 212]
        10      6,219,083     26.08%    56.370    -1.87%  [9, 20, 31, 44, 60, 77, 97, 128, 162, 212]
        11      6,127,902     24.23%    55.544    -1.47%  [7, 17, 28, 39, 52, 67, 86, 106, 131, 163, 212]
        12      6,057,884     22.81%    54.909    -1.14%  [7, 16, 26, 35, 45, 59, 73, 88, 107, 131, 163, 212]
        13      6,000,828     21.66%    54.392    -0.94%  [6, 14, 20, 28, 37, 47, 60, 73, 88, 107, 131, 163, 212]
        14      5,945,659     20.54%    53.892    -0.92%  [6, 14, 20, 28, 37, 47, 60, 73, 88, 106, 127, 147, 175, 212]
        15      5,897,430     19.56%    53.455    -0.81%  [6, 14, 20, 27, 35, 44, 54, 64, 77, 91, 107, 128, 147, 175, 212]
  *     16      5,860,988     18.82%    53.124    -0.62%  [6, 14, 20, 27, 35, 43, 52, 62, 73, 85, 97, 112, 128, 147, 175, 212]
  -> best at k=16 = tier limit; BOUNDARY HIT -- raise --max-fixed-prefix-bits to confirm optimum.
  legend: * = family best   + = knee

Family: fixed-5b  (k = 1..32, 32 configurations)
  tag    k           bits      vs-lb     avg/Δ    Δ-prev  payload maxima
         1     23,940,742    385.36%   217.000         —  [212]
         2     11,609,942    135.37%   105.233   -51.51%  [67, 212]
         3      9,051,313     83.50%    82.042   -22.04%  [39, 97, 212]
         4      8,017,196     62.54%    72.668   -11.43%  [28, 67, 128, 212]
         5      7,387,729     49.77%    66.963    -7.85%  [20, 45, 78, 129, 212]
         6      7,017,878     42.28%    63.610    -5.01%  [17, 37, 63, 97, 143, 212]
         7      6,763,842     37.13%    61.308    -3.62%  [14, 28, 45, 67, 97, 143, 212]
         8      6,597,818     33.76%    59.803    -2.45%  [14, 28, 45, 67, 96, 128, 162, 212]
         9      6,448,097     30.72%    58.446    -2.27%  [9, 20, 34, 51, 72, 97, 128, 162, 212]
        10      6,329,409     28.32%    57.370    -1.84%  [9, 20, 31, 44, 60, 77, 97, 128, 162, 212]
        11      6,238,228     26.47%    56.544    -1.44%  [7, 17, 28, 39, 52, 67, 86, 106, 131, 163, 212]
        12      6,168,210     25.05%    55.909    -1.12%  [7, 16, 26, 35, 45, 59, 73, 88, 107, 131, 163, 212]
        13      6,111,154     23.89%    55.392    -0.93%  [6, 14, 20, 28, 37, 47, 60, 73, 88, 107, 131, 163, 212]
        14      6,055,985     22.78%    54.892    -0.90%  [6, 14, 20, 28, 37, 47, 60, 73, 88, 106, 127, 147, 175, 212]
        15      6,007,756     21.80%    54.455    -0.80%  [6, 14, 20, 27, 35, 44, 54, 64, 77, 91, 107, 128, 147, 175, 212]
        16      5,971,314     21.06%    54.124    -0.61%  [6, 14, 20, 27, 35, 43, 52, 62, 73, 85, 97, 112, 128, 147, 175, 212]
        17      5,936,086     20.34%    53.805    -0.59%  [4, 9, 15, 21, 28, 35, 43, 52, 62, 73, 85, 97, 112, 128, 147, 175, 212]
        18      5,905,106     19.72%    53.524    -0.52%  [4, 9, 14, 20, 26, 32, 39, 46, 54, 63, 73, 85, 97, 112, 128, 147, 175, 212]
        19      5,879,085     19.19%    53.288    -0.44%  [4, 9, 14, 20, 26, 31, 37, 44, 52, 60, 68, 77, 87, 97, 112, 128, 147, 175, 212]
        20      5,856,002     18.72%    53.079    -0.39%  [4, 9, 14, 20, 26, 31, 37, 44, 51, 59, 67, 76, 86, 96, 107, 120, 133, 153, 176, 212]
        21      5,834,256     18.28%    52.882    -0.37%  [4, 9, 14, 19, 24, 29, 34, 39, 45, 52, 60, 68, 77, 87, 97, 107, 120, 133, 153, 176, 212]
        22      5,813,410     17.86%    52.693    -0.36%  [4, 9, 14, 19, 24, 29, 34, 39, 45, 52, 60, 68, 77, 87, 97, 107, 120, 131, 146, 162, 180, 212]
        23      5,794,437     17.47%    52.521    -0.33%  [3, 7, 11, 15, 20, 25, 29, 34, 39, 45, 52, 60, 68, 77, 87, 97, 107, 120, 131, 146, 162, 180, 212]
        24      5,779,700     17.17%    52.387    -0.25%  [3, 7, 11, 15, 20, 25, 29, 34, 39, 45, 51, 57, 64, 71, 78, 87, 97, 107, 120, 131, 146, 162, 180, 212]
        25      5,766,538     16.91%    52.268    -0.23%  [3, 7, 11, 15, 19, 23, 27, 31, 35, 40, 45, 51, 57, 64, 71, 78, 87, 97, 107, 120, 131, 146, 162, 180, 212]
  +     26      5,753,800     16.65%    52.153    -0.22%  [3, 6, 9, 13, 16, 20, 25, 29, 34, 39, 44, 49, 54, 60, 67, 73, 79, 87, 97, 107, 120, 131, 146, 162, 180, 212]
        27      5,742,294     16.42%    52.048    -0.20%  [3, 6, 9, 13, 16, 20, 24, 28, 33, 37, 41, 45, 51, 57, 62, 68, 75, 82, 89, 97, 107, 120, 131, 146, 162, 180, 212]
        28      5,730,899     16.18%    51.945    -0.20%  [3, 6, 9, 13, 16, 20, 24, 28, 33, 37, 41, 45, 51, 57, 62, 68, 75, 82, 89, 97, 106, 115, 123, 133, 147, 162, 180, 212]
        29      5,720,446     15.97%    51.850    -0.18%  [2, 5, 8, 11, 14, 17, 21, 25, 29, 33, 37, 41, 45, 51, 57, 62, 68, 75, 82, 89, 97, 106, 115, 123, 133, 147, 162, 180, 212]
        30      5,710,264     15.77%    51.758    -0.18%  [2, 5, 8, 11, 14, 17, 21, 25, 29, 33, 37, 41, 45, 51, 57, 62, 67, 73, 78, 85, 91, 97, 106, 115, 123, 133, 147, 162, 180, 212]
        31      5,700,249     15.56%    51.667    -0.18%  [2, 5, 8, 11, 14, 17, 20, 24, 27, 31, 35, 39, 43, 47, 52, 57, 62, 67, 73, 78, 85, 91, 97, 106, 115, 123, 133, 147, 162, 180, 212]
  *     32      5,691,187     15.38%    51.585    -0.16%  [2, 5, 8, 11, 14, 17, 20, 24, 27, 31, 35, 39, 43, 47, 52, 57, 62, 67, 73, 78, 85, 91, 97, 106, 115, 123, 133, 146, 159, 172, 187, 212]
  -> best at k=32 = tier limit; BOUNDARY HIT -- raise --max-fixed-prefix-bits to confirm optimum.
  legend: * = family best   + = knee

Family: fixed-6b  (k = 1..64, 64 configurations)
  tag    k           bits      vs-lb     avg/Δ    Δ-prev  payload maxima
         1     24,051,068    387.60%   218.000         —  [212]
         2     11,720,268    137.61%   106.233   -51.27%  [67, 212]
         3      9,161,639     85.74%    83.042   -21.83%  [39, 97, 212]
         4      8,127,522     64.77%    73.668   -11.29%  [28, 67, 128, 212]
         5      7,498,055     52.01%    67.963    -7.74%  [20, 45, 78, 129, 212]
         6      7,128,204     44.51%    64.610    -4.93%  [17, 37, 63, 97, 143, 212]
         7      6,874,168     39.36%    62.308    -3.56%  [14, 28, 45, 67, 97, 143, 212]
         8      6,708,144     36.00%    60.803    -2.42%  [14, 28, 45, 67, 96, 128, 162, 212]
         9      6,558,423     32.96%    59.446    -2.23%  [9, 20, 34, 51, 72, 97, 128, 162, 212]
        10      6,439,735     30.55%    58.370    -1.81%  [9, 20, 31, 44, 60, 77, 97, 128, 162, 212]
        11      6,348,554     28.71%    57.544    -1.42%  [7, 17, 28, 39, 52, 67, 86, 106, 131, 163, 212]
        12      6,278,536     27.29%    56.909    -1.10%  [7, 16, 26, 35, 45, 59, 73, 88, 107, 131, 163, 212]
        13      6,221,480     26.13%    56.392    -0.91%  [6, 14, 20, 28, 37, 47, 60, 73, 88, 107, 131, 163, 212]
        14      6,166,311     25.01%    55.892    -0.89%  [6, 14, 20, 28, 37, 47, 60, 73, 88, 106, 127, 147, 175, 212]
        15      6,118,082     24.03%    55.455    -0.78%  [6, 14, 20, 27, 35, 44, 54, 64, 77, 91, 107, 128, 147, 175, 212]
        16      6,081,640     23.30%    55.124    -0.60%  [6, 14, 20, 27, 35, 43, 52, 62, 73, 85, 97, 112, 128, 147, 175, 212]
        17      6,046,412     22.58%    54.805    -0.58%  [4, 9, 15, 21, 28, 35, 43, 52, 62, 73, 85, 97, 112, 128, 147, 175, 212]
        18      6,015,432     21.95%    54.524    -0.51%  [4, 9, 14, 20, 26, 32, 39, 46, 54, 63, 73, 85, 97, 112, 128, 147, 175, 212]
        19      5,989,411     21.43%    54.288    -0.43%  [4, 9, 14, 20, 26, 31, 37, 44, 52, 60, 68, 77, 87, 97, 112, 128, 147, 175, 212]
        20      5,966,328     20.96%    54.079    -0.39%  [4, 9, 14, 20, 26, 31, 37, 44, 51, 59, 67, 76, 86, 96, 107, 120, 133, 153, 176, 212]
        21      5,944,582     20.52%    53.882    -0.36%  [4, 9, 14, 19, 24, 29, 34, 39, 45, 52, 60, 68, 77, 87, 97, 107, 120, 133, 153, 176, 212]
        22      5,923,736     20.09%    53.693    -0.35%  [4, 9, 14, 19, 24, 29, 34, 39, 45, 52, 60, 68, 77, 87, 97, 107, 120, 131, 146, 162, 180, 212]
        23      5,904,763     19.71%    53.521    -0.32%  [3, 7, 11, 15, 20, 25, 29, 34, 39, 45, 52, 60, 68, 77, 87, 97, 107, 120, 131, 146, 162, 180, 212]
        24      5,890,026     19.41%    53.387    -0.25%  [3, 7, 11, 15, 20, 25, 29, 34, 39, 45, 51, 57, 64, 71, 78, 87, 97, 107, 120, 131, 146, 162, 180, 212]
        25      5,876,864     19.14%    53.268    -0.22%  [3, 7, 11, 15, 19, 23, 27, 31, 35, 40, 45, 51, 57, 64, 71, 78, 87, 97, 107, 120, 131, 146, 162, 180, 212]
  +     26      5,864,126     18.89%    53.153    -0.22%  [3, 6, 9, 13, 16, 20, 25, 29, 34, 39, 44, 49, 54, 60, 67, 73, 79, 87, 97, 107, 120, 131, 146, 162, 180, 212]
        27      5,852,620     18.65%    53.048    -0.20%  [3, 6, 9, 13, 16, 20, 24, 28, 33, 37, 41, 45, 51, 57, 62, 68, 75, 82, 89, 97, 107, 120, 131, 146, 162, 180, 212]
        28      5,841,225     18.42%    52.945    -0.19%  [3, 6, 9, 13, 16, 20, 24, 28, 33, 37, 41, 45, 51, 57, 62, 68, 75, 82, 89, 97, 106, 115, 123, 133, 147, 162, 180, 212]
        29      5,830,772     18.21%    52.850    -0.18%  [2, 5, 8, 11, 14, 17, 21, 25, 29, 33, 37, 41, 45, 51, 57, 62, 68, 75, 82, 89, 97, 106, 115, 123, 133, 147, 162, 180, 212]
        30      5,820,590     18.00%    52.758    -0.17%  [2, 5, 8, 11, 14, 17, 21, 25, 29, 33, 37, 41, 45, 51, 57, 62, 67, 73, 78, 85, 91, 97, 106, 115, 123, 133, 147, 162, 180, 212]
        31      5,810,575     17.80%    52.667    -0.17%  [2, 5, 8, 11, 14, 17, 20, 24, 27, 31, 35, 39, 43, 47, 52, 57, 62, 67, 73, 78, 85, 91, 97, 106, 115, 123, 133, 147, 162, 180, 212]
        32      5,801,513     17.62%    52.585    -0.16%  [2, 5, 8, 11, 14, 17, 20, 24, 27, 31, 35, 39, 43, 47, 52, 57, 62, 67, 73, 78, 85, 91, 97, 106, 115, 123, 133, 146, 159, 172, 187, 212]
        33      5,793,193     17.45%    52.510    -0.14%  [2, 5, 8, 11, 14, 17, 20, 23, 26, 29, 33, 37, 41, 45, 50, 54, 59, 63, 68, 73, 78, 85, 91, 97, 106, 115, 123, 133, 146, 159, 172, 187, 212]
        34      5,785,212     17.29%    52.437    -0.14%  [2, 5, 8, 11, 14, 17, 20, 23, 26, 29, 33, 37, 41, 45, 50, 54, 59, 63, 68, 73, 78, 85, 91, 97, 106, 114, 121, 128, 137, 147, 159, 172, 187, 212]
        35      5,777,447     17.13%    52.367    -0.13%  [1, 4, 7, 10, 13, 16, 19, 22, 25, 28, 31, 34, 37, 41, 45, 50, 54, 59, 63, 68, 73, 78, 85, 91, 97, 106, 114, 121, 128, 137, 147, 159, 172, 187, 212]
        36      5,770,236     16.98%    52.302    -0.12%  [1, 4, 6, 9, 12, 14, 17, 20, 23, 26, 29, 32, 35, 39, 43, 47, 51, 55, 59, 63, 68, 73, 78, 85, 91, 97, 106, 114, 121, 128, 137, 147, 159, 172, 187, 212]
        37      5,763,932     16.85%    52.245    -0.11%  [1, 4, 6, 9, 12, 14, 17, 20, 23, 26, 28, 31, 34, 37, 40, 44, 47, 51, 55, 59, 63, 68, 73, 78, 85, 91, 97, 106, 114, 121, 128, 137, 147, 159, 172, 187, 212]
        38      5,757,828     16.73%    52.189    -0.11%  [1, 4, 6, 9, 12, 14, 17, 20, 23, 26, 28, 31, 34, 37, 40, 44, 47, 51, 55, 59, 63, 68, 73, 78, 83, 88, 93, 99, 106, 114, 121, 128, 137, 147, 159, 172, 187, 212]
        39      5,752,211     16.62%    52.138    -0.10%  [1, 3, 5, 7, 9, 12, 14, 17, 20, 23, 26, 28, 31, 34, 37, 40, 44, 47, 51, 55, 59, 63, 68, 73, 78, 83, 88, 93, 99, 106, 114, 121, 128, 137, 147, 159, 172, 187, 212]
        40      5,746,710     16.50%    52.088    -0.10%  [1, 3, 5, 7, 9, 12, 14, 17, 20, 23, 26, 28, 31, 34, 37, 40, 44, 47, 51, 55, 59, 63, 68, 73, 78, 83, 88, 93, 99, 106, 113, 120, 126, 133, 143, 153, 163, 175, 189, 212]
        41      5,741,593     16.40%    52.042    -0.09%  [1, 3, 5, 7, 9, 12, 14, 16, 18, 20, 23, 26, 28, 31, 34, 37, 40, 44, 47, 51, 55, 59, 63, 68, 73, 78, 83, 88, 93, 99, 106, 113, 120, 126, 133, 143, 153, 163, 175, 189, 212]
        42      5,736,663     16.30%    51.997    -0.09%  [1, 3, 5, 7, 9, 12, 14, 16, 18, 20, 23, 26, 28, 31, 34, 37, 40, 44, 47, 51, 55, 59, 63, 67, 72, 77, 82, 87, 92, 97, 104, 109, 115, 122, 129, 137, 145, 153, 163, 175, 189, 212]
        43      5,731,866     16.20%    51.954    -0.08%  [1, 3, 5, 7, 9, 12, 14, 16, 18, 20, 23, 26, 28, 31, 34, 37, 40, 44, 47, 51, 54, 57, 60, 64, 68, 73, 78, 83, 88, 93, 99, 106, 113, 120, 126, 132, 140, 147, 156, 163, 175, 189, 212]
        44      5,727,183     16.11%    51.911    -0.08%  [1, 3, 5, 7, 9, 12, 14, 16, 18, 20, 23, 26, 28, 31, 34, 37, 40, 44, 47, 51, 54, 57, 60, 64, 68, 73, 78, 83, 87, 92, 97, 104, 109, 115, 121, 127, 133, 140, 147, 156, 163, 175, 189, 212]
        45      5,722,535     16.01%    51.869    -0.08%  [1, 3, 5, 7, 9, 12, 14, 16, 18, 20, 23, 26, 28, 31, 34, 37, 39, 42, 45, 48, 51, 54, 57, 60, 64, 68, 73, 78, 83, 87, 92, 97, 104, 109, 115, 121, 127, 133, 140, 147, 156, 163, 175, 189, 212]
        46      5,718,262     15.93%    51.831    -0.07%  [1, 3, 5, 7, 9, 12, 14, 16, 18, 20, 22, 24, 26, 28, 31, 34, 37, 39, 42, 45, 48, 51, 54, 57, 60, 64, 68, 73, 78, 83, 87, 92, 97, 104, 109, 115, 121, 127, 133, 140, 147, 156, 163, 175, 189, 212]
        47      5,714,463     15.85%    51.796    -0.07%  [1, 3, 5, 7, 9, 11, 13, 15, 17, 19, 21, 23, 25, 27, 29, 31, 34, 37, 39, 42, 45, 48, 51, 54, 57, 60, 64, 68, 73, 78, 83, 87, 92, 97, 104, 109, 115, 121, 127, 133, 140, 147, 156, 163, 175, 189, 212]
        48      5,710,972     15.78%    51.765    -0.06%  [1, 3, 5, 7, 9, 11, 13, 15, 17, 19, 21, 23, 25, 27, 29, 31, 34, 37, 39, 42, 45, 48, 51, 54, 57, 60, 64, 68, 73, 78, 83, 87, 92, 97, 102, 107, 113, 118, 123, 128, 133, 140, 147, 156, 163, 175, 189, 212]
        49      5,707,513     15.71%    51.733    -0.06%  [1, 3, 5, 7, 9, 11, 13, 15, 17, 19, 21, 23, 25, 27, 29, 31, 34, 37, 39, 42, 45, 48, 51, 54, 57, 60, 64, 68, 72, 76, 79, 83, 87, 92, 97, 102, 107, 113, 118, 123, 128, 133, 140, 147, 156, 163, 175, 189, 212]
        50      5,704,067     15.64%    51.702    -0.06%  [1, 3, 5, 7, 9, 11, 13, 15, 17, 19, 21, 23, 25, 27, 29, 31, 34, 37, 39, 42, 45, 48, 51, 54, 57, 60, 64, 68, 72, 76, 79, 83, 87, 92, 97, 102, 107, 113, 118, 123, 128, 133, 140, 147, 156, 163, 172, 180, 193, 212]
        51      5,700,678     15.57%    51.671    -0.06%  [1, 3, 5, 7, 9, 11, 13, 15, 17, 19, 21, 23, 25, 27, 29, 31, 33, 35, 37, 39, 42, 45, 48, 51, 54, 57, 60, 64, 68, 72, 76, 79, 83, 87, 92, 97, 102, 107, 113, 118, 123, 128, 133, 140, 147, 156, 163, 172, 180, 193, 212]
        52      5,697,452     15.51%    51.642    -0.06%  [1, 3, 5, 7, 9, 11, 13, 15, 17, 19, 21, 23, 25, 27, 29, 31, 33, 35, 37, 39, 41, 43, 45, 48, 51, 54, 57, 60, 64, 68, 72, 76, 79, 83, 87, 92, 97, 102, 107, 113, 118, 123, 128, 133, 140, 147, 156, 163, 172, 180, 193, 212]
        53      5,694,281     15.44%    51.613    -0.06%  [1, 3, 5, 7, 9, 11, 13, 15, 17, 19, 21, 23, 25, 27, 29, 31, 33, 35, 37, 39, 41, 43, 45, 48, 51, 54, 57, 60, 63, 67, 71, 74, 78, 82, 85, 89, 93, 97, 102, 107, 113, 118, 123, 128, 133, 140, 147, 156, 163, 172, 180, 193, 212]
        54      5,691,387     15.38%    51.587    -0.05%  [1, 3, 5, 7, 9, 11, 13, 15, 17, 19, 21, 23, 25, 27, 29, 31, 33, 35, 37, 39, 41, 43, 45, 48, 51, 54, 57, 60, 63, 65, 68, 72, 75, 78, 82, 85, 89, 93, 97, 102, 107, 113, 118, 123, 128, 133, 140, 147, 156, 163, 172, 180, 193, 212]
        55      5,688,701     15.33%    51.563    -0.05%  [1, 3, 5, 7, 9, 11, 13, 15, 17, 19, 21, 23, 25, 27, 29, 31, 33, 35, 37, 39, 41, 43, 45, 48, 51, 54, 57, 60, 63, 65, 68, 72, 75, 78, 82, 85, 88, 92, 96, 99, 104, 108, 113, 118, 123, 128, 133, 140, 147, 156, 163, 172, 180, 193, 212]
        56      5,686,435     15.28%    51.542    -0.04%  [1, 3, 5, 7, 9, 11, 13, 15, 17, 19, 21, 23, 25, 27, 29, 31, 33, 35, 37, 39, 41, 43, 45, 47, 49, 51, 54, 57, 60, 63, 65, 68, 72, 75, 78, 82, 85, 88, 92, 96, 99, 104, 108, 113, 118, 123, 128, 133, 140, 147, 156, 163, 172, 180, 193, 212]
        57      5,684,185     15.24%    51.522    -0.04%  [1, 3, 5, 7, 9, 11, 13, 15, 17, 19, 21, 23, 25, 27, 29, 31, 33, 35, 37, 39, 41, 43, 45, 47, 49, 51, 54, 57, 60, 63, 65, 68, 72, 75, 78, 82, 85, 88, 92, 96, 99, 104, 108, 113, 118, 123, 128, 133, 140, 145, 150, 156, 163, 172, 180, 193, 212]
        58      5,682,052     15.19%    51.502    -0.04%  [1, 3, 5, 7, 9, 11, 12, 14, 16, 18, 20, 22, 24, 26, 28, 29, 31, 33, 35, 37, 39, 41, 43, 45, 47, 49, 51, 54, 57, 60, 63, 65, 68, 72, 75, 78, 82, 85, 88, 92, 96, 99, 104, 108, 113, 118, 123, 128, 133, 140, 145, 150, 156, 163, 172, 180, 193, 212]
        59      5,679,942     15.15%    51.483    -0.04%  [1, 3, 5, 7, 9, 11, 12, 14, 16, 18, 20, 22, 24, 26, 28, 29, 31, 33, 35, 37, 39, 41, 43, 45, 47, 49, 51, 54, 57, 60, 63, 65, 68, 72, 75, 78, 82, 85, 88, 92, 96, 99, 104, 107, 111, 115, 119, 123, 128, 133, 140, 145, 150, 156, 163, 172, 180, 193, 212]
        60      5,677,848     15.11%    51.464    -0.04%  [1, 3, 5, 7, 9, 11, 12, 14, 16, 18, 20, 22, 24, 26, 28, 29, 31, 33, 35, 37, 39, 41, 43, 45, 47, 49, 51, 54, 57, 60, 63, 65, 68, 71, 73, 76, 79, 82, 85, 88, 92, 96, 99, 104, 107, 111, 115, 119, 123, 128, 133, 140, 145, 150, 156, 163, 172, 180, 193, 212]
        61      5,675,851     15.07%    51.446    -0.04%  [1, 3, 5, 7, 9, 11, 12, 14, 16, 18, 20, 22, 24, 26, 28, 29, 31, 33, 35, 37, 39, 41, 43, 45, 47, 49, 51, 54, 57, 60, 63, 65, 68, 71, 73, 76, 79, 82, 85, 88, 92, 96, 99, 104, 107, 111, 115, 119, 123, 128, 133, 140, 145, 150, 156, 162, 170, 177, 187, 197, 212]
        62      5,673,925     15.03%    51.429    -0.03%  [1, 3, 5, 7, 9, 11, 12, 14, 16, 18, 20, 22, 24, 26, 28, 29, 31, 33, 35, 37, 39, 41, 43, 45, 47, 49, 51, 54, 57, 60, 63, 65, 68, 71, 73, 76, 79, 82, 85, 88, 91, 94, 97, 100, 104, 107, 111, 115, 119, 123, 128, 133, 140, 145, 150, 156, 162, 170, 177, 187, 197, 212]
        63      5,672,006     14.99%    51.411    -0.03%  [1, 3, 5, 6, 7, 9, 11, 12, 14, 16, 18, 20, 22, 24, 26, 28, 29, 31, 33, 35, 37, 39, 41, 43, 45, 47, 49, 51, 54, 57, 60, 63, 65, 68, 71, 73, 76, 79, 82, 85, 88, 91, 94, 97, 100, 104, 107, 111, 115, 119, 123, 128, 133, 140, 145, 150, 156, 162, 170, 177, 187, 197, 212]
  *     64      5,670,111     14.95%    51.394    -0.03%  [1, 3, 5, 6, 7, 9, 11, 12, 14, 15, 17, 19, 20, 22, 24, 26, 28, 29, 31, 33, 35, 37, 39, 41, 43, 45, 47, 49, 51, 54, 57, 60, 63, 65, 68, 71, 73, 76, 79, 82, 85, 88, 91, 94, 97, 100, 104, 107, 111, 115, 119, 123, 128, 133, 140, 145, 150, 156, 162, 170, 177, 187, 197, 212]
  -> best at k=64 = tier limit; BOUNDARY HIT -- raise --max-fixed-prefix-bits to confirm optimum.
  legend: * = family best   + = knee

Family: fixed-7b  (k = 1..128, 128 configurations)
  tag    k           bits      vs-lb     avg/Δ    Δ-prev  payload maxima
         1     24,161,394    389.83%   219.000         —  [212]
         2     11,830,594    139.85%   107.233   -51.04%  [67, 212]
         3      9,271,965     87.97%    84.042   -21.63%  [39, 97, 212]
         4      8,237,848     67.01%    74.668   -11.15%  [28, 67, 128, 212]
         5      7,608,381     54.25%    68.963    -7.64%  [20, 45, 78, 129, 212]
         6      7,238,530     46.75%    65.610    -4.86%  [17, 37, 63, 97, 143, 212]
         7      6,984,494     41.60%    63.308    -3.51%  [14, 28, 45, 67, 97, 143, 212]
         8      6,818,470     38.23%    61.803    -2.38%  [14, 28, 45, 67, 96, 128, 162, 212]
         9      6,668,749     35.20%    60.446    -2.20%  [9, 20, 34, 51, 72, 97, 128, 162, 212]
        10      6,550,061     32.79%    59.370    -1.78%  [9, 20, 31, 44, 60, 77, 97, 128, 162, 212]
        11      6,458,880     30.94%    58.544    -1.39%  [7, 17, 28, 39, 52, 67, 86, 106, 131, 163, 212]
        12      6,388,862     29.52%    57.909    -1.08%  [7, 16, 26, 35, 45, 59, 73, 88, 107, 131, 163, 212]
        13      6,331,806     28.37%    57.392    -0.89%  [6, 14, 20, 28, 37, 47, 60, 73, 88, 107, 131, 163, 212]
        14      6,276,637     27.25%    56.892    -0.87%  [6, 14, 20, 28, 37, 47, 60, 73, 88, 106, 127, 147, 175, 212]
        15      6,228,408     26.27%    56.455    -0.77%  [6, 14, 20, 27, 35, 44, 54, 64, 77, 91, 107, 128, 147, 175, 212]
        16      6,191,966     25.53%    56.124    -0.59%  [6, 14, 20, 27, 35, 43, 52, 62, 73, 85, 97, 112, 128, 147, 175, 212]
        17      6,156,738     24.82%    55.805    -0.57%  [4, 9, 15, 21, 28, 35, 43, 52, 62, 73, 85, 97, 112, 128, 147, 175, 212]
        18      6,125,758     24.19%    55.524    -0.50%  [4, 9, 14, 20, 26, 32, 39, 46, 54, 63, 73, 85, 97, 112, 128, 147, 175, 212]
        19      6,099,737     23.66%    55.288    -0.42%  [4, 9, 14, 20, 26, 31, 37, 44, 52, 60, 68, 77, 87, 97, 112, 128, 147, 175, 212]
        20      6,076,654     23.19%    55.079    -0.38%  [4, 9, 14, 20, 26, 31, 37, 44, 51, 59, 67, 76, 86, 96, 107, 120, 133, 153, 176, 212]
        21      6,054,908     22.75%    54.882    -0.36%  [4, 9, 14, 19, 24, 29, 34, 39, 45, 52, 60, 68, 77, 87, 97, 107, 120, 133, 153, 176, 212]
        22      6,034,062     22.33%    54.693    -0.34%  [4, 9, 14, 19, 24, 29, 34, 39, 45, 52, 60, 68, 77, 87, 97, 107, 120, 131, 146, 162, 180, 212]
        23      6,015,089     21.95%    54.521    -0.31%  [3, 7, 11, 15, 20, 25, 29, 34, 39, 45, 52, 60, 68, 77, 87, 97, 107, 120, 131, 146, 162, 180, 212]
        24      6,000,352     21.65%    54.387    -0.25%  [3, 7, 11, 15, 20, 25, 29, 34, 39, 45, 51, 57, 64, 71, 78, 87, 97, 107, 120, 131, 146, 162, 180, 212]
        25      5,987,190     21.38%    54.268    -0.22%  [3, 7, 11, 15, 19, 23, 27, 31, 35, 40, 45, 51, 57, 64, 71, 78, 87, 97, 107, 120, 131, 146, 162, 180, 212]
  +     26      5,974,452     21.12%    54.153    -0.21%  [3, 6, 9, 13, 16, 20, 25, 29, 34, 39, 44, 49, 54, 60, 67, 73, 79, 87, 97, 107, 120, 131, 146, 162, 180, 212]
        27      5,962,946     20.89%    54.048    -0.19%  [3, 6, 9, 13, 16, 20, 24, 28, 33, 37, 41, 45, 51, 57, 62, 68, 75, 82, 89, 97, 107, 120, 131, 146, 162, 180, 212]
        28      5,951,551     20.66%    53.945    -0.19%  [3, 6, 9, 13, 16, 20, 24, 28, 33, 37, 41, 45, 51, 57, 62, 68, 75, 82, 89, 97, 106, 115, 123, 133, 147, 162, 180, 212]
        29      5,941,098     20.45%    53.850    -0.18%  [2, 5, 8, 11, 14, 17, 21, 25, 29, 33, 37, 41, 45, 51, 57, 62, 68, 75, 82, 89, 97, 106, 115, 123, 133, 147, 162, 180, 212]
        30      5,930,916     20.24%    53.758    -0.17%  [2, 5, 8, 11, 14, 17, 21, 25, 29, 33, 37, 41, 45, 51, 57, 62, 67, 73, 78, 85, 91, 97, 106, 115, 123, 133, 147, 162, 180, 212]
        31      5,920,901     20.04%    53.667    -0.17%  [2, 5, 8, 11, 14, 17, 20, 24, 27, 31, 35, 39, 43, 47, 52, 57, 62, 67, 73, 78, 85, 91, 97, 106, 115, 123, 133, 147, 162, 180, 212]
        32      5,911,839     19.85%    53.585    -0.15%  [2, 5, 8, 11, 14, 17, 20, 24, 27, 31, 35, 39, 43, 47, 52, 57, 62, 67, 73, 78, 85, 91, 97, 106, 115, 123, 133, 146, 159, 172, 187, 212]
        33      5,903,519     19.68%    53.510    -0.14%  [2, 5, 8, 11, 14, 17, 20, 23, 26, 29, 33, 37, 41, 45, 50, 54, 59, 63, 68, 73, 78, 85, 91, 97, 106, 115, 123, 133, 146, 159, 172, 187, 212]
        34      5,895,538     19.52%    53.437    -0.14%  [2, 5, 8, 11, 14, 17, 20, 23, 26, 29, 33, 37, 41, 45, 50, 54, 59, 63, 68, 73, 78, 85, 91, 97, 106, 114, 121, 128, 137, 147, 159, 172, 187, 212]
        35      5,887,773     19.36%    53.367    -0.13%  [1, 4, 7, 10, 13, 16, 19, 22, 25, 28, 31, 34, 37, 41, 45, 50, 54, 59, 63, 68, 73, 78, 85, 91, 97, 106, 114, 121, 128, 137, 147, 159, 172, 187, 212]
        36      5,880,562     19.22%    53.302    -0.12%  [1, 4, 6, 9, 12, 14, 17, 20, 23, 26, 29, 32, 35, 39, 43, 47, 51, 55, 59, 63, 68, 73, 78, 85, 91, 97, 106, 114, 121, 128, 137, 147, 159, 172, 187, 212]
        37      5,874,258     19.09%    53.245    -0.11%  [1, 4, 6, 9, 12, 14, 17, 20, 23, 26, 28, 31, 34, 37, 40, 44, 47, 51, 55, 59, 63, 68, 73, 78, 85, 91, 97, 106, 114, 121, 128, 137, 147, 159, 172, 187, 212]
        38      5,868,154     18.97%    53.189    -0.10%  [1, 4, 6, 9, 12, 14, 17, 20, 23, 26, 28, 31, 34, 37, 40, 44, 47, 51, 55, 59, 63, 68, 73, 78, 83, 88, 93, 99, 106, 114, 121, 128, 137, 147, 159, 172, 187, 212]
        39      5,862,537     18.85%    53.138    -0.10%  [1, 3, 5, 7, 9, 12, 14, 17, 20, 23, 26, 28, 31, 34, 37, 40, 44, 47, 51, 55, 59, 63, 68, 73, 78, 83, 88, 93, 99, 106, 114, 121, 128, 137, 147, 159, 172, 187, 212]
        40      5,857,036     18.74%    53.088    -0.09%  [1, 3, 5, 7, 9, 12, 14, 17, 20, 23, 26, 28, 31, 34, 37, 40, 44, 47, 51, 55, 59, 63, 68, 73, 78, 83, 88, 93, 99, 106, 113, 120, 126, 133, 143, 153, 163, 175, 189, 212]
        41      5,851,919     18.64%    53.042    -0.09%  [1, 3, 5, 7, 9, 12, 14, 16, 18, 20, 23, 26, 28, 31, 34, 37, 40, 44, 47, 51, 55, 59, 63, 68, 73, 78, 83, 88, 93, 99, 106, 113, 120, 126, 133, 143, 153, 163, 175, 189, 212]
        42      5,846,989     18.54%    52.997    -0.08%  [1, 3, 5, 7, 9, 12, 14, 16, 18, 20, 23, 26, 28, 31, 34, 37, 40, 44, 47, 51, 55, 59, 63, 67, 72, 77, 82, 87, 92, 97, 104, 109, 115, 122, 129, 137, 145, 153, 163, 175, 189, 212]
        43      5,842,192     18.44%    52.954    -0.08%  [1, 3, 5, 7, 9, 12, 14, 16, 18, 20, 23, 26, 28, 31, 34, 37, 40, 44, 47, 51, 54, 57, 60, 64, 68, 73, 78, 83, 88, 93, 99, 106, 113, 120, 126, 132, 140, 147, 156, 163, 175, 189, 212]
        44      5,837,509     18.35%    52.911    -0.08%  [1, 3, 5, 7, 9, 12, 14, 16, 18, 20, 23, 26, 28, 31, 34, 37, 40, 44, 47, 51, 54, 57, 60, 64, 68, 73, 78, 83, 87, 92, 97, 104, 109, 115, 121, 127, 133, 140, 147, 156, 163, 175, 189, 212]
        45      5,832,861     18.25%    52.869    -0.08%  [1, 3, 5, 7, 9, 12, 14, 16, 18, 20, 23, 26, 28, 31, 34, 37, 39, 42, 45, 48, 51, 54, 57, 60, 64, 68, 73, 78, 83, 87, 92, 97, 104, 109, 115, 121, 127, 133, 140, 147, 156, 163, 175, 189, 212]
        46      5,828,588     18.16%    52.831    -0.07%  [1, 3, 5, 7, 9, 12, 14, 16, 18, 20, 22, 24, 26, 28, 31, 34, 37, 39, 42, 45, 48, 51, 54, 57, 60, 64, 68, 73, 78, 83, 87, 92, 97, 104, 109, 115, 121, 127, 133, 140, 147, 156, 163, 175, 189, 212]
        47      5,824,789     18.09%    52.796    -0.07%  [1, 3, 5, 7, 9, 11, 13, 15, 17, 19, 21, 23, 25, 27, 29, 31, 34, 37, 39, 42, 45, 48, 51, 54, 57, 60, 64, 68, 73, 78, 83, 87, 92, 97, 104, 109, 115, 121, 127, 133, 140, 147, 156, 163, 175, 189, 212]
        48      5,821,298     18.02%    52.765    -0.06%  [1, 3, 5, 7, 9, 11, 13, 15, 17, 19, 21, 23, 25, 27, 29, 31, 34, 37, 39, 42, 45, 48, 51, 54, 57, 60, 64, 68, 73, 78, 83, 87, 92, 97, 102, 107, 113, 118, 123, 128, 133, 140, 147, 156, 163, 175, 189, 212]
        49      5,817,839     17.95%    52.733    -0.06%  [1, 3, 5, 7, 9, 11, 13, 15, 17, 19, 21, 23, 25, 27, 29, 31, 34, 37, 39, 42, 45, 48, 51, 54, 57, 60, 64, 68, 72, 76, 79, 83, 87, 92, 97, 102, 107, 113, 118, 123, 128, 133, 140, 147, 156, 163, 175, 189, 212]
        50      5,814,393     17.88%    52.702    -0.06%  [1, 3, 5, 7, 9, 11, 13, 15, 17, 19, 21, 23, 25, 27, 29, 31, 34, 37, 39, 42, 45, 48, 51, 54, 57, 60, 64, 68, 72, 76, 79, 83, 87, 92, 97, 102, 107, 113, 118, 123, 128, 133, 140, 147, 156, 163, 172, 180, 193, 212]
        51      5,811,004     17.81%    52.671    -0.06%  [1, 3, 5, 7, 9, 11, 13, 15, 17, 19, 21, 23, 25, 27, 29, 31, 33, 35, 37, 39, 42, 45, 48, 51, 54, 57, 60, 64, 68, 72, 76, 79, 83, 87, 92, 97, 102, 107, 113, 118, 123, 128, 133, 140, 147, 156, 163, 172, 180, 193, 212]
        52      5,807,778     17.74%    52.642    -0.06%  [1, 3, 5, 7, 9, 11, 13, 15, 17, 19, 21, 23, 25, 27, 29, 31, 33, 35, 37, 39, 41, 43, 45, 48, 51, 54, 57, 60, 64, 68, 72, 76, 79, 83, 87, 92, 97, 102, 107, 113, 118, 123, 128, 133, 140, 147, 156, 163, 172, 180, 193, 212]
        53      5,804,607     17.68%    52.613    -0.05%  [1, 3, 5, 7, 9, 11, 13, 15, 17, 19, 21, 23, 25, 27, 29, 31, 33, 35, 37, 39, 41, 43, 45, 48, 51, 54, 57, 60, 63, 67, 71, 74, 78, 82, 85, 89, 93, 97, 102, 107, 113, 118, 123, 128, 133, 140, 147, 156, 163, 172, 180, 193, 212]
        54      5,801,713     17.62%    52.587    -0.05%  [1, 3, 5, 7, 9, 11, 13, 15, 17, 19, 21, 23, 25, 27, 29, 31, 33, 35, 37, 39, 41, 43, 45, 48, 51, 54, 57, 60, 63, 65, 68, 72, 75, 78, 82, 85, 89, 93, 97, 102, 107, 113, 118, 123, 128, 133, 140, 147, 156, 163, 172, 180, 193, 212]
        55      5,799,027     17.57%    52.563    -0.05%  [1, 3, 5, 7, 9, 11, 13, 15, 17, 19, 21, 23, 25, 27, 29, 31, 33, 35, 37, 39, 41, 43, 45, 48, 51, 54, 57, 60, 63, 65, 68, 72, 75, 78, 82, 85, 88, 92, 96, 99, 104, 108, 113, 118, 123, 128, 133, 140, 147, 156, 163, 172, 180, 193, 212]
        56      5,796,761     17.52%    52.542    -0.04%  [1, 3, 5, 7, 9, 11, 13, 15, 17, 19, 21, 23, 25, 27, 29, 31, 33, 35, 37, 39, 41, 43, 45, 47, 49, 51, 54, 57, 60, 63, 65, 68, 72, 75, 78, 82, 85, 88, 92, 96, 99, 104, 108, 113, 118, 123, 128, 133, 140, 147, 156, 163, 172, 180, 193, 212]
        57      5,794,511     17.47%    52.522    -0.04%  [1, 3, 5, 7, 9, 11, 13, 15, 17, 19, 21, 23, 25, 27, 29, 31, 33, 35, 37, 39, 41, 43, 45, 47, 49, 51, 54, 57, 60, 63, 65, 68, 72, 75, 78, 82, 85, 88, 92, 96, 99, 104, 108, 113, 118, 123, 128, 133, 140, 145, 150, 156, 163, 172, 180, 193, 212]
        58      5,792,378     17.43%    52.502    -0.04%  [1, 3, 5, 7, 9, 11, 12, 14, 16, 18, 20, 22, 24, 26, 28, 29, 31, 33, 35, 37, 39, 41, 43, 45, 47, 49, 51, 54, 57, 60, 63, 65, 68, 72, 75, 78, 82, 85, 88, 92, 96, 99, 104, 108, 113, 118, 123, 128, 133, 140, 145, 150, 156, 163, 172, 180, 193, 212]
        59      5,790,268     17.39%    52.483    -0.04%  [1, 3, 5, 7, 9, 11, 12, 14, 16, 18, 20, 22, 24, 26, 28, 29, 31, 33, 35, 37, 39, 41, 43, 45, 47, 49, 51, 54, 57, 60, 63, 65, 68, 72, 75, 78, 82, 85, 88, 92, 96, 99, 104, 107, 111, 115, 119, 123, 128, 133, 140, 145, 150, 156, 163, 172, 180, 193, 212]
        60      5,788,174     17.35%    52.464    -0.04%  [1, 3, 5, 7, 9, 11, 12, 14, 16, 18, 20, 22, 24, 26, 28, 29, 31, 33, 35, 37, 39, 41, 43, 45, 47, 49, 51, 54, 57, 60, 63, 65, 68, 71, 73, 76, 79, 82, 85, 88, 92, 96, 99, 104, 107, 111, 115, 119, 123, 128, 133, 140, 145, 150, 156, 163, 172, 180, 193, 212]
        61      5,786,177     17.31%    52.446    -0.03%  [1, 3, 5, 7, 9, 11, 12, 14, 16, 18, 20, 22, 24, 26, 28, 29, 31, 33, 35, 37, 39, 41, 43, 45, 47, 49, 51, 54, 57, 60, 63, 65, 68, 71, 73, 76, 79, 82, 85, 88, 92, 96, 99, 104, 107, 111, 115, 119, 123, 128, 133, 140, 145, 150, 156, 162, 170, 177, 187, 197, 212]
        62      5,784,251     17.27%    52.429    -0.03%  [1, 3, 5, 7, 9, 11, 12, 14, 16, 18, 20, 22, 24, 26, 28, 29, 31, 33, 35, 37, 39, 41, 43, 45, 47, 49, 51, 54, 57, 60, 63, 65, 68, 71, 73, 76, 79, 82, 85, 88, 91, 94, 97, 100, 104, 107, 111, 115, 119, 123, 128, 133, 140, 145, 150, 156, 162, 170, 177, 187, 197, 212]
        63      5,782,332     17.23%    52.411    -0.03%  [1, 3, 5, 6, 7, 9, 11, 12, 14, 16, 18, 20, 22, 24, 26, 28, 29, 31, 33, 35, 37, 39, 41, 43, 45, 47, 49, 51, 54, 57, 60, 63, 65, 68, 71, 73, 76, 79, 82, 85, 88, 91, 94, 97, 100, 104, 107, 111, 115, 119, 123, 128, 133, 140, 145, 150, 156, 162, 170, 177, 187, 197, 212]
        64      5,780,437     17.19%    52.394    -0.03%  [1, 3, 5, 6, 7, 9, 11, 12, 14, 15, 17, 19, 20, 22, 24, 26, 28, 29, 31, 33, 35, 37, 39, 41, 43, 45, 47, 49, 51, 54, 57, 60, 63, 65, 68, 71, 73, 76, 79, 82, 85, 88, 91, 94, 97, 100, 104, 107, 111, 115, 119, 123, 128, 133, 140, 145, 150, 156, 162, 170, 177, 187, 197, 212]
        65      5,778,552     17.15%    52.377    -0.03%  [1, 3, 5, 6, 7, 9, 11, 12, 13, 14, 15, 17, 19, 20, 22, 24, 26, 28, 29, 31, 33, 35, 37, 39, 41, 43, 45, 47, 49, 51, 54, 57, 60, 63, 65, 68, 71, 73, 76, 79, 82, 85, 88, 91, 94, 97, 100, 104, 107, 111, 115, 119, 123, 128, 133, 140, 145, 150, 156, 162, 170, 177, 187, 197, 212]
        66      5,776,705     17.11%    52.360    -0.03%  [1, 3, 5, 6, 7, 9, 11, 12, 13, 14, 15, 17, 19, 20, 22, 24, 26, 28, 29, 31, 33, 35, 37, 39, 41, 43, 45, 47, 49, 51, 53, 55, 57, 60, 63, 65, 68, 71, 73, 76, 79, 82, 85, 88, 91, 94, 97, 100, 104, 107, 111, 115, 119, 123, 128, 133, 140, 145, 150, 156, 162, 170, 177, 187, 197, 212]
        67      5,774,863     17.08%    52.344    -0.03%  [1, 3, 4, 5, 6, 7, 9, 11, 12, 13, 14, 15, 17, 19, 20, 22, 24, 26, 28, 29, 31, 33, 35, 37, 39, 41, 43, 45, 47, 49, 51, 53, 55, 57, 60, 63, 65, 68, 71, 73, 76, 79, 82, 85, 88, 91, 94, 97, 100, 104, 107, 111, 115, 119, 123, 128, 133, 140, 145, 150, 156, 162, 170, 177, 187, 197, 212]
        68      5,773,068     17.04%    52.327    -0.03%  [1, 3, 4, 5, 6, 7, 9, 11, 12, 13, 14, 15, 17, 19, 20, 22, 24, 26, 28, 29, 31, 33, 35, 37, 39, 41, 43, 45, 47, 49, 51, 53, 55, 57, 59, 61, 63, 65, 68, 71, 73, 76, 79, 82, 85, 88, 91, 94, 97, 100, 104, 107, 111, 115, 119, 123, 128, 133, 140, 145, 150, 156, 162, 170, 177, 187, 197, 212]
        69      5,771,281     17.00%    52.311    -0.03%  [1, 3, 4, 5, 6, 7, 9, 11, 12, 13, 14, 15, 17, 19, 20, 22, 24, 26, 28, 29, 31, 33, 35, 37, 39, 41, 43, 45, 47, 49, 51, 53, 55, 57, 59, 61, 63, 65, 68, 71, 73, 76, 79, 82, 85, 88, 91, 94, 97, 100, 104, 107, 111, 115, 119, 123, 128, 132, 137, 142, 147, 153, 158, 163, 170, 177, 187, 197, 212]
        70      5,769,532     16.97%    52.295    -0.03%  [1, 3, 4, 5, 6, 7, 9, 11, 12, 13, 14, 15, 16, 17, 19, 20, 22, 24, 26, 28, 29, 31, 33, 35, 37, 39, 41, 43, 45, 47, 49, 51, 53, 55, 57, 59, 61, 63, 65, 68, 71, 73, 76, 79, 82, 85, 88, 91, 94, 97, 100, 104, 107, 111, 115, 119, 123, 128, 132, 137, 142, 147, 153, 158, 163, 170, 177, 187, 197, 212]
        71      5,767,898     16.93%    52.280    -0.03%  [1, 3, 4, 5, 6, 7, 8, 9, 11, 12, 13, 14, 15, 16, 17, 19, 20, 22, 24, 26, 28, 29, 31, 33, 35, 37, 39, 41, 43, 45, 47, 49, 51, 53, 55, 57, 59, 61, 63, 65, 68, 71, 73, 76, 79, 82, 85, 88, 91, 94, 97, 100, 104, 107, 111, 115, 119, 123, 128, 132, 137, 142, 147, 153, 158, 163, 170, 177, 187, 197, 212]
        72      5,766,283     16.90%    52.266    -0.03%  [1, 3, 4, 5, 6, 7, 8, 9, 11, 12, 13, 14, 15, 16, 17, 18, 19, 20, 22, 24, 26, 28, 29, 31, 33, 35, 37, 39, 41, 43, 45, 47, 49, 51, 53, 55, 57, 59, 61, 63, 65, 68, 71, 73, 76, 79, 82, 85, 88, 91, 94, 97, 100, 104, 107, 111, 115, 119, 123, 128, 132, 137, 142, 147, 153, 158, 163, 170, 177, 187, 197, 212]
        73      5,764,683     16.87%    52.251    -0.03%  [1, 3, 4, 5, 6, 7, 8, 9, 11, 12, 13, 14, 15, 16, 17, 18, 19, 20, 22, 24, 26, 28, 29, 31, 33, 35, 37, 39, 41, 43, 45, 47, 49, 51, 53, 55, 57, 59, 61, 63, 65, 68, 71, 73, 76, 79, 82, 85, 88, 91, 94, 97, 100, 104, 107, 110, 114, 118, 122, 126, 129, 133, 137, 142, 147, 153, 158, 163, 170, 177, 187, 197, 212]
        74      5,763,117     16.84%    52.237    -0.03%  [1, 3, 4, 5, 6, 7, 8, 9, 11, 12, 13, 14, 15, 16, 17, 18, 19, 20, 22, 24, 25, 26, 28, 29, 31, 33, 35, 37, 39, 41, 43, 45, 47, 49, 51, 53, 55, 57, 59, 61, 63, 65, 68, 71, 73, 76, 79, 82, 85, 88, 91, 94, 97, 100, 104, 107, 110, 114, 118, 122, 126, 129, 133, 137, 142, 147, 153, 158, 163, 170, 177, 187, 197, 212]
        75      5,761,563     16.81%    52.223    -0.03%  [1, 3, 4, 5, 6, 7, 8, 9, 10, 11, 12, 13, 14, 15, 16, 17, 18, 19, 20, 22, 24, 25, 26, 28, 29, 31, 33, 35, 37, 39, 41, 43, 45, 47, 49, 51, 53, 55, 57, 59, 61, 63, 65, 68, 71, 73, 76, 79, 82, 85, 88, 91, 94, 97, 100, 104, 107, 110, 114, 118, 122, 126, 129, 133, 137, 142, 147, 153, 158, 163, 170, 177, 187, 197, 212]
        76      5,760,050     16.78%    52.209    -0.03%  [1, 2, 3, 4, 5, 6, 7, 8, 9, 10, 11, 12, 13, 14, 15, 16, 17, 18, 19, 20, 22, 24, 25, 26, 28, 29, 31, 33, 35, 37, 39, 41, 43, 45, 47, 49, 51, 53, 55, 57, 59, 61, 63, 65, 68, 71, 73, 76, 79, 82, 85, 88, 91, 94, 97, 100, 104, 107, 110, 114, 118, 122, 126, 129, 133, 137, 142, 147, 153, 158, 163, 170, 177, 187, 197, 212]
        77      5,758,575     16.75%    52.196    -0.03%  [1, 2, 3, 4, 5, 6, 7, 8, 9, 10, 11, 12, 13, 14, 15, 16, 17, 18, 19, 20, 22, 24, 25, 26, 28, 29, 31, 33, 35, 37, 39, 41, 43, 45, 47, 49, 51, 53, 55, 57, 59, 61, 63, 65, 67, 69, 71, 73, 76, 79, 82, 85, 88, 91, 94, 97, 100, 104, 107, 110, 114, 118, 122, 126, 129, 133, 137, 142, 147, 153, 158, 163, 170, 177, 187, 197, 212]
        78      5,757,134     16.72%    52.183    -0.03%  [1, 2, 3, 4, 5, 6, 7, 8, 9, 10, 11, 12, 13, 14, 15, 16, 17, 18, 19, 20, 22, 23, 24, 25, 26, 28, 29, 31, 33, 35, 37, 39, 41, 43, 45, 47, 49, 51, 53, 55, 57, 59, 61, 63, 65, 67, 69, 71, 73, 76, 79, 82, 85, 88, 91, 94, 97, 100, 104, 107, 110, 114, 118, 122, 126, 129, 133, 137, 142, 147, 153, 158, 163, 170, 177, 187, 197, 212]
        79      5,755,731     16.69%    52.170    -0.02%  [1, 2, 3, 4, 5, 6, 7, 8, 9, 10, 11, 12, 13, 14, 15, 16, 17, 18, 19, 20, 22, 23, 24, 25, 26, 28, 29, 31, 33, 34, 35, 37, 39, 41, 43, 45, 47, 49, 51, 53, 55, 57, 59, 61, 63, 65, 67, 69, 71, 73, 76, 79, 82, 85, 88, 91, 94, 97, 100, 104, 107, 110, 114, 118, 122, 126, 129, 133, 137, 142, 147, 153, 158, 163, 170, 177, 187, 197, 212]
        80      5,754,387     16.66%    52.158    -0.02%  [1, 2, 3, 4, 5, 6, 7, 8, 9, 10, 11, 12, 13, 14, 15, 16, 17, 18, 19, 20, 22, 23, 24, 25, 26, 27, 28, 29, 31, 33, 34, 35, 37, 39, 41, 43, 45, 47, 49, 51, 53, 55, 57, 59, 61, 63, 65, 67, 69, 71, 73, 76, 79, 82, 85, 88, 91, 94, 97, 100, 104, 107, 110, 114, 118, 122, 126, 129, 133, 137, 142, 147, 153, 158, 163, 170, 177, 187, 197, 212]
        81      5,753,076     16.63%    52.146    -0.02%  [1, 2, 3, 4, 5, 6, 7, 8, 9, 10, 11, 12, 13, 14, 15, 16, 17, 18, 19, 20, 21, 22, 23, 24, 25, 26, 27, 28, 29, 31, 33, 34, 35, 37, 39, 41, 43, 45, 47, 49, 51, 53, 55, 57, 59, 61, 63, 65, 67, 69, 71, 73, 76, 79, 82, 85, 88, 91, 94, 97, 100, 104, 107, 110, 114, 118, 122, 126, 129, 133, 137, 142, 147, 153, 158, 163, 170, 177, 187, 197, 212]
        82      5,751,765     16.61%    52.134    -0.02%  [1, 2, 3, 4, 5, 6, 7, 8, 9, 10, 11, 12, 13, 14, 15, 16, 17, 18, 19, 20, 21, 22, 23, 24, 25, 26, 27, 28, 29, 31, 33, 34, 35, 37, 39, 41, 43, 45, 47, 49, 51, 53, 55, 57, 59, 61, 63, 65, 67, 69, 71, 73, 76, 79, 82, 85, 88, 91, 94, 97, 100, 104, 107, 110, 114, 118, 122, 126, 129, 133, 137, 142, 147, 153, 158, 163, 170, 175, 180, 187, 197, 212]
        83      5,750,488     16.58%    52.123    -0.02%  [1, 2, 3, 4, 5, 6, 7, 8, 9, 10, 11, 12, 13, 14, 15, 16, 17, 18, 19, 20, 21, 22, 23, 24, 25, 26, 27, 28, 29, 31, 33, 34, 35, 37, 39, 41, 43, 45, 47, 49, 51, 53, 55, 57, 59, 61, 63, 65, 67, 69, 71, 73, 76, 79, 82, 85, 88, 91, 94, 97, 100, 104, 107, 110, 113, 116, 120, 123, 126, 129, 133, 137, 142, 147, 153, 158, 163, 170, 175, 180, 187, 197, 212]
        84      5,749,249     16.56%    52.111    -0.02%  [1, 2, 3, 4, 5, 6, 7, 8, 9, 10, 11, 12, 13, 14, 15, 16, 17, 18, 19, 20, 21, 22, 23, 24, 25, 26, 27, 28, 29, 31, 33, 34, 35, 37, 39, 41, 43, 45, 47, 49, 51, 53, 55, 57, 59, 61, 63, 65, 67, 69, 71, 73, 76, 79, 82, 84, 86, 88, 91, 94, 97, 100, 104, 107, 110, 113, 116, 120, 123, 126, 129, 133, 137, 142, 147, 153, 158, 163, 170, 175, 180, 187, 197, 212]
        85      5,748,040     16.53%    52.101    -0.02%  [1, 2, 3, 4, 5, 6, 7, 8, 9, 10, 11, 12, 13, 14, 15, 16, 17, 18, 19, 20, 21, 22, 23, 24, 25, 26, 27, 28, 29, 31, 32, 33, 34, 35, 37, 39, 41, 43, 45, 47, 49, 51, 53, 55, 57, 59, 61, 63, 65, 67, 69, 71, 73, 76, 79, 82, 84, 86, 88, 91, 94, 97, 100, 104, 107, 110, 113, 116, 120, 123, 126, 129, 133, 137, 142, 147, 153, 158, 163, 170, 175, 180, 187, 197, 212]
        86      5,746,847     16.51%    52.090    -0.02%  [1, 2, 3, 4, 5, 6, 7, 8, 9, 10, 11, 12, 13, 14, 15, 16, 17, 18, 19, 20, 21, 22, 23, 24, 25, 26, 27, 28, 29, 31, 32, 33, 34, 35, 37, 39, 41, 43, 45, 47, 49, 51, 53, 55, 57, 59, 61, 63, 65, 67, 69, 71, 73, 76, 79, 82, 84, 86, 88, 91, 94, 97, 100, 104, 107, 110, 113, 116, 120, 123, 126, 129, 133, 137, 140, 143, 147, 153, 158, 163, 170, 175, 180, 187, 197, 212]
        87      5,745,675     16.48%    52.079    -0.02%  [1, 2, 3, 4, 5, 6, 7, 8, 9, 10, 11, 12, 13, 14, 15, 16, 17, 18, 19, 20, 21, 22, 23, 24, 25, 26, 27, 28, 29, 31, 32, 33, 34, 35, 37, 39, 41, 43, 45, 47, 49, 51, 53, 55, 57, 59, 61, 63, 65, 67, 69, 71, 73, 75, 77, 79, 82, 84, 86, 88, 91, 94, 97, 100, 104, 107, 110, 113, 116, 120, 123, 126, 129, 133, 137, 140, 143, 147, 153, 158, 163, 170, 175, 180, 187, 197, 212]
        88      5,744,576     16.46%    52.069    -0.02%  [1, 2, 3, 4, 5, 6, 7, 8, 9, 10, 11, 12, 13, 14, 15, 16, 17, 18, 19, 20, 21, 22, 23, 24, 25, 26, 27, 28, 29, 30, 31, 32, 33, 34, 35, 37, 39, 41, 43, 45, 47, 49, 51, 53, 55, 57, 59, 61, 63, 65, 67, 69, 71, 73, 75, 77, 79, 82, 84, 86, 88, 91, 94, 97, 100, 104, 107, 110, 113, 116, 120, 123, 126, 129, 133, 137, 140, 143, 147, 153, 158, 163, 170, 175, 180, 187, 197, 212]
        89      5,743,477     16.44%    52.059    -0.02%  [1, 2, 3, 4, 5, 6, 7, 8, 9, 10, 11, 12, 13, 14, 15, 16, 17, 18, 19, 20, 21, 22, 23, 24, 25, 26, 27, 28, 29, 30, 31, 32, 33, 34, 35, 37, 39, 41, 43, 45, 47, 49, 51, 53, 55, 57, 59, 61, 63, 65, 67, 69, 71, 73, 75, 77, 79, 82, 84, 86, 88, 91, 93, 96, 99, 102, 104, 107, 110, 113, 116, 120, 123, 126, 129, 133, 137, 140, 143, 147, 153, 158, 163, 170, 175, 180, 187, 197, 212]
        90      5,742,380     16.42%    52.049    -0.02%  [1, 2, 3, 4, 5, 6, 7, 8, 9, 10, 11, 12, 13, 14, 15, 16, 17, 18, 19, 20, 21, 22, 23, 24, 25, 26, 27, 28, 29, 30, 31, 32, 33, 34, 35, 36, 37, 39, 41, 43, 45, 47, 49, 51, 53, 55, 57, 59, 61, 63, 65, 67, 69, 71, 73, 75, 77, 79, 82, 84, 86, 88, 91, 93, 96, 99, 102, 104, 107, 110, 113, 116, 120, 123, 126, 129, 133, 137, 140, 143, 147, 153, 158, 163, 170, 175, 180, 187, 197, 212]
        91      5,741,318     16.40%    52.040    -0.02%  [1, 2, 3, 4, 5, 6, 7, 8, 9, 10, 11, 12, 13, 14, 15, 16, 17, 18, 19, 20, 21, 22, 23, 24, 25, 26, 27, 28, 29, 30, 31, 32, 33, 34, 35, 36, 37, 39, 41, 43, 44, 45, 47, 49, 51, 53, 55, 57, 59, 61, 63, 65, 67, 69, 71, 73, 75, 77, 79, 82, 84, 86, 88, 91, 93, 96, 99, 102, 104, 107, 110, 113, 116, 120, 123, 126, 129, 133, 137, 140, 143, 147, 153, 158, 163, 170, 175, 180, 187, 197, 212]
        92      5,740,292     16.37%    52.030    -0.02%  [1, 2, 3, 4, 5, 6, 7, 8, 9, 10, 11, 12, 13, 14, 15, 16, 17, 18, 19, 20, 21, 22, 23, 24, 25, 26, 27, 28, 29, 30, 31, 32, 33, 34, 35, 36, 37, 39, 40, 41, 43, 44, 45, 47, 49, 51, 53, 55, 57, 59, 61, 63, 65, 67, 69, 71, 73, 75, 77, 79, 82, 84, 86, 88, 91, 93, 96, 99, 102, 104, 107, 110, 113, 116, 120, 123, 126, 129, 133, 137, 140, 143, 147, 153, 158, 163, 170, 175, 180, 187, 197, 212]
        93      5,739,274     16.35%    52.021    -0.02%  [1, 2, 3, 4, 5, 6, 7, 8, 9, 10, 11, 12, 13, 14, 15, 16, 17, 18, 19, 20, 21, 22, 23, 24, 25, 26, 27, 28, 29, 30, 31, 32, 33, 34, 35, 36, 37, 39, 40, 41, 43, 44, 45, 47, 49, 51, 53, 55, 57, 59, 61, 63, 65, 67, 69, 71, 73, 75, 77, 79, 82, 84, 86, 88, 91, 93, 96, 99, 102, 104, 106, 109, 112, 115, 118, 120, 123, 126, 129, 133, 137, 140, 143, 147, 153, 158, 163, 170, 175, 180, 187, 197, 212]
        94      5,738,264     16.33%    52.012    -0.02%  [1, 2, 3, 4, 5, 6, 7, 8, 9, 10, 11, 12, 13, 14, 15, 16, 17, 18, 19, 20, 21, 22, 23, 24, 25, 26, 27, 28, 29, 30, 31, 32, 33, 34, 35, 36, 37, 38, 39, 40, 41, 43, 44, 45, 47, 49, 51, 53, 55, 57, 59, 61, 63, 65, 67, 69, 71, 73, 75, 77, 79, 82, 84, 86, 88, 91, 93, 96, 99, 102, 104, 106, 109, 112, 115, 118, 120, 123, 126, 129, 133, 137, 140, 143, 147, 153, 158, 163, 170, 175, 180, 187, 197, 212]
        95      5,737,281     16.31%    52.003    -0.02%  [1, 2, 3, 4, 5, 6, 7, 8, 9, 10, 11, 12, 13, 14, 15, 16, 17, 18, 19, 20, 21, 22, 23, 24, 25, 26, 27, 28, 29, 30, 31, 32, 33, 34, 35, 36, 37, 38, 39, 40, 41, 43, 44, 45, 47, 49, 51, 53, 55, 57, 59, 61, 63, 65, 67, 69, 71, 73, 75, 77, 79, 82, 84, 86, 88, 91, 93, 96, 99, 102, 104, 106, 109, 112, 115, 118, 120, 123, 126, 129, 133, 137, 140, 143, 147, 151, 155, 159, 163, 170, 175, 180, 187, 197, 212]
        96      5,736,306     16.29%    51.994    -0.02%  [1, 2, 3, 4, 5, 6, 7, 8, 9, 10, 11, 12, 13, 14, 15, 16, 17, 18, 19, 20, 21, 22, 23, 24, 25, 26, 27, 28, 29, 30, 31, 32, 33, 34, 35, 36, 37, 38, 39, 40, 41, 43, 44, 45, 47, 49, 51, 53, 55, 57, 59, 61, 63, 65, 67, 69, 71, 73, 75, 77, 79, 82, 84, 86, 88, 91, 93, 95, 97, 99, 102, 104, 106, 109, 112, 115, 118, 120, 123, 126, 129, 133, 137, 140, 143, 147, 151, 155, 159, 163, 170, 175, 180, 187, 197, 212]
        97      5,735,359     16.27%    51.986    -0.02%  [1, 2, 3, 4, 5, 6, 7, 8, 9, 10, 11, 12, 13, 14, 15, 16, 17, 18, 19, 20, 21, 22, 23, 24, 25, 26, 27, 28, 29, 30, 31, 32, 33, 34, 35, 36, 37, 38, 39, 40, 41, 42, 43, 44, 45, 47, 49, 51, 53, 55, 57, 59, 61, 63, 65, 67, 69, 71, 73, 75, 77, 79, 82, 84, 86, 88, 91, 93, 95, 97, 99, 102, 104, 106, 109, 112, 115, 118, 120, 123, 126, 129, 133, 137, 140, 143, 147, 151, 155, 159, 163, 170, 175, 180, 187, 197, 212]
        98      5,734,480     16.26%    51.978    -0.02%  [1, 2, 3, 4, 5, 6, 7, 8, 9, 10, 11, 12, 13, 14, 15, 16, 17, 18, 19, 20, 21, 22, 23, 24, 25, 26, 27, 28, 29, 30, 31, 32, 33, 34, 35, 36, 37, 38, 39, 40, 41, 42, 43, 44, 45, 47, 49, 51, 53, 55, 57, 59, 60, 62, 63, 65, 67, 69, 71, 73, 75, 77, 79, 82, 84, 86, 88, 91, 93, 95, 97, 99, 102, 104, 106, 109, 112, 115, 118, 120, 123, 126, 129, 133, 137, 140, 143, 147, 151, 155, 159, 163, 170, 175, 180, 187, 197, 212]
        99      5,733,638     16.24%    51.970    -0.01%  [1, 2, 3, 4, 5, 6, 7, 8, 9, 10, 11, 12, 13, 14, 15, 16, 17, 18, 19, 20, 21, 22, 23, 24, 25, 26, 27, 28, 29, 30, 31, 32, 33, 34, 35, 36, 37, 38, 39, 40, 41, 42, 43, 44, 45, 47, 48, 50, 51, 53, 55, 57, 59, 60, 62, 63, 65, 67, 69, 71, 73, 75, 77, 79, 82, 84, 86, 88, 91, 93, 95, 97, 99, 102, 104, 106, 109, 112, 115, 118, 120, 123, 126, 129, 133, 137, 140, 143, 147, 151, 155, 159, 163, 170, 175, 180, 187, 197, 212]
       100      5,732,814     16.22%    51.962    -0.01%  [1, 2, 3, 4, 5, 6, 7, 8, 9, 10, 11, 12, 13, 14, 15, 16, 17, 18, 19, 20, 21, 22, 23, 24, 25, 26, 27, 28, 29, 30, 31, 32, 33, 34, 35, 36, 37, 38, 39, 40, 41, 42, 43, 44, 45, 47, 48, 50, 51, 53, 55, 57, 59, 60, 62, 63, 65, 67, 69, 71, 73, 75, 77, 79, 81, 83, 85, 87, 89, 91, 93, 95, 97, 99, 102, 104, 106, 109, 112, 115, 118, 120, 123, 126, 129, 133, 137, 140, 143, 147, 151, 155, 159, 163, 170, 175, 180, 187, 197, 212]
       101      5,731,993     16.21%    51.955    -0.01%  [1, 2, 3, 4, 5, 6, 7, 8, 9, 10, 11, 12, 13, 14, 15, 16, 17, 18, 19, 20, 21, 22, 23, 24, 25, 26, 27, 28, 29, 30, 31, 32, 33, 34, 35, 36, 37, 38, 39, 40, 41, 42, 43, 44, 45, 47, 48, 50, 51, 52, 54, 55, 57, 59, 60, 62, 63, 65, 67, 69, 71, 73, 75, 77, 79, 81, 83, 85, 87, 89, 91, 93, 95, 97, 99, 102, 104, 106, 109, 112, 115, 118, 120, 123, 126, 129, 133, 137, 140, 143, 147, 151, 155, 159, 163, 170, 175, 180, 187, 197, 212]
       102      5,731,199     16.19%    51.948    -0.01%  [1, 2, 3, 4, 5, 6, 7, 8, 9, 10, 11, 12, 13, 14, 15, 16, 17, 18, 19, 20, 21, 22, 23, 24, 25, 26, 27, 28, 29, 30, 31, 32, 33, 34, 35, 36, 37, 38, 39, 40, 41, 42, 43, 44, 45, 47, 48, 50, 51, 52, 54, 55, 57, 59, 60, 62, 63, 65, 67, 69, 71, 73, 75, 77, 79, 81, 83, 85, 87, 89, 91, 93, 95, 97, 99, 102, 104, 106, 109, 112, 115, 118, 120, 123, 126, 129, 133, 137, 140, 143, 147, 150, 153, 157, 162, 166, 170, 175, 180, 187, 197, 212]
       103      5,730,432     16.17%    51.941    -0.01%  [1, 2, 3, 4, 5, 6, 7, 8, 9, 10, 11, 12, 13, 14, 15, 16, 17, 18, 19, 20, 21, 22, 23, 24, 25, 26, 27, 28, 29, 30, 31, 32, 33, 34, 35, 36, 37, 38, 39, 40, 41, 42, 43, 44, 45, 46, 47, 48, 50, 51, 52, 54, 55, 57, 59, 60, 62, 63, 65, 67, 69, 71, 73, 75, 77, 79, 81, 83, 85, 87, 89, 91, 93, 95, 97, 99, 102, 104, 106, 109, 112, 115, 118, 120, 123, 126, 129, 133, 137, 140, 143, 147, 150, 153, 157, 162, 166, 170, 175, 180, 187, 197, 212]
       104      5,729,665     16.16%    51.934    -0.01%  [1, 2, 3, 4, 5, 6, 7, 8, 9, 10, 11, 12, 13, 14, 15, 16, 17, 18, 19, 20, 21, 22, 23, 24, 25, 26, 27, 28, 29, 30, 31, 32, 33, 34, 35, 36, 37, 38, 39, 40, 41, 42, 43, 44, 45, 46, 47, 48, 50, 51, 52, 54, 55, 57, 59, 60, 62, 63, 65, 67, 69, 71, 73, 75, 77, 79, 81, 83, 85, 87, 89, 91, 93, 95, 97, 99, 102, 104, 106, 109, 112, 115, 118, 120, 123, 126, 128, 131, 133, 137, 140, 143, 147, 150, 153, 157, 162, 166, 170, 175, 180, 187, 197, 212]
       105      5,728,927     16.14%    51.927    -0.01%  [1, 2, 3, 4, 5, 6, 7, 8, 9, 10, 11, 12, 13, 14, 15, 16, 17, 18, 19, 20, 21, 22, 23, 24, 25, 26, 27, 28, 29, 30, 31, 32, 33, 34, 35, 36, 37, 38, 39, 40, 41, 42, 43, 44, 45, 46, 47, 48, 49, 50, 51, 52, 54, 55, 57, 59, 60, 62, 63, 65, 67, 69, 71, 73, 75, 77, 79, 81, 83, 85, 87, 89, 91, 93, 95, 97, 99, 102, 104, 106, 109, 112, 115, 118, 120, 123, 126, 128, 131, 133, 137, 140, 143, 147, 150, 153, 157, 162, 166, 170, 175, 180, 187, 197, 212]
       106      5,728,211     16.13%    51.921    -0.01%  [1, 2, 3, 4, 5, 6, 7, 8, 9, 10, 11, 12, 13, 14, 15, 16, 17, 18, 19, 20, 21, 22, 23, 24, 25, 26, 27, 28, 29, 30, 31, 32, 33, 34, 35, 36, 37, 38, 39, 40, 41, 42, 43, 44, 45, 46, 47, 48, 49, 50, 51, 52, 54, 55, 57, 59, 60, 62, 63, 65, 67, 69, 71, 73, 75, 77, 79, 81, 83, 85, 87, 89, 91, 93, 95, 97, 99, 102, 104, 106, 109, 112, 115, 118, 120, 123, 126, 128, 131, 133, 137, 140, 143, 147, 150, 153, 156, 159, 162, 166, 170, 175, 180, 187, 197, 212]
       107      5,727,502     16.12%    51.914    -0.01%  [1, 2, 3, 4, 5, 6, 7, 8, 9, 10, 11, 12, 13, 14, 15, 16, 17, 18, 19, 20, 21, 22, 23, 24, 25, 26, 27, 28, 29, 30, 31, 32, 33, 34, 35, 36, 37, 38, 39, 40, 41, 42, 43, 44, 45, 46, 47, 48, 49, 50, 51, 52, 54, 55, 57, 59, 60, 62, 63, 65, 67, 69, 71, 73, 75, 76, 78, 80, 82, 84, 85, 87, 89, 91, 93, 95, 97, 99, 102, 104, 106, 109, 112, 115, 118, 120, 123, 126, 128, 131, 133, 137, 140, 143, 147, 150, 153, 156, 159, 162, 166, 170, 175, 180, 187, 197, 212]
       108      5,726,828     16.10%    51.908    -0.01%  [1, 2, 3, 4, 5, 6, 7, 8, 9, 10, 11, 12, 13, 14, 15, 16, 17, 18, 19, 20, 21, 22, 23, 24, 25, 26, 27, 28, 29, 30, 31, 32, 33, 34, 35, 36, 37, 38, 39, 40, 41, 42, 43, 44, 45, 46, 47, 48, 49, 50, 51, 52, 54, 55, 57, 58, 59, 60, 62, 63, 65, 67, 69, 71, 73, 75, 76, 78, 80, 82, 84, 85, 87, 89, 91, 93, 95, 97, 99, 102, 104, 106, 109, 112, 115, 118, 120, 123, 126, 128, 131, 133, 137, 140, 143, 147, 150, 153, 156, 159, 162, 166, 170, 175, 180, 187, 197, 212]
       109      5,726,170     16.09%    51.902    -0.01%  [1, 2, 3, 4, 5, 6, 7, 8, 9, 10, 11, 12, 13, 14, 15, 16, 17, 18, 19, 20, 21, 22, 23, 24, 25, 26, 27, 28, 29, 30, 31, 32, 33, 34, 35, 36, 37, 38, 39, 40, 41, 42, 43, 44, 45, 46, 47, 48, 49, 50, 51, 52, 53, 54, 55, 57, 58, 59, 60, 62, 63, 65, 67, 69, 71, 73, 75, 76, 78, 80, 82, 84, 85, 87, 89, 91, 93, 95, 97, 99, 102, 104, 106, 109, 112, 115, 118, 120, 123, 126, 128, 131, 133, 137, 140, 143, 147, 150, 153, 156, 159, 162, 166, 170, 175, 180, 187, 197, 212]
       110      5,725,544     16.08%    51.897    -0.01%  [1, 2, 3, 4, 5, 6, 7, 8, 9, 10, 11, 12, 13, 14, 15, 16, 17, 18, 19, 20, 21, 22, 23, 24, 25, 26, 27, 28, 29, 30, 31, 32, 33, 34, 35, 36, 37, 38, 39, 40, 41, 42, 43, 44, 45, 46, 47, 48, 49, 50, 51, 52, 53, 54, 55, 57, 58, 59, 60, 62, 63, 65, 67, 69, 71, 73, 75, 76, 78, 80, 82, 84, 85, 87, 89, 91, 93, 95, 97, 99, 102, 104, 106, 108, 110, 113, 115, 118, 120, 123, 126, 128, 131, 133, 137, 140, 143, 147, 150, 153, 156, 159, 162, 166, 170, 175, 180, 187, 197, 212]
       111      5,724,942     16.06%    51.891    -0.01%  [1, 2, 3, 4, 5, 6, 7, 8, 9, 10, 11, 12, 13, 14, 15, 16, 17, 18, 19, 20, 21, 22, 23, 24, 25, 26, 27, 28, 29, 30, 31, 32, 33, 34, 35, 36, 37, 38, 39, 40, 41, 42, 43, 44, 45, 46, 47, 48, 49, 50, 51, 52, 53, 54, 55, 57, 58, 59, 60, 62, 63, 65, 67, 69, 71, 73, 75, 76, 78, 80, 82, 84, 85, 87, 89, 91, 93, 95, 97, 99, 102, 104, 106, 108, 110, 113, 115, 118, 120, 122, 124, 126, 128, 131, 133, 137, 140, 143, 147, 150, 153, 156, 159, 162, 166, 170, 175, 180, 187, 197, 212]
       112      5,724,348     16.05%    51.886    -0.01%  [1, 2, 3, 4, 5, 6, 7, 8, 9, 10, 11, 12, 13, 14, 15, 16, 17, 18, 19, 20, 21, 22, 23, 24, 25, 26, 27, 28, 29, 30, 31, 32, 33, 34, 35, 36, 37, 38, 39, 40, 41, 42, 43, 44, 45, 46, 47, 48, 49, 50, 51, 52, 53, 54, 55, 57, 58, 59, 60, 62, 63, 64, 66, 67, 69, 71, 73, 75, 76, 78, 80, 82, 84, 85, 87, 89, 91, 93, 95, 97, 99, 102, 104, 106, 108, 110, 113, 115, 118, 120, 122, 124, 126, 128, 131, 133, 137, 140, 143, 147, 150, 153, 156, 159, 162, 166, 170, 175, 180, 187, 197, 212]
       113      5,723,758     16.04%    51.880    -0.01%  [1, 2, 3, 4, 5, 6, 7, 8, 9, 10, 11, 12, 13, 14, 15, 16, 17, 18, 19, 20, 21, 22, 23, 24, 25, 26, 27, 28, 29, 30, 31, 32, 33, 34, 35, 36, 37, 38, 39, 40, 41, 42, 43, 44, 45, 46, 47, 48, 49, 50, 51, 52, 53, 54, 55, 57, 58, 59, 60, 62, 63, 64, 66, 67, 69, 71, 72, 73, 75, 76, 78, 80, 82, 84, 85, 87, 89, 91, 93, 95, 97, 99, 102, 104, 106, 108, 110, 113, 115, 118, 120, 122, 124, 126, 128, 131, 133, 137, 140, 143, 147, 150, 153, 156, 159, 162, 166, 170, 175, 180, 187, 197, 212]
       114      5,723,183     16.03%    51.875    -0.01%  [1, 2, 3, 4, 5, 6, 7, 8, 9, 10, 11, 12, 13, 14, 15, 16, 17, 18, 19, 20, 21, 22, 23, 24, 25, 26, 27, 28, 29, 30, 31, 32, 33, 34, 35, 36, 37, 38, 39, 40, 41, 42, 43, 44, 45, 46, 47, 48, 49, 50, 51, 52, 53, 54, 55, 57, 58, 59, 60, 62, 63, 64, 66, 67, 69, 71, 72, 73, 75, 76, 78, 80, 82, 84, 85, 87, 89, 91, 93, 95, 97, 99, 102, 104, 106, 108, 110, 113, 115, 118, 120, 122, 124, 126, 128, 131, 133, 137, 140, 143, 147, 150, 153, 156, 159, 162, 166, 169, 172, 176, 181, 188, 197, 212]
       115      5,722,613     16.02%    51.870    -0.01%  [1, 2, 3, 4, 5, 6, 7, 8, 9, 10, 11, 12, 13, 14, 15, 16, 17, 18, 19, 20, 21, 22, 23, 24, 25, 26, 27, 28, 29, 30, 31, 32, 33, 34, 35, 36, 37, 38, 39, 40, 41, 42, 43, 44, 45, 46, 47, 48, 49, 50, 51, 52, 53, 54, 55, 56, 57, 58, 59, 60, 62, 63, 64, 66, 67, 69, 71, 72, 73, 75, 76, 78, 80, 82, 84, 85, 87, 89, 91, 93, 95, 97, 99, 102, 104, 106, 108, 110, 113, 115, 118, 120, 122, 124, 126, 128, 131, 133, 137, 140, 143, 147, 150, 153, 156, 159, 162, 166, 169, 172, 176, 181, 188, 197, 212]
       116      5,722,067     16.01%    51.865    -0.01%  [1, 2, 3, 4, 5, 6, 7, 8, 9, 10, 11, 12, 13, 14, 15, 16, 17, 18, 19, 20, 21, 22, 23, 24, 25, 26, 27, 28, 29, 30, 31, 32, 33, 34, 35, 36, 37, 38, 39, 40, 41, 42, 43, 44, 45, 46, 47, 48, 49, 50, 51, 52, 53, 54, 55, 56, 57, 58, 59, 60, 62, 63, 64, 66, 67, 69, 71, 72, 73, 75, 76, 78, 80, 82, 84, 85, 87, 89, 91, 93, 95, 97, 99, 102, 104, 106, 108, 110, 112, 114, 116, 118, 120, 122, 124, 126, 128, 131, 133, 137, 140, 143, 147, 150, 153, 156, 159, 162, 166, 169, 172, 176, 181, 188, 197, 212]
       117      5,721,526     15.99%    51.860    -0.01%  [1, 2, 3, 4, 5, 6, 7, 8, 9, 10, 11, 12, 13, 14, 15, 16, 17, 18, 19, 20, 21, 22, 23, 24, 25, 26, 27, 28, 29, 30, 31, 32, 33, 34, 35, 36, 37, 38, 39, 40, 41, 42, 43, 44, 45, 46, 47, 48, 49, 50, 51, 52, 53, 54, 55, 56, 57, 58, 59, 60, 61, 62, 63, 64, 66, 67, 69, 71, 72, 73, 75, 76, 78, 80, 82, 84, 85, 87, 89, 91, 93, 95, 97, 99, 102, 104, 106, 108, 110, 112, 114, 116, 118, 120, 122, 124, 126, 128, 131, 133, 137, 140, 143, 147, 150, 153, 156, 159, 162, 166, 169, 172, 176, 181, 188, 197, 212]
       118      5,720,986     15.98%    51.855    -0.01%  [1, 2, 3, 4, 5, 6, 7, 8, 9, 10, 11, 12, 13, 14, 15, 16, 17, 18, 19, 20, 21, 22, 23, 24, 25, 26, 27, 28, 29, 30, 31, 32, 33, 34, 35, 36, 37, 38, 39, 40, 41, 42, 43, 44, 45, 46, 47, 48, 49, 50, 51, 52, 53, 54, 55, 56, 57, 58, 59, 60, 61, 62, 63, 64, 65, 66, 67, 69, 71, 72, 73, 75, 76, 78, 80, 82, 84, 85, 87, 89, 91, 93, 95, 97, 99, 102, 104, 106, 108, 110, 112, 114, 116, 118, 120, 122, 124, 126, 128, 131, 133, 137, 140, 143, 147, 150, 153, 156, 159, 162, 166, 169, 172, 176, 181, 188, 197, 212]
       119      5,720,457     15.97%    51.850    -0.01%  [1, 2, 3, 4, 5, 6, 7, 8, 9, 10, 11, 12, 13, 14, 15, 16, 17, 18, 19, 20, 21, 22, 23, 24, 25, 26, 27, 28, 29, 30, 31, 32, 33, 34, 35, 36, 37, 38, 39, 40, 41, 42, 43, 44, 45, 46, 47, 48, 49, 50, 51, 52, 53, 54, 55, 56, 57, 58, 59, 60, 61, 62, 63, 64, 65, 66, 67, 68, 70, 71, 72, 73, 75, 76, 78, 80, 82, 84, 85, 87, 89, 91, 93, 95, 97, 99, 102, 104, 106, 108, 110, 112, 114, 116, 118, 120, 122, 124, 126, 128, 131, 133, 137, 140, 143, 147, 150, 153, 156, 159, 162, 166, 169, 172, 176, 181, 188, 197, 212]
       120      5,719,933     15.96%    51.846    -0.01%  [1, 2, 3, 4, 5, 6, 7, 8, 9, 10, 11, 12, 13, 14, 15, 16, 17, 18, 19, 20, 21, 22, 23, 24, 25, 26, 27, 28, 29, 30, 31, 32, 33, 34, 35, 36, 37, 38, 39, 40, 41, 42, 43, 44, 45, 46, 47, 48, 49, 50, 51, 52, 53, 54, 55, 56, 57, 58, 59, 60, 61, 62, 63, 64, 65, 66, 67, 68, 70, 71, 72, 73, 75, 76, 78, 80, 82, 84, 85, 87, 89, 91, 93, 95, 97, 99, 102, 104, 106, 108, 110, 112, 114, 116, 118, 120, 122, 124, 126, 128, 131, 133, 137, 140, 143, 145, 147, 150, 153, 156, 159, 162, 166, 169, 172, 176, 181, 188, 197, 212]
       121      5,719,423     15.95%    51.841    -0.01%  [1, 2, 3, 4, 5, 6, 7, 8, 9, 10, 11, 12, 13, 14, 15, 16, 17, 18, 19, 20, 21, 22, 23, 24, 25, 26, 27, 28, 29, 30, 31, 32, 33, 34, 35, 36, 37, 38, 39, 40, 41, 42, 43, 44, 45, 46, 47, 48, 49, 50, 51, 52, 53, 54, 55, 56, 57, 58, 59, 60, 61, 62, 63, 64, 65, 66, 67, 68, 70, 71, 72, 73, 75, 76, 78, 80, 82, 84, 85, 87, 89, 91, 93, 95, 97, 99, 102, 104, 106, 108, 110, 112, 114, 116, 118, 120, 122, 124, 126, 128, 131, 133, 137, 140, 143, 145, 147, 150, 153, 156, 159, 162, 166, 169, 172, 176, 180, 185, 190, 198, 212]
       122      5,718,977     15.94%    51.837    -0.01%  [1, 2, 3, 4, 5, 6, 7, 8, 9, 10, 11, 12, 13, 14, 15, 16, 17, 18, 19, 20, 21, 22, 23, 24, 25, 26, 27, 28, 29, 30, 31, 32, 33, 34, 35, 36, 37, 38, 39, 40, 41, 42, 43, 44, 45, 46, 47, 48, 49, 50, 51, 52, 53, 54, 55, 56, 57, 58, 59, 60, 61, 62, 63, 64, 65, 66, 67, 68, 70, 71, 72, 73, 75, 76, 78, 80, 82, 84, 85, 87, 89, 91, 93, 95, 97, 99, 102, 104, 106, 108, 110, 112, 114, 116, 118, 120, 122, 124, 126, 128, 131, 133, 135, 137, 140, 143, 145, 147, 150, 153, 156, 159, 162, 166, 169, 172, 176, 180, 185, 190, 198, 212]
       123      5,718,543     15.93%    51.833    -0.01%  [1, 2, 3, 4, 5, 6, 7, 8, 9, 10, 11, 12, 13, 14, 15, 16, 17, 18, 19, 20, 21, 22, 23, 24, 25, 26, 27, 28, 29, 30, 31, 32, 33, 34, 35, 36, 37, 38, 39, 40, 41, 42, 43, 44, 45, 46, 47, 48, 49, 50, 51, 52, 53, 54, 55, 56, 57, 58, 59, 60, 61, 62, 63, 64, 65, 66, 67, 68, 70, 71, 72, 73, 75, 76, 77, 78, 80, 82, 84, 85, 87, 89, 91, 93, 95, 97, 99, 102, 104, 106, 108, 110, 112, 114, 116, 118, 120, 122, 124, 126, 128, 131, 133, 135, 137, 140, 143, 145, 147, 150, 153, 156, 159, 162, 166, 169, 172, 176, 180, 185, 190, 198, 212]
       124      5,718,118     15.93%    51.829    -0.01%  [1, 2, 3, 4, 5, 6, 7, 8, 9, 10, 11, 12, 13, 14, 15, 16, 17, 18, 19, 20, 21, 22, 23, 24, 25, 26, 27, 28, 29, 30, 31, 32, 33, 34, 35, 36, 37, 38, 39, 40, 41, 42, 43, 44, 45, 46, 47, 48, 49, 50, 51, 52, 53, 54, 55, 56, 57, 58, 59, 60, 61, 62, 63, 64, 65, 66, 67, 68, 70, 71, 72, 73, 75, 76, 77, 78, 80, 82, 83, 84, 85, 87, 89, 91, 93, 95, 97, 99, 102, 104, 106, 108, 110, 112, 114, 116, 118, 120, 122, 124, 126, 128, 131, 133, 135, 137, 140, 143, 145, 147, 150, 153, 156, 159, 162, 166, 169, 172, 176, 180, 185, 190, 198, 212]
       125      5,717,694     15.92%    51.825    -0.01%  [1, 2, 3, 4, 5, 6, 7, 8, 9, 10, 11, 12, 13, 14, 15, 16, 17, 18, 19, 20, 21, 22, 23, 24, 25, 26, 27, 28, 29, 30, 31, 32, 33, 34, 35, 36, 37, 38, 39, 40, 41, 42, 43, 44, 45, 46, 47, 48, 49, 50, 51, 52, 53, 54, 55, 56, 57, 58, 59, 60, 61, 62, 63, 64, 65, 66, 67, 68, 70, 71, 72, 73, 75, 76, 77, 78, 80, 82, 83, 84, 85, 86, 87, 89, 91, 93, 95, 97, 99, 102, 104, 106, 108, 110, 112, 114, 116, 118, 120, 122, 124, 126, 128, 131, 133, 135, 137, 140, 143, 145, 147, 150, 153, 156, 159, 162, 166, 169, 172, 176, 180, 185, 190, 198, 212]
       126      5,717,277     15.91%    51.822    -0.01%  [1, 2, 3, 4, 5, 6, 7, 8, 9, 10, 11, 12, 13, 14, 15, 16, 17, 18, 19, 20, 21, 22, 23, 24, 25, 26, 27, 28, 29, 30, 31, 32, 33, 34, 35, 36, 37, 38, 39, 40, 41, 42, 43, 44, 45, 46, 47, 48, 49, 50, 51, 52, 53, 54, 55, 56, 57, 58, 59, 60, 61, 62, 63, 64, 65, 66, 67, 68, 70, 71, 72, 73, 75, 76, 77, 78, 80, 82, 83, 84, 85, 86, 87, 89, 91, 93, 95, 97, 99, 102, 104, 106, 108, 110, 112, 114, 116, 118, 120, 122, 123, 125, 127, 129, 131, 133, 135, 137, 140, 143, 145, 147, 150, 153, 156, 159, 162, 166, 169, 172, 176, 180, 185, 190, 198, 212]
       127      5,716,888     15.90%    51.818    -0.01%  [1, 2, 3, 4, 5, 6, 7, 8, 9, 10, 11, 12, 13, 14, 15, 16, 17, 18, 19, 20, 21, 22, 23, 24, 25, 26, 27, 28, 29, 30, 31, 32, 33, 34, 35, 36, 37, 38, 39, 40, 41, 42, 43, 44, 45, 46, 47, 48, 49, 50, 51, 52, 53, 54, 55, 56, 57, 58, 59, 60, 61, 62, 63, 64, 65, 66, 67, 68, 70, 71, 72, 73, 75, 76, 77, 78, 80, 82, 83, 84, 85, 86, 87, 89, 91, 93, 94, 96, 97, 99, 102, 104, 106, 108, 110, 112, 114, 116, 118, 120, 122, 123, 125, 127, 129, 131, 133, 135, 137, 140, 143, 145, 147, 150, 153, 156, 159, 162, 166, 169, 172, 176, 180, 185, 190, 198, 212]
  *    128      5,716,504     15.89%    51.815    -0.01%  [1, 2, 3, 4, 5, 6, 7, 8, 9, 10, 11, 12, 13, 14, 15, 16, 17, 18, 19, 20, 21, 22, 23, 24, 25, 26, 27, 28, 29, 30, 31, 32, 33, 34, 35, 36, 37, 38, 39, 40, 41, 42, 43, 44, 45, 46, 47, 48, 49, 50, 51, 52, 53, 54, 55, 56, 57, 58, 59, 60, 61, 62, 63, 64, 65, 66, 67, 68, 69, 70, 71, 72, 73, 75, 76, 77, 78, 80, 82, 83, 84, 85, 86, 87, 89, 91, 93, 94, 96, 97, 99, 102, 104, 106, 108, 110, 112, 114, 116, 118, 120, 122, 123, 125, 127, 129, 131, 133, 135, 137, 140, 143, 145, 147, 150, 153, 156, 159, 162, 166, 169, 172, 176, 180, 185, 190, 198, 212]
  -> best at k=128 = tier limit; BOUNDARY HIT -- raise --max-fixed-prefix-bits to confirm optimum.
  legend: * = family best   + = knee

Family: fixed-8b  (k = 1..212, 212 configurations)
  tag    k           bits      vs-lb     avg/Δ    Δ-prev  payload maxima
         1     24,271,720    392.07%   220.000         —  [212]
         2     11,940,920    142.08%   108.233   -50.80%  [67, 212]
         3      9,382,291     90.21%    85.042   -21.43%  [39, 97, 212]
         4      8,348,174     69.25%    75.668   -11.02%  [28, 67, 128, 212]
         5      7,718,707     56.48%    69.963    -7.54%  [20, 45, 78, 129, 212]
         6      7,348,856     48.99%    66.610    -4.79%  [17, 37, 63, 97, 143, 212]
         7      7,094,820     43.84%    64.308    -3.46%  [14, 28, 45, 67, 97, 143, 212]
         8      6,928,796     40.47%    62.803    -2.34%  [14, 28, 45, 67, 96, 128, 162, 212]
         9      6,779,075     37.43%    61.446    -2.16%  [9, 20, 34, 51, 72, 97, 128, 162, 212]
        10      6,660,387     35.03%    60.370    -1.75%  [9, 20, 31, 44, 60, 77, 97, 128, 162, 212]
        11      6,569,206     33.18%    59.544    -1.37%  [7, 17, 28, 39, 52, 67, 86, 106, 131, 163, 212]
        12      6,499,188     31.76%    58.909    -1.07%  [7, 16, 26, 35, 45, 59, 73, 88, 107, 131, 163, 212]
        13      6,442,132     30.60%    58.392    -0.88%  [6, 14, 20, 28, 37, 47, 60, 73, 88, 107, 131, 163, 212]
        14      6,386,963     29.49%    57.892    -0.86%  [6, 14, 20, 28, 37, 47, 60, 73, 88, 106, 127, 147, 175, 212]
        15      6,338,734     28.51%    57.455    -0.76%  [6, 14, 20, 27, 35, 44, 54, 64, 77, 91, 107, 128, 147, 175, 212]
        16      6,302,292     27.77%    57.124    -0.57%  [6, 14, 20, 27, 35, 43, 52, 62, 73, 85, 97, 112, 128, 147, 175, 212]
        17      6,267,064     27.05%    56.805    -0.56%  [4, 9, 15, 21, 28, 35, 43, 52, 62, 73, 85, 97, 112, 128, 147, 175, 212]
        18      6,236,084     26.43%    56.524    -0.49%  [4, 9, 14, 20, 26, 32, 39, 46, 54, 63, 73, 85, 97, 112, 128, 147, 175, 212]
        19      6,210,063     25.90%    56.288    -0.42%  [4, 9, 14, 20, 26, 31, 37, 44, 52, 60, 68, 77, 87, 97, 112, 128, 147, 175, 212]
        20      6,186,980     25.43%    56.079    -0.37%  [4, 9, 14, 20, 26, 31, 37, 44, 51, 59, 67, 76, 86, 96, 107, 120, 133, 153, 176, 212]
        21      6,165,234     24.99%    55.882    -0.35%  [4, 9, 14, 19, 24, 29, 34, 39, 45, 52, 60, 68, 77, 87, 97, 107, 120, 133, 153, 176, 212]
        22      6,144,388     24.57%    55.693    -0.34%  [4, 9, 14, 19, 24, 29, 34, 39, 45, 52, 60, 68, 77, 87, 97, 107, 120, 131, 146, 162, 180, 212]
        23      6,125,415     24.18%    55.521    -0.31%  [3, 7, 11, 15, 20, 25, 29, 34, 39, 45, 52, 60, 68, 77, 87, 97, 107, 120, 131, 146, 162, 180, 212]
        24      6,110,678     23.88%    55.387    -0.24%  [3, 7, 11, 15, 20, 25, 29, 34, 39, 45, 51, 57, 64, 71, 78, 87, 97, 107, 120, 131, 146, 162, 180, 212]
        25      6,097,516     23.62%    55.268    -0.22%  [3, 7, 11, 15, 19, 23, 27, 31, 35, 40, 45, 51, 57, 64, 71, 78, 87, 97, 107, 120, 131, 146, 162, 180, 212]
  +     26      6,084,778     23.36%    55.153    -0.21%  [3, 6, 9, 13, 16, 20, 25, 29, 34, 39, 44, 49, 54, 60, 67, 73, 79, 87, 97, 107, 120, 131, 146, 162, 180, 212]
        27      6,073,272     23.13%    55.048    -0.19%  [3, 6, 9, 13, 16, 20, 24, 28, 33, 37, 41, 45, 51, 57, 62, 68, 75, 82, 89, 97, 107, 120, 131, 146, 162, 180, 212]
        28      6,061,877     22.89%    54.945    -0.19%  [3, 6, 9, 13, 16, 20, 24, 28, 33, 37, 41, 45, 51, 57, 62, 68, 75, 82, 89, 97, 106, 115, 123, 133, 147, 162, 180, 212]
        29      6,051,424     22.68%    54.850    -0.17%  [2, 5, 8, 11, 14, 17, 21, 25, 29, 33, 37, 41, 45, 51, 57, 62, 68, 75, 82, 89, 97, 106, 115, 123, 133, 147, 162, 180, 212]
        30      6,041,242     22.48%    54.758    -0.17%  [2, 5, 8, 11, 14, 17, 21, 25, 29, 33, 37, 41, 45, 51, 57, 62, 67, 73, 78, 85, 91, 97, 106, 115, 123, 133, 147, 162, 180, 212]
        31      6,031,227     22.27%    54.667    -0.17%  [2, 5, 8, 11, 14, 17, 20, 24, 27, 31, 35, 39, 43, 47, 52, 57, 62, 67, 73, 78, 85, 91, 97, 106, 115, 123, 133, 147, 162, 180, 212]
        32      6,022,165     22.09%    54.585    -0.15%  [2, 5, 8, 11, 14, 17, 20, 24, 27, 31, 35, 39, 43, 47, 52, 57, 62, 67, 73, 78, 85, 91, 97, 106, 115, 123, 133, 146, 159, 172, 187, 212]
        33      6,013,845     21.92%    54.510    -0.14%  [2, 5, 8, 11, 14, 17, 20, 23, 26, 29, 33, 37, 41, 45, 50, 54, 59, 63, 68, 73, 78, 85, 91, 97, 106, 115, 123, 133, 146, 159, 172, 187, 212]
        34      6,005,864     21.76%    54.437    -0.13%  [2, 5, 8, 11, 14, 17, 20, 23, 26, 29, 33, 37, 41, 45, 50, 54, 59, 63, 68, 73, 78, 85, 91, 97, 106, 114, 121, 128, 137, 147, 159, 172, 187, 212]
        35      5,998,099     21.60%    54.367    -0.13%  [1, 4, 7, 10, 13, 16, 19, 22, 25, 28, 31, 34, 37, 41, 45, 50, 54, 59, 63, 68, 73, 78, 85, 91, 97, 106, 114, 121, 128, 137, 147, 159, 172, 187, 212]
        36      5,990,888     21.46%    54.302    -0.12%  [1, 4, 6, 9, 12, 14, 17, 20, 23, 26, 29, 32, 35, 39, 43, 47, 51, 55, 59, 63, 68, 73, 78, 85, 91, 97, 106, 114, 121, 128, 137, 147, 159, 172, 187, 212]
        37      5,984,584     21.33%    54.245    -0.11%  [1, 4, 6, 9, 12, 14, 17, 20, 23, 26, 28, 31, 34, 37, 40, 44, 47, 51, 55, 59, 63, 68, 73, 78, 85, 91, 97, 106, 114, 121, 128, 137, 147, 159, 172, 187, 212]
        38      5,978,480     21.20%    54.189    -0.10%  [1, 4, 6, 9, 12, 14, 17, 20, 23, 26, 28, 31, 34, 37, 40, 44, 47, 51, 55, 59, 63, 68, 73, 78, 83, 88, 93, 99, 106, 114, 121, 128, 137, 147, 159, 172, 187, 212]
        39      5,972,863     21.09%    54.138    -0.09%  [1, 3, 5, 7, 9, 12, 14, 17, 20, 23, 26, 28, 31, 34, 37, 40, 44, 47, 51, 55, 59, 63, 68, 73, 78, 83, 88, 93, 99, 106, 114, 121, 128, 137, 147, 159, 172, 187, 212]
        40      5,967,362     20.98%    54.088    -0.09%  [1, 3, 5, 7, 9, 12, 14, 17, 20, 23, 26, 28, 31, 34, 37, 40, 44, 47, 51, 55, 59, 63, 68, 73, 78, 83, 88, 93, 99, 106, 113, 120, 126, 133, 143, 153, 163, 175, 189, 212]
        41      5,962,245     20.87%    54.042    -0.09%  [1, 3, 5, 7, 9, 12, 14, 16, 18, 20, 23, 26, 28, 31, 34, 37, 40, 44, 47, 51, 55, 59, 63, 68, 73, 78, 83, 88, 93, 99, 106, 113, 120, 126, 133, 143, 153, 163, 175, 189, 212]
        42      5,957,315     20.77%    53.997    -0.08%  [1, 3, 5, 7, 9, 12, 14, 16, 18, 20, 23, 26, 28, 31, 34, 37, 40, 44, 47, 51, 55, 59, 63, 67, 72, 77, 82, 87, 92, 97, 104, 109, 115, 122, 129, 137, 145, 153, 163, 175, 189, 212]
        43      5,952,518     20.68%    53.954    -0.08%  [1, 3, 5, 7, 9, 12, 14, 16, 18, 20, 23, 26, 28, 31, 34, 37, 40, 44, 47, 51, 54, 57, 60, 64, 68, 73, 78, 83, 88, 93, 99, 106, 113, 120, 126, 132, 140, 147, 156, 163, 175, 189, 212]
        44      5,947,835     20.58%    53.911    -0.08%  [1, 3, 5, 7, 9, 12, 14, 16, 18, 20, 23, 26, 28, 31, 34, 37, 40, 44, 47, 51, 54, 57, 60, 64, 68, 73, 78, 83, 87, 92, 97, 104, 109, 115, 121, 127, 133, 140, 147, 156, 163, 175, 189, 212]
        45      5,943,187     20.49%    53.869    -0.08%  [1, 3, 5, 7, 9, 12, 14, 16, 18, 20, 23, 26, 28, 31, 34, 37, 39, 42, 45, 48, 51, 54, 57, 60, 64, 68, 73, 78, 83, 87, 92, 97, 104, 109, 115, 121, 127, 133, 140, 147, 156, 163, 175, 189, 212]
        46      5,938,914     20.40%    53.831    -0.07%  [1, 3, 5, 7, 9, 12, 14, 16, 18, 20, 22, 24, 26, 28, 31, 34, 37, 39, 42, 45, 48, 51, 54, 57, 60, 64, 68, 73, 78, 83, 87, 92, 97, 104, 109, 115, 121, 127, 133, 140, 147, 156, 163, 175, 189, 212]
        47      5,935,115     20.32%    53.796    -0.06%  [1, 3, 5, 7, 9, 11, 13, 15, 17, 19, 21, 23, 25, 27, 29, 31, 34, 37, 39, 42, 45, 48, 51, 54, 57, 60, 64, 68, 73, 78, 83, 87, 92, 97, 104, 109, 115, 121, 127, 133, 140, 147, 156, 163, 175, 189, 212]
        48      5,931,624     20.25%    53.765    -0.06%  [1, 3, 5, 7, 9, 11, 13, 15, 17, 19, 21, 23, 25, 27, 29, 31, 34, 37, 39, 42, 45, 48, 51, 54, 57, 60, 64, 68, 73, 78, 83, 87, 92, 97, 102, 107, 113, 118, 123, 128, 133, 140, 147, 156, 163, 175, 189, 212]
        49      5,928,165     20.18%    53.733    -0.06%  [1, 3, 5, 7, 9, 11, 13, 15, 17, 19, 21, 23, 25, 27, 29, 31, 34, 37, 39, 42, 45, 48, 51, 54, 57, 60, 64, 68, 72, 76, 79, 83, 87, 92, 97, 102, 107, 113, 118, 123, 128, 133, 140, 147, 156, 163, 175, 189, 212]
        50      5,924,719     20.11%    53.702    -0.06%  [1, 3, 5, 7, 9, 11, 13, 15, 17, 19, 21, 23, 25, 27, 29, 31, 34, 37, 39, 42, 45, 48, 51, 54, 57, 60, 64, 68, 72, 76, 79, 83, 87, 92, 97, 102, 107, 113, 118, 123, 128, 133, 140, 147, 156, 163, 172, 180, 193, 212]
        51      5,921,330     20.05%    53.671    -0.06%  [1, 3, 5, 7, 9, 11, 13, 15, 17, 19, 21, 23, 25, 27, 29, 31, 33, 35, 37, 39, 42, 45, 48, 51, 54, 57, 60, 64, 68, 72, 76, 79, 83, 87, 92, 97, 102, 107, 113, 118, 123, 128, 133, 140, 147, 156, 163, 172, 180, 193, 212]
        52      5,918,104     19.98%    53.642    -0.05%  [1, 3, 5, 7, 9, 11, 13, 15, 17, 19, 21, 23, 25, 27, 29, 31, 33, 35, 37, 39, 41, 43, 45, 48, 51, 54, 57, 60, 64, 68, 72, 76, 79, 83, 87, 92, 97, 102, 107, 113, 118, 123, 128, 133, 140, 147, 156, 163, 172, 180, 193, 212]
        53      5,914,933     19.92%    53.613    -0.05%  [1, 3, 5, 7, 9, 11, 13, 15, 17, 19, 21, 23, 25, 27, 29, 31, 33, 35, 37, 39, 41, 43, 45, 48, 51, 54, 57, 60, 63, 67, 71, 74, 78, 82, 85, 89, 93, 97, 102, 107, 113, 118, 123, 128, 133, 140, 147, 156, 163, 172, 180, 193, 212]
        54      5,912,039     19.86%    53.587    -0.05%  [1, 3, 5, 7, 9, 11, 13, 15, 17, 19, 21, 23, 25, 27, 29, 31, 33, 35, 37, 39, 41, 43, 45, 48, 51, 54, 57, 60, 63, 65, 68, 72, 75, 78, 82, 85, 89, 93, 97, 102, 107, 113, 118, 123, 128, 133, 140, 147, 156, 163, 172, 180, 193, 212]
        55      5,909,353     19.80%    53.563    -0.05%  [1, 3, 5, 7, 9, 11, 13, 15, 17, 19, 21, 23, 25, 27, 29, 31, 33, 35, 37, 39, 41, 43, 45, 48, 51, 54, 57, 60, 63, 65, 68, 72, 75, 78, 82, 85, 88, 92, 96, 99, 104, 108, 113, 118, 123, 128, 133, 140, 147, 156, 163, 172, 180, 193, 212]
        56      5,907,087     19.76%    53.542    -0.04%  [1, 3, 5, 7, 9, 11, 13, 15, 17, 19, 21, 23, 25, 27, 29, 31, 33, 35, 37, 39, 41, 43, 45, 47, 49, 51, 54, 57, 60, 63, 65, 68, 72, 75, 78, 82, 85, 88, 92, 96, 99, 104, 108, 113, 118, 123, 128, 133, 140, 147, 156, 163, 172, 180, 193, 212]
        57      5,904,837     19.71%    53.522    -0.04%  [1, 3, 5, 7, 9, 11, 13, 15, 17, 19, 21, 23, 25, 27, 29, 31, 33, 35, 37, 39, 41, 43, 45, 47, 49, 51, 54, 57, 60, 63, 65, 68, 72, 75, 78, 82, 85, 88, 92, 96, 99, 104, 108, 113, 118, 123, 128, 133, 140, 145, 150, 156, 163, 172, 180, 193, 212]
        58      5,902,704     19.67%    53.502    -0.04%  [1, 3, 5, 7, 9, 11, 12, 14, 16, 18, 20, 22, 24, 26, 28, 29, 31, 33, 35, 37, 39, 41, 43, 45, 47, 49, 51, 54, 57, 60, 63, 65, 68, 72, 75, 78, 82, 85, 88, 92, 96, 99, 104, 108, 113, 118, 123, 128, 133, 140, 145, 150, 156, 163, 172, 180, 193, 212]
        59      5,900,594     19.62%    53.483    -0.04%  [1, 3, 5, 7, 9, 11, 12, 14, 16, 18, 20, 22, 24, 26, 28, 29, 31, 33, 35, 37, 39, 41, 43, 45, 47, 49, 51, 54, 57, 60, 63, 65, 68, 72, 75, 78, 82, 85, 88, 92, 96, 99, 104, 107, 111, 115, 119, 123, 128, 133, 140, 145, 150, 156, 163, 172, 180, 193, 212]
        60      5,898,500     19.58%    53.464    -0.04%  [1, 3, 5, 7, 9, 11, 12, 14, 16, 18, 20, 22, 24, 26, 28, 29, 31, 33, 35, 37, 39, 41, 43, 45, 47, 49, 51, 54, 57, 60, 63, 65, 68, 71, 73, 76, 79, 82, 85, 88, 92, 96, 99, 104, 107, 111, 115, 119, 123, 128, 133, 140, 145, 150, 156, 163, 172, 180, 193, 212]
        61      5,896,503     19.54%    53.446    -0.03%  [1, 3, 5, 7, 9, 11, 12, 14, 16, 18, 20, 22, 24, 26, 28, 29, 31, 33, 35, 37, 39, 41, 43, 45, 47, 49, 51, 54, 57, 60, 63, 65, 68, 71, 73, 76, 79, 82, 85, 88, 92, 96, 99, 104, 107, 111, 115, 119, 123, 128, 133, 140, 145, 150, 156, 162, 170, 177, 187, 197, 212]
        62      5,894,577     19.50%    53.429    -0.03%  [1, 3, 5, 7, 9, 11, 12, 14, 16, 18, 20, 22, 24, 26, 28, 29, 31, 33, 35, 37, 39, 41, 43, 45, 47, 49, 51, 54, 57, 60, 63, 65, 68, 71, 73, 76, 79, 82, 85, 88, 91, 94, 97, 100, 104, 107, 111, 115, 119, 123, 128, 133, 140, 145, 150, 156, 162, 170, 177, 187, 197, 212]
        63      5,892,658     19.46%    53.411    -0.03%  [1, 3, 5, 6, 7, 9, 11, 12, 14, 16, 18, 20, 22, 24, 26, 28, 29, 31, 33, 35, 37, 39, 41, 43, 45, 47, 49, 51, 54, 57, 60, 63, 65, 68, 71, 73, 76, 79, 82, 85, 88, 91, 94, 97, 100, 104, 107, 111, 115, 119, 123, 128, 133, 140, 145, 150, 156, 162, 170, 177, 187, 197, 212]
        64      5,890,763     19.43%    53.394    -0.03%  [1, 3, 5, 6, 7, 9, 11, 12, 14, 15, 17, 19, 20, 22, 24, 26, 28, 29, 31, 33, 35, 37, 39, 41, 43, 45, 47, 49, 51, 54, 57, 60, 63, 65, 68, 71, 73, 76, 79, 82, 85, 88, 91, 94, 97, 100, 104, 107, 111, 115, 119, 123, 128, 133, 140, 145, 150, 156, 162, 170, 177, 187, 197, 212]
        65      5,888,878     19.39%    53.377    -0.03%  [1, 3, 5, 6, 7, 9, 11, 12, 13, 14, 15, 17, 19, 20, 22, 24, 26, 28, 29, 31, 33, 35, 37, 39, 41, 43, 45, 47, 49, 51, 54, 57, 60, 63, 65, 68, 71, 73, 76, 79, 82, 85, 88, 91, 94, 97, 100, 104, 107, 111, 115, 119, 123, 128, 133, 140, 145, 150, 156, 162, 170, 177, 187, 197, 212]
        66      5,887,031     19.35%    53.360    -0.03%  [1, 3, 5, 6, 7, 9, 11, 12, 13, 14, 15, 17, 19, 20, 22, 24, 26, 28, 29, 31, 33, 35, 37, 39, 41, 43, 45, 47, 49, 51, 53, 55, 57, 60, 63, 65, 68, 71, 73, 76, 79, 82, 85, 88, 91, 94, 97, 100, 104, 107, 111, 115, 119, 123, 128, 133, 140, 145, 150, 156, 162, 170, 177, 187, 197, 212]
        67      5,885,189     19.31%    53.344    -0.03%  [1, 3, 4, 5, 6, 7, 9, 11, 12, 13, 14, 15, 17, 19, 20, 22, 24, 26, 28, 29, 31, 33, 35, 37, 39, 41, 43, 45, 47, 49, 51, 53, 55, 57, 60, 63, 65, 68, 71, 73, 76, 79, 82, 85, 88, 91, 94, 97, 100, 104, 107, 111, 115, 119, 123, 128, 133, 140, 145, 150, 156, 162, 170, 177, 187, 197, 212]
        68      5,883,394     19.28%    53.327    -0.03%  [1, 3, 4, 5, 6, 7, 9, 11, 12, 13, 14, 15, 17, 19, 20, 22, 24, 26, 28, 29, 31, 33, 35, 37, 39, 41, 43, 45, 47, 49, 51, 53, 55, 57, 59, 61, 63, 65, 68, 71, 73, 76, 79, 82, 85, 88, 91, 94, 97, 100, 104, 107, 111, 115, 119, 123, 128, 133, 140, 145, 150, 156, 162, 170, 177, 187, 197, 212]
        69      5,881,607     19.24%    53.311    -0.03%  [1, 3, 4, 5, 6, 7, 9, 11, 12, 13, 14, 15, 17, 19, 20, 22, 24, 26, 28, 29, 31, 33, 35, 37, 39, 41, 43, 45, 47, 49, 51, 53, 55, 57, 59, 61, 63, 65, 68, 71, 73, 76, 79, 82, 85, 88, 91, 94, 97, 100, 104, 107, 111, 115, 119, 123, 128, 132, 137, 142, 147, 153, 158, 163, 170, 177, 187, 197, 212]
        70      5,879,858     19.20%    53.295    -0.03%  [1, 3, 4, 5, 6, 7, 9, 11, 12, 13, 14, 15, 16, 17, 19, 20, 22, 24, 26, 28, 29, 31, 33, 35, 37, 39, 41, 43, 45, 47, 49, 51, 53, 55, 57, 59, 61, 63, 65, 68, 71, 73, 76, 79, 82, 85, 88, 91, 94, 97, 100, 104, 107, 111, 115, 119, 123, 128, 132, 137, 142, 147, 153, 158, 163, 170, 177, 187, 197, 212]
        71      5,878,224     19.17%    53.280    -0.03%  [1, 3, 4, 5, 6, 7, 8, 9, 11, 12, 13, 14, 15, 16, 17, 19, 20, 22, 24, 26, 28, 29, 31, 33, 35, 37, 39, 41, 43, 45, 47, 49, 51, 53, 55, 57, 59, 61, 63, 65, 68, 71, 73, 76, 79, 82, 85, 88, 91, 94, 97, 100, 104, 107, 111, 115, 119, 123, 128, 132, 137, 142, 147, 153, 158, 163, 170, 177, 187, 197, 212]
        72      5,876,609     19.14%    53.266    -0.03%  [1, 3, 4, 5, 6, 7, 8, 9, 11, 12, 13, 14, 15, 16, 17, 18, 19, 20, 22, 24, 26, 28, 29, 31, 33, 35, 37, 39, 41, 43, 45, 47, 49, 51, 53, 55, 57, 59, 61, 63, 65, 68, 71, 73, 76, 79, 82, 85, 88, 91, 94, 97, 100, 104, 107, 111, 115, 119, 123, 128, 132, 137, 142, 147, 153, 158, 163, 170, 177, 187, 197, 212]
        73      5,875,009     19.11%    53.251    -0.03%  [1, 3, 4, 5, 6, 7, 8, 9, 11, 12, 13, 14, 15, 16, 17, 18, 19, 20, 22, 24, 26, 28, 29, 31, 33, 35, 37, 39, 41, 43, 45, 47, 49, 51, 53, 55, 57, 59, 61, 63, 65, 68, 71, 73, 76, 79, 82, 85, 88, 91, 94, 97, 100, 104, 107, 110, 114, 118, 122, 126, 129, 133, 137, 142, 147, 153, 158, 163, 170, 177, 187, 197, 212]
        74      5,873,443     19.07%    53.237    -0.03%  [1, 3, 4, 5, 6, 7, 8, 9, 11, 12, 13, 14, 15, 16, 17, 18, 19, 20, 22, 24, 25, 26, 28, 29, 31, 33, 35, 37, 39, 41, 43, 45, 47, 49, 51, 53, 55, 57, 59, 61, 63, 65, 68, 71, 73, 76, 79, 82, 85, 88, 91, 94, 97, 100, 104, 107, 110, 114, 118, 122, 126, 129, 133, 137, 142, 147, 153, 158, 163, 170, 177, 187, 197, 212]
        75      5,871,889     19.04%    53.223    -0.03%  [1, 3, 4, 5, 6, 7, 8, 9, 10, 11, 12, 13, 14, 15, 16, 17, 18, 19, 20, 22, 24, 25, 26, 28, 29, 31, 33, 35, 37, 39, 41, 43, 45, 47, 49, 51, 53, 55, 57, 59, 61, 63, 65, 68, 71, 73, 76, 79, 82, 85, 88, 91, 94, 97, 100, 104, 107, 110, 114, 118, 122, 126, 129, 133, 137, 142, 147, 153, 158, 163, 170, 177, 187, 197, 212]
        76      5,870,376     19.01%    53.209    -0.03%  [1, 2, 3, 4, 5, 6, 7, 8, 9, 10, 11, 12, 13, 14, 15, 16, 17, 18, 19, 20, 22, 24, 25, 26, 28, 29, 31, 33, 35, 37, 39, 41, 43, 45, 47, 49, 51, 53, 55, 57, 59, 61, 63, 65, 68, 71, 73, 76, 79, 82, 85, 88, 91, 94, 97, 100, 104, 107, 110, 114, 118, 122, 126, 129, 133, 137, 142, 147, 153, 158, 163, 170, 177, 187, 197, 212]
        77      5,868,901     18.98%    53.196    -0.03%  [1, 2, 3, 4, 5, 6, 7, 8, 9, 10, 11, 12, 13, 14, 15, 16, 17, 18, 19, 20, 22, 24, 25, 26, 28, 29, 31, 33, 35, 37, 39, 41, 43, 45, 47, 49, 51, 53, 55, 57, 59, 61, 63, 65, 67, 69, 71, 73, 76, 79, 82, 85, 88, 91, 94, 97, 100, 104, 107, 110, 114, 118, 122, 126, 129, 133, 137, 142, 147, 153, 158, 163, 170, 177, 187, 197, 212]
        78      5,867,460     18.95%    53.183    -0.02%  [1, 2, 3, 4, 5, 6, 7, 8, 9, 10, 11, 12, 13, 14, 15, 16, 17, 18, 19, 20, 22, 23, 24, 25, 26, 28, 29, 31, 33, 35, 37, 39, 41, 43, 45, 47, 49, 51, 53, 55, 57, 59, 61, 63, 65, 67, 69, 71, 73, 76, 79, 82, 85, 88, 91, 94, 97, 100, 104, 107, 110, 114, 118, 122, 126, 129, 133, 137, 142, 147, 153, 158, 163, 170, 177, 187, 197, 212]
        79      5,866,057     18.92%    53.170    -0.02%  [1, 2, 3, 4, 5, 6, 7, 8, 9, 10, 11, 12, 13, 14, 15, 16, 17, 18, 19, 20, 22, 23, 24, 25, 26, 28, 29, 31, 33, 34, 35, 37, 39, 41, 43, 45, 47, 49, 51, 53, 55, 57, 59, 61, 63, 65, 67, 69, 71, 73, 76, 79, 82, 85, 88, 91, 94, 97, 100, 104, 107, 110, 114, 118, 122, 126, 129, 133, 137, 142, 147, 153, 158, 163, 170, 177, 187, 197, 212]
        80      5,864,713     18.90%    53.158    -0.02%  [1, 2, 3, 4, 5, 6, 7, 8, 9, 10, 11, 12, 13, 14, 15, 16, 17, 18, 19, 20, 22, 23, 24, 25, 26, 27, 28, 29, 31, 33, 34, 35, 37, 39, 41, 43, 45, 47, 49, 51, 53, 55, 57, 59, 61, 63, 65, 67, 69, 71, 73, 76, 79, 82, 85, 88, 91, 94, 97, 100, 104, 107, 110, 114, 118, 122, 126, 129, 133, 137, 142, 147, 153, 158, 163, 170, 177, 187, 197, 212]
        81      5,863,402     18.87%    53.146    -0.02%  [1, 2, 3, 4, 5, 6, 7, 8, 9, 10, 11, 12, 13, 14, 15, 16, 17, 18, 19, 20, 21, 22, 23, 24, 25, 26, 27, 28, 29, 31, 33, 34, 35, 37, 39, 41, 43, 45, 47, 49, 51, 53, 55, 57, 59, 61, 63, 65, 67, 69, 71, 73, 76, 79, 82, 85, 88, 91, 94, 97, 100, 104, 107, 110, 114, 118, 122, 126, 129, 133, 137, 142, 147, 153, 158, 163, 170, 177, 187, 197, 212]
        82      5,862,091     18.84%    53.134    -0.02%  [1, 2, 3, 4, 5, 6, 7, 8, 9, 10, 11, 12, 13, 14, 15, 16, 17, 18, 19, 20, 21, 22, 23, 24, 25, 26, 27, 28, 29, 31, 33, 34, 35, 37, 39, 41, 43, 45, 47, 49, 51, 53, 55, 57, 59, 61, 63, 65, 67, 69, 71, 73, 76, 79, 82, 85, 88, 91, 94, 97, 100, 104, 107, 110, 114, 118, 122, 126, 129, 133, 137, 142, 147, 153, 158, 163, 170, 175, 180, 187, 197, 212]
        83      5,860,814     18.82%    53.123    -0.02%  [1, 2, 3, 4, 5, 6, 7, 8, 9, 10, 11, 12, 13, 14, 15, 16, 17, 18, 19, 20, 21, 22, 23, 24, 25, 26, 27, 28, 29, 31, 33, 34, 35, 37, 39, 41, 43, 45, 47, 49, 51, 53, 55, 57, 59, 61, 63, 65, 67, 69, 71, 73, 76, 79, 82, 85, 88, 91, 94, 97, 100, 104, 107, 110, 113, 116, 120, 123, 126, 129, 133, 137, 142, 147, 153, 158, 163, 170, 175, 180, 187, 197, 212]
        84      5,859,575     18.79%    53.111    -0.02%  [1, 2, 3, 4, 5, 6, 7, 8, 9, 10, 11, 12, 13, 14, 15, 16, 17, 18, 19, 20, 21, 22, 23, 24, 25, 26, 27, 28, 29, 31, 33, 34, 35, 37, 39, 41, 43, 45, 47, 49, 51, 53, 55, 57, 59, 61, 63, 65, 67, 69, 71, 73, 76, 79, 82, 84, 86, 88, 91, 94, 97, 100, 104, 107, 110, 113, 116, 120, 123, 126, 129, 133, 137, 142, 147, 153, 158, 163, 170, 175, 180, 187, 197, 212]
        85      5,858,366     18.77%    53.101    -0.02%  [1, 2, 3, 4, 5, 6, 7, 8, 9, 10, 11, 12, 13, 14, 15, 16, 17, 18, 19, 20, 21, 22, 23, 24, 25, 26, 27, 28, 29, 31, 32, 33, 34, 35, 37, 39, 41, 43, 45, 47, 49, 51, 53, 55, 57, 59, 61, 63, 65, 67, 69, 71, 73, 76, 79, 82, 84, 86, 88, 91, 94, 97, 100, 104, 107, 110, 113, 116, 120, 123, 126, 129, 133, 137, 142, 147, 153, 158, 163, 170, 175, 180, 187, 197, 212]
        86      5,857,173     18.74%    53.090    -0.02%  [1, 2, 3, 4, 5, 6, 7, 8, 9, 10, 11, 12, 13, 14, 15, 16, 17, 18, 19, 20, 21, 22, 23, 24, 25, 26, 27, 28, 29, 31, 32, 33, 34, 35, 37, 39, 41, 43, 45, 47, 49, 51, 53, 55, 57, 59, 61, 63, 65, 67, 69, 71, 73, 76, 79, 82, 84, 86, 88, 91, 94, 97, 100, 104, 107, 110, 113, 116, 120, 123, 126, 129, 133, 137, 140, 143, 147, 153, 158, 163, 170, 175, 180, 187, 197, 212]
        87      5,856,001     18.72%    53.079    -0.02%  [1, 2, 3, 4, 5, 6, 7, 8, 9, 10, 11, 12, 13, 14, 15, 16, 17, 18, 19, 20, 21, 22, 23, 24, 25, 26, 27, 28, 29, 31, 32, 33, 34, 35, 37, 39, 41, 43, 45, 47, 49, 51, 53, 55, 57, 59, 61, 63, 65, 67, 69, 71, 73, 75, 77, 79, 82, 84, 86, 88, 91, 94, 97, 100, 104, 107, 110, 113, 116, 120, 123, 126, 129, 133, 137, 140, 143, 147, 153, 158, 163, 170, 175, 180, 187, 197, 212]
        88      5,854,902     18.70%    53.069    -0.02%  [1, 2, 3, 4, 5, 6, 7, 8, 9, 10, 11, 12, 13, 14, 15, 16, 17, 18, 19, 20, 21, 22, 23, 24, 25, 26, 27, 28, 29, 30, 31, 32, 33, 34, 35, 37, 39, 41, 43, 45, 47, 49, 51, 53, 55, 57, 59, 61, 63, 65, 67, 69, 71, 73, 75, 77, 79, 82, 84, 86, 88, 91, 94, 97, 100, 104, 107, 110, 113, 116, 120, 123, 126, 129, 133, 137, 140, 143, 147, 153, 158, 163, 170, 175, 180, 187, 197, 212]
        89      5,853,803     18.68%    53.059    -0.02%  [1, 2, 3, 4, 5, 6, 7, 8, 9, 10, 11, 12, 13, 14, 15, 16, 17, 18, 19, 20, 21, 22, 23, 24, 25, 26, 27, 28, 29, 30, 31, 32, 33, 34, 35, 37, 39, 41, 43, 45, 47, 49, 51, 53, 55, 57, 59, 61, 63, 65, 67, 69, 71, 73, 75, 77, 79, 82, 84, 86, 88, 91, 93, 96, 99, 102, 104, 107, 110, 113, 116, 120, 123, 126, 129, 133, 137, 140, 143, 147, 153, 158, 163, 170, 175, 180, 187, 197, 212]
        90      5,852,706     18.65%    53.049    -0.02%  [1, 2, 3, 4, 5, 6, 7, 8, 9, 10, 11, 12, 13, 14, 15, 16, 17, 18, 19, 20, 21, 22, 23, 24, 25, 26, 27, 28, 29, 30, 31, 32, 33, 34, 35, 36, 37, 39, 41, 43, 45, 47, 49, 51, 53, 55, 57, 59, 61, 63, 65, 67, 69, 71, 73, 75, 77, 79, 82, 84, 86, 88, 91, 93, 96, 99, 102, 104, 107, 110, 113, 116, 120, 123, 126, 129, 133, 137, 140, 143, 147, 153, 158, 163, 170, 175, 180, 187, 197, 212]
        91      5,851,644     18.63%    53.040    -0.02%  [1, 2, 3, 4, 5, 6, 7, 8, 9, 10, 11, 12, 13, 14, 15, 16, 17, 18, 19, 20, 21, 22, 23, 24, 25, 26, 27, 28, 29, 30, 31, 32, 33, 34, 35, 36, 37, 39, 41, 43, 44, 45, 47, 49, 51, 53, 55, 57, 59, 61, 63, 65, 67, 69, 71, 73, 75, 77, 79, 82, 84, 86, 88, 91, 93, 96, 99, 102, 104, 107, 110, 113, 116, 120, 123, 126, 129, 133, 137, 140, 143, 147, 153, 158, 163, 170, 175, 180, 187, 197, 212]
        92      5,850,618     18.61%    53.030    -0.02%  [1, 2, 3, 4, 5, 6, 7, 8, 9, 10, 11, 12, 13, 14, 15, 16, 17, 18, 19, 20, 21, 22, 23, 24, 25, 26, 27, 28, 29, 30, 31, 32, 33, 34, 35, 36, 37, 39, 40, 41, 43, 44, 45, 47, 49, 51, 53, 55, 57, 59, 61, 63, 65, 67, 69, 71, 73, 75, 77, 79, 82, 84, 86, 88, 91, 93, 96, 99, 102, 104, 107, 110, 113, 116, 120, 123, 126, 129, 133, 137, 140, 143, 147, 153, 158, 163, 170, 175, 180, 187, 197, 212]
        93      5,849,600     18.59%    53.021    -0.02%  [1, 2, 3, 4, 5, 6, 7, 8, 9, 10, 11, 12, 13, 14, 15, 16, 17, 18, 19, 20, 21, 22, 23, 24, 25, 26, 27, 28, 29, 30, 31, 32, 33, 34, 35, 36, 37, 39, 40, 41, 43, 44, 45, 47, 49, 51, 53, 55, 57, 59, 61, 63, 65, 67, 69, 71, 73, 75, 77, 79, 82, 84, 86, 88, 91, 93, 96, 99, 102, 104, 106, 109, 112, 115, 118, 120, 123, 126, 129, 133, 137, 140, 143, 147, 153, 158, 163, 170, 175, 180, 187, 197, 212]
        94      5,848,590     18.57%    53.012    -0.02%  [1, 2, 3, 4, 5, 6, 7, 8, 9, 10, 11, 12, 13, 14, 15, 16, 17, 18, 19, 20, 21, 22, 23, 24, 25, 26, 27, 28, 29, 30, 31, 32, 33, 34, 35, 36, 37, 38, 39, 40, 41, 43, 44, 45, 47, 49, 51, 53, 55, 57, 59, 61, 63, 65, 67, 69, 71, 73, 75, 77, 79, 82, 84, 86, 88, 91, 93, 96, 99, 102, 104, 106, 109, 112, 115, 118, 120, 123, 126, 129, 133, 137, 140, 143, 147, 153, 158, 163, 170, 175, 180, 187, 197, 212]
        95      5,847,607     18.55%    53.003    -0.02%  [1, 2, 3, 4, 5, 6, 7, 8, 9, 10, 11, 12, 13, 14, 15, 16, 17, 18, 19, 20, 21, 22, 23, 24, 25, 26, 27, 28, 29, 30, 31, 32, 33, 34, 35, 36, 37, 38, 39, 40, 41, 43, 44, 45, 47, 49, 51, 53, 55, 57, 59, 61, 63, 65, 67, 69, 71, 73, 75, 77, 79, 82, 84, 86, 88, 91, 93, 96, 99, 102, 104, 106, 109, 112, 115, 118, 120, 123, 126, 129, 133, 137, 140, 143, 147, 151, 155, 159, 163, 170, 175, 180, 187, 197, 212]
        96      5,846,632     18.53%    52.994    -0.02%  [1, 2, 3, 4, 5, 6, 7, 8, 9, 10, 11, 12, 13, 14, 15, 16, 17, 18, 19, 20, 21, 22, 23, 24, 25, 26, 27, 28, 29, 30, 31, 32, 33, 34, 35, 36, 37, 38, 39, 40, 41, 43, 44, 45, 47, 49, 51, 53, 55, 57, 59, 61, 63, 65, 67, 69, 71, 73, 75, 77, 79, 82, 84, 86, 88, 91, 93, 95, 97, 99, 102, 104, 106, 109, 112, 115, 118, 120, 123, 126, 129, 133, 137, 140, 143, 147, 151, 155, 159, 163, 170, 175, 180, 187, 197, 212]
        97      5,845,685     18.51%    52.986    -0.02%  [1, 2, 3, 4, 5, 6, 7, 8, 9, 10, 11, 12, 13, 14, 15, 16, 17, 18, 19, 20, 21, 22, 23, 24, 25, 26, 27, 28, 29, 30, 31, 32, 33, 34, 35, 36, 37, 38, 39, 40, 41, 42, 43, 44, 45, 47, 49, 51, 53, 55, 57, 59, 61, 63, 65, 67, 69, 71, 73, 75, 77, 79, 82, 84, 86, 88, 91, 93, 95, 97, 99, 102, 104, 106, 109, 112, 115, 118, 120, 123, 126, 129, 133, 137, 140, 143, 147, 151, 155, 159, 163, 170, 175, 180, 187, 197, 212]
        98      5,844,806     18.49%    52.978    -0.02%  [1, 2, 3, 4, 5, 6, 7, 8, 9, 10, 11, 12, 13, 14, 15, 16, 17, 18, 19, 20, 21, 22, 23, 24, 25, 26, 27, 28, 29, 30, 31, 32, 33, 34, 35, 36, 37, 38, 39, 40, 41, 42, 43, 44, 45, 47, 49, 51, 53, 55, 57, 59, 60, 62, 63, 65, 67, 69, 71, 73, 75, 77, 79, 82, 84, 86, 88, 91, 93, 95, 97, 99, 102, 104, 106, 109, 112, 115, 118, 120, 123, 126, 129, 133, 137, 140, 143, 147, 151, 155, 159, 163, 170, 175, 180, 187, 197, 212]
        99      5,843,964     18.48%    52.970    -0.01%  [1, 2, 3, 4, 5, 6, 7, 8, 9, 10, 11, 12, 13, 14, 15, 16, 17, 18, 19, 20, 21, 22, 23, 24, 25, 26, 27, 28, 29, 30, 31, 32, 33, 34, 35, 36, 37, 38, 39, 40, 41, 42, 43, 44, 45, 47, 48, 50, 51, 53, 55, 57, 59, 60, 62, 63, 65, 67, 69, 71, 73, 75, 77, 79, 82, 84, 86, 88, 91, 93, 95, 97, 99, 102, 104, 106, 109, 112, 115, 118, 120, 123, 126, 129, 133, 137, 140, 143, 147, 151, 155, 159, 163, 170, 175, 180, 187, 197, 212]
       100      5,843,140     18.46%    52.962    -0.01%  [1, 2, 3, 4, 5, 6, 7, 8, 9, 10, 11, 12, 13, 14, 15, 16, 17, 18, 19, 20, 21, 22, 23, 24, 25, 26, 27, 28, 29, 30, 31, 32, 33, 34, 35, 36, 37, 38, 39, 40, 41, 42, 43, 44, 45, 47, 48, 50, 51, 53, 55, 57, 59, 60, 62, 63, 65, 67, 69, 71, 73, 75, 77, 79, 81, 83, 85, 87, 89, 91, 93, 95, 97, 99, 102, 104, 106, 109, 112, 115, 118, 120, 123, 126, 129, 133, 137, 140, 143, 147, 151, 155, 159, 163, 170, 175, 180, 187, 197, 212]
       101      5,842,319     18.44%    52.955    -0.01%  [1, 2, 3, 4, 5, 6, 7, 8, 9, 10, 11, 12, 13, 14, 15, 16, 17, 18, 19, 20, 21, 22, 23, 24, 25, 26, 27, 28, 29, 30, 31, 32, 33, 34, 35, 36, 37, 38, 39, 40, 41, 42, 43, 44, 45, 47, 48, 50, 51, 52, 54, 55, 57, 59, 60, 62, 63, 65, 67, 69, 71, 73, 75, 77, 79, 81, 83, 85, 87, 89, 91, 93, 95, 97, 99, 102, 104, 106, 109, 112, 115, 118, 120, 123, 126, 129, 133, 137, 140, 143, 147, 151, 155, 159, 163, 170, 175, 180, 187, 197, 212]
       102      5,841,525     18.43%    52.948    -0.01%  [1, 2, 3, 4, 5, 6, 7, 8, 9, 10, 11, 12, 13, 14, 15, 16, 17, 18, 19, 20, 21, 22, 23, 24, 25, 26, 27, 28, 29, 30, 31, 32, 33, 34, 35, 36, 37, 38, 39, 40, 41, 42, 43, 44, 45, 47, 48, 50, 51, 52, 54, 55, 57, 59, 60, 62, 63, 65, 67, 69, 71, 73, 75, 77, 79, 81, 83, 85, 87, 89, 91, 93, 95, 97, 99, 102, 104, 106, 109, 112, 115, 118, 120, 123, 126, 129, 133, 137, 140, 143, 147, 150, 153, 157, 162, 166, 170, 175, 180, 187, 197, 212]
       103      5,840,758     18.41%    52.941    -0.01%  [1, 2, 3, 4, 5, 6, 7, 8, 9, 10, 11, 12, 13, 14, 15, 16, 17, 18, 19, 20, 21, 22, 23, 24, 25, 26, 27, 28, 29, 30, 31, 32, 33, 34, 35, 36, 37, 38, 39, 40, 41, 42, 43, 44, 45, 46, 47, 48, 50, 51, 52, 54, 55, 57, 59, 60, 62, 63, 65, 67, 69, 71, 73, 75, 77, 79, 81, 83, 85, 87, 89, 91, 93, 95, 97, 99, 102, 104, 106, 109, 112, 115, 118, 120, 123, 126, 129, 133, 137, 140, 143, 147, 150, 153, 157, 162, 166, 170, 175, 180, 187, 197, 212]
       104      5,839,991     18.40%    52.934    -0.01%  [1, 2, 3, 4, 5, 6, 7, 8, 9, 10, 11, 12, 13, 14, 15, 16, 17, 18, 19, 20, 21, 22, 23, 24, 25, 26, 27, 28, 29, 30, 31, 32, 33, 34, 35, 36, 37, 38, 39, 40, 41, 42, 43, 44, 45, 46, 47, 48, 50, 51, 52, 54, 55, 57, 59, 60, 62, 63, 65, 67, 69, 71, 73, 75, 77, 79, 81, 83, 85, 87, 89, 91, 93, 95, 97, 99, 102, 104, 106, 109, 112, 115, 118, 120, 123, 126, 128, 131, 133, 137, 140, 143, 147, 150, 153, 157, 162, 166, 170, 175, 180, 187, 197, 212]
       105      5,839,253     18.38%    52.927    -0.01%  [1, 2, 3, 4, 5, 6, 7, 8, 9, 10, 11, 12, 13, 14, 15, 16, 17, 18, 19, 20, 21, 22, 23, 24, 25, 26, 27, 28, 29, 30, 31, 32, 33, 34, 35, 36, 37, 38, 39, 40, 41, 42, 43, 44, 45, 46, 47, 48, 49, 50, 51, 52, 54, 55, 57, 59, 60, 62, 63, 65, 67, 69, 71, 73, 75, 77, 79, 81, 83, 85, 87, 89, 91, 93, 95, 97, 99, 102, 104, 106, 109, 112, 115, 118, 120, 123, 126, 128, 131, 133, 137, 140, 143, 147, 150, 153, 157, 162, 166, 170, 175, 180, 187, 197, 212]
       106      5,838,537     18.37%    52.921    -0.01%  [1, 2, 3, 4, 5, 6, 7, 8, 9, 10, 11, 12, 13, 14, 15, 16, 17, 18, 19, 20, 21, 22, 23, 24, 25, 26, 27, 28, 29, 30, 31, 32, 33, 34, 35, 36, 37, 38, 39, 40, 41, 42, 43, 44, 45, 46, 47, 48, 49, 50, 51, 52, 54, 55, 57, 59, 60, 62, 63, 65, 67, 69, 71, 73, 75, 77, 79, 81, 83, 85, 87, 89, 91, 93, 95, 97, 99, 102, 104, 106, 109, 112, 115, 118, 120, 123, 126, 128, 131, 133, 137, 140, 143, 147, 150, 153, 156, 159, 162, 166, 170, 175, 180, 187, 197, 212]
       107      5,837,828     18.35%    52.914    -0.01%  [1, 2, 3, 4, 5, 6, 7, 8, 9, 10, 11, 12, 13, 14, 15, 16, 17, 18, 19, 20, 21, 22, 23, 24, 25, 26, 27, 28, 29, 30, 31, 32, 33, 34, 35, 36, 37, 38, 39, 40, 41, 42, 43, 44, 45, 46, 47, 48, 49, 50, 51, 52, 54, 55, 57, 59, 60, 62, 63, 65, 67, 69, 71, 73, 75, 76, 78, 80, 82, 84, 85, 87, 89, 91, 93, 95, 97, 99, 102, 104, 106, 109, 112, 115, 118, 120, 123, 126, 128, 131, 133, 137, 140, 143, 147, 150, 153, 156, 159, 162, 166, 170, 175, 180, 187, 197, 212]
       108      5,837,154     18.34%    52.908    -0.01%  [1, 2, 3, 4, 5, 6, 7, 8, 9, 10, 11, 12, 13, 14, 15, 16, 17, 18, 19, 20, 21, 22, 23, 24, 25, 26, 27, 28, 29, 30, 31, 32, 33, 34, 35, 36, 37, 38, 39, 40, 41, 42, 43, 44, 45, 46, 47, 48, 49, 50, 51, 52, 54, 55, 57, 58, 59, 60, 62, 63, 65, 67, 69, 71, 73, 75, 76, 78, 80, 82, 84, 85, 87, 89, 91, 93, 95, 97, 99, 102, 104, 106, 109, 112, 115, 118, 120, 123, 126, 128, 131, 133, 137, 140, 143, 147, 150, 153, 156, 159, 162, 166, 170, 175, 180, 187, 197, 212]
       109      5,836,496     18.33%    52.902    -0.01%  [1, 2, 3, 4, 5, 6, 7, 8, 9, 10, 11, 12, 13, 14, 15, 16, 17, 18, 19, 20, 21, 22, 23, 24, 25, 26, 27, 28, 29, 30, 31, 32, 33, 34, 35, 36, 37, 38, 39, 40, 41, 42, 43, 44, 45, 46, 47, 48, 49, 50, 51, 52, 53, 54, 55, 57, 58, 59, 60, 62, 63, 65, 67, 69, 71, 73, 75, 76, 78, 80, 82, 84, 85, 87, 89, 91, 93, 95, 97, 99, 102, 104, 106, 109, 112, 115, 118, 120, 123, 126, 128, 131, 133, 137, 140, 143, 147, 150, 153, 156, 159, 162, 166, 170, 175, 180, 187, 197, 212]
       110      5,835,870     18.31%    52.897    -0.01%  [1, 2, 3, 4, 5, 6, 7, 8, 9, 10, 11, 12, 13, 14, 15, 16, 17, 18, 19, 20, 21, 22, 23, 24, 25, 26, 27, 28, 29, 30, 31, 32, 33, 34, 35, 36, 37, 38, 39, 40, 41, 42, 43, 44, 45, 46, 47, 48, 49, 50, 51, 52, 53, 54, 55, 57, 58, 59, 60, 62, 63, 65, 67, 69, 71, 73, 75, 76, 78, 80, 82, 84, 85, 87, 89, 91, 93, 95, 97, 99, 102, 104, 106, 108, 110, 113, 115, 118, 120, 123, 126, 128, 131, 133, 137, 140, 143, 147, 150, 153, 156, 159, 162, 166, 170, 175, 180, 187, 197, 212]
       111      5,835,268     18.30%    52.891    -0.01%  [1, 2, 3, 4, 5, 6, 7, 8, 9, 10, 11, 12, 13, 14, 15, 16, 17, 18, 19, 20, 21, 22, 23, 24, 25, 26, 27, 28, 29, 30, 31, 32, 33, 34, 35, 36, 37, 38, 39, 40, 41, 42, 43, 44, 45, 46, 47, 48, 49, 50, 51, 52, 53, 54, 55, 57, 58, 59, 60, 62, 63, 65, 67, 69, 71, 73, 75, 76, 78, 80, 82, 84, 85, 87, 89, 91, 93, 95, 97, 99, 102, 104, 106, 108, 110, 113, 115, 118, 120, 122, 124, 126, 128, 131, 133, 137, 140, 143, 147, 150, 153, 156, 159, 162, 166, 170, 175, 180, 187, 197, 212]
       112      5,834,674     18.29%    52.886    -0.01%  [1, 2, 3, 4, 5, 6, 7, 8, 9, 10, 11, 12, 13, 14, 15, 16, 17, 18, 19, 20, 21, 22, 23, 24, 25, 26, 27, 28, 29, 30, 31, 32, 33, 34, 35, 36, 37, 38, 39, 40, 41, 42, 43, 44, 45, 46, 47, 48, 49, 50, 51, 52, 53, 54, 55, 57, 58, 59, 60, 62, 63, 64, 66, 67, 69, 71, 73, 75, 76, 78, 80, 82, 84, 85, 87, 89, 91, 93, 95, 97, 99, 102, 104, 106, 108, 110, 113, 115, 118, 120, 122, 124, 126, 128, 131, 133, 137, 140, 143, 147, 150, 153, 156, 159, 162, 166, 170, 175, 180, 187, 197, 212]
       113      5,834,084     18.28%    52.880    -0.01%  [1, 2, 3, 4, 5, 6, 7, 8, 9, 10, 11, 12, 13, 14, 15, 16, 17, 18, 19, 20, 21, 22, 23, 24, 25, 26, 27, 28, 29, 30, 31, 32, 33, 34, 35, 36, 37, 38, 39, 40, 41, 42, 43, 44, 45, 46, 47, 48, 49, 50, 51, 52, 53, 54, 55, 57, 58, 59, 60, 62, 63, 64, 66, 67, 69, 71, 72, 73, 75, 76, 78, 80, 82, 84, 85, 87, 89, 91, 93, 95, 97, 99, 102, 104, 106, 108, 110, 113, 115, 118, 120, 122, 124, 126, 128, 131, 133, 137, 140, 143, 147, 150, 153, 156, 159, 162, 166, 170, 175, 180, 187, 197, 212]
       114      5,833,509     18.26%    52.875    -0.01%  [1, 2, 3, 4, 5, 6, 7, 8, 9, 10, 11, 12, 13, 14, 15, 16, 17, 18, 19, 20, 21, 22, 23, 24, 25, 26, 27, 28, 29, 30, 31, 32, 33, 34, 35, 36, 37, 38, 39, 40, 41, 42, 43, 44, 45, 46, 47, 48, 49, 50, 51, 52, 53, 54, 55, 57, 58, 59, 60, 62, 63, 64, 66, 67, 69, 71, 72, 73, 75, 76, 78, 80, 82, 84, 85, 87, 89, 91, 93, 95, 97, 99, 102, 104, 106, 108, 110, 113, 115, 118, 120, 122, 124, 126, 128, 131, 133, 137, 140, 143, 147, 150, 153, 156, 159, 162, 166, 169, 172, 176, 181, 188, 197, 212]
       115      5,832,939     18.25%    52.870    -0.01%  [1, 2, 3, 4, 5, 6, 7, 8, 9, 10, 11, 12, 13, 14, 15, 16, 17, 18, 19, 20, 21, 22, 23, 24, 25, 26, 27, 28, 29, 30, 31, 32, 33, 34, 35, 36, 37, 38, 39, 40, 41, 42, 43, 44, 45, 46, 47, 48, 49, 50, 51, 52, 53, 54, 55, 56, 57, 58, 59, 60, 62, 63, 64, 66, 67, 69, 71, 72, 73, 75, 76, 78, 80, 82, 84, 85, 87, 89, 91, 93, 95, 97, 99, 102, 104, 106, 108, 110, 113, 115, 118, 120, 122, 124, 126, 128, 131, 133, 137, 140, 143, 147, 150, 153, 156, 159, 162, 166, 169, 172, 176, 181, 188, 197, 212]
       116      5,832,393     18.24%    52.865    -0.01%  [1, 2, 3, 4, 5, 6, 7, 8, 9, 10, 11, 12, 13, 14, 15, 16, 17, 18, 19, 20, 21, 22, 23, 24, 25, 26, 27, 28, 29, 30, 31, 32, 33, 34, 35, 36, 37, 38, 39, 40, 41, 42, 43, 44, 45, 46, 47, 48, 49, 50, 51, 52, 53, 54, 55, 56, 57, 58, 59, 60, 62, 63, 64, 66, 67, 69, 71, 72, 73, 75, 76, 78, 80, 82, 84, 85, 87, 89, 91, 93, 95, 97, 99, 102, 104, 106, 108, 110, 112, 114, 116, 118, 120, 122, 124, 126, 128, 131, 133, 137, 140, 143, 147, 150, 153, 156, 159, 162, 166, 169, 172, 176, 181, 188, 197, 212]
       117      5,831,852     18.23%    52.860    -0.01%  [1, 2, 3, 4, 5, 6, 7, 8, 9, 10, 11, 12, 13, 14, 15, 16, 17, 18, 19, 20, 21, 22, 23, 24, 25, 26, 27, 28, 29, 30, 31, 32, 33, 34, 35, 36, 37, 38, 39, 40, 41, 42, 43, 44, 45, 46, 47, 48, 49, 50, 51, 52, 53, 54, 55, 56, 57, 58, 59, 60, 61, 62, 63, 64, 66, 67, 69, 71, 72, 73, 75, 76, 78, 80, 82, 84, 85, 87, 89, 91, 93, 95, 97, 99, 102, 104, 106, 108, 110, 112, 114, 116, 118, 120, 122, 124, 126, 128, 131, 133, 137, 140, 143, 147, 150, 153, 156, 159, 162, 166, 169, 172, 176, 181, 188, 197, 212]
       118      5,831,312     18.22%    52.855    -0.01%  [1, 2, 3, 4, 5, 6, 7, 8, 9, 10, 11, 12, 13, 14, 15, 16, 17, 18, 19, 20, 21, 22, 23, 24, 25, 26, 27, 28, 29, 30, 31, 32, 33, 34, 35, 36, 37, 38, 39, 40, 41, 42, 43, 44, 45, 46, 47, 48, 49, 50, 51, 52, 53, 54, 55, 56, 57, 58, 59, 60, 61, 62, 63, 64, 65, 66, 67, 69, 71, 72, 73, 75, 76, 78, 80, 82, 84, 85, 87, 89, 91, 93, 95, 97, 99, 102, 104, 106, 108, 110, 112, 114, 116, 118, 120, 122, 124, 126, 128, 131, 133, 137, 140, 143, 147, 150, 153, 156, 159, 162, 166, 169, 172, 176, 181, 188, 197, 212]
       119      5,830,783     18.21%    52.850    -0.01%  [1, 2, 3, 4, 5, 6, 7, 8, 9, 10, 11, 12, 13, 14, 15, 16, 17, 18, 19, 20, 21, 22, 23, 24, 25, 26, 27, 28, 29, 30, 31, 32, 33, 34, 35, 36, 37, 38, 39, 40, 41, 42, 43, 44, 45, 46, 47, 48, 49, 50, 51, 52, 53, 54, 55, 56, 57, 58, 59, 60, 61, 62, 63, 64, 65, 66, 67, 68, 70, 71, 72, 73, 75, 76, 78, 80, 82, 84, 85, 87, 89, 91, 93, 95, 97, 99, 102, 104, 106, 108, 110, 112, 114, 116, 118, 120, 122, 124, 126, 128, 131, 133, 137, 140, 143, 147, 150, 153, 156, 159, 162, 166, 169, 172, 176, 181, 188, 197, 212]
       120      5,830,259     18.20%    52.846    -0.01%  [1, 2, 3, 4, 5, 6, 7, 8, 9, 10, 11, 12, 13, 14, 15, 16, 17, 18, 19, 20, 21, 22, 23, 24, 25, 26, 27, 28, 29, 30, 31, 32, 33, 34, 35, 36, 37, 38, 39, 40, 41, 42, 43, 44, 45, 46, 47, 48, 49, 50, 51, 52, 53, 54, 55, 56, 57, 58, 59, 60, 61, 62, 63, 64, 65, 66, 67, 68, 70, 71, 72, 73, 75, 76, 78, 80, 82, 84, 85, 87, 89, 91, 93, 95, 97, 99, 102, 104, 106, 108, 110, 112, 114, 116, 118, 120, 122, 124, 126, 128, 131, 133, 137, 140, 143, 145, 147, 150, 153, 156, 159, 162, 166, 169, 172, 176, 181, 188, 197, 212]
       121      5,829,749     18.19%    52.841    -0.01%  [1, 2, 3, 4, 5, 6, 7, 8, 9, 10, 11, 12, 13, 14, 15, 16, 17, 18, 19, 20, 21, 22, 23, 24, 25, 26, 27, 28, 29, 30, 31, 32, 33, 34, 35, 36, 37, 38, 39, 40, 41, 42, 43, 44, 45, 46, 47, 48, 49, 50, 51, 52, 53, 54, 55, 56, 57, 58, 59, 60, 61, 62, 63, 64, 65, 66, 67, 68, 70, 71, 72, 73, 75, 76, 78, 80, 82, 84, 85, 87, 89, 91, 93, 95, 97, 99, 102, 104, 106, 108, 110, 112, 114, 116, 118, 120, 122, 124, 126, 128, 131, 133, 137, 140, 143, 145, 147, 150, 153, 156, 159, 162, 166, 169, 172, 176, 180, 185, 190, 198, 212]
       122      5,829,303     18.18%    52.837    -0.01%  [1, 2, 3, 4, 5, 6, 7, 8, 9, 10, 11, 12, 13, 14, 15, 16, 17, 18, 19, 20, 21, 22, 23, 24, 25, 26, 27, 28, 29, 30, 31, 32, 33, 34, 35, 36, 37, 38, 39, 40, 41, 42, 43, 44, 45, 46, 47, 48, 49, 50, 51, 52, 53, 54, 55, 56, 57, 58, 59, 60, 61, 62, 63, 64, 65, 66, 67, 68, 70, 71, 72, 73, 75, 76, 78, 80, 82, 84, 85, 87, 89, 91, 93, 95, 97, 99, 102, 104, 106, 108, 110, 112, 114, 116, 118, 120, 122, 124, 126, 128, 131, 133, 135, 137, 140, 143, 145, 147, 150, 153, 156, 159, 162, 166, 169, 172, 176, 180, 185, 190, 198, 212]
       123      5,828,869     18.17%    52.833    -0.01%  [1, 2, 3, 4, 5, 6, 7, 8, 9, 10, 11, 12, 13, 14, 15, 16, 17, 18, 19, 20, 21, 22, 23, 24, 25, 26, 27, 28, 29, 30, 31, 32, 33, 34, 35, 36, 37, 38, 39, 40, 41, 42, 43, 44, 45, 46, 47, 48, 49, 50, 51, 52, 53, 54, 55, 56, 57, 58, 59, 60, 61, 62, 63, 64, 65, 66, 67, 68, 70, 71, 72, 73, 75, 76, 77, 78, 80, 82, 84, 85, 87, 89, 91, 93, 95, 97, 99, 102, 104, 106, 108, 110, 112, 114, 116, 118, 120, 122, 124, 126, 128, 131, 133, 135, 137, 140, 143, 145, 147, 150, 153, 156, 159, 162, 166, 169, 172, 176, 180, 185, 190, 198, 212]
       124      5,828,444     18.16%    52.829    -0.01%  [1, 2, 3, 4, 5, 6, 7, 8, 9, 10, 11, 12, 13, 14, 15, 16, 17, 18, 19, 20, 21, 22, 23, 24, 25, 26, 27, 28, 29, 30, 31, 32, 33, 34, 35, 36, 37, 38, 39, 40, 41, 42, 43, 44, 45, 46, 47, 48, 49, 50, 51, 52, 53, 54, 55, 56, 57, 58, 59, 60, 61, 62, 63, 64, 65, 66, 67, 68, 70, 71, 72, 73, 75, 76, 77, 78, 80, 82, 83, 84, 85, 87, 89, 91, 93, 95, 97, 99, 102, 104, 106, 108, 110, 112, 114, 116, 118, 120, 122, 124, 126, 128, 131, 133, 135, 137, 140, 143, 145, 147, 150, 153, 156, 159, 162, 166, 169, 172, 176, 180, 185, 190, 198, 212]
       125      5,828,020     18.15%    52.825    -0.01%  [1, 2, 3, 4, 5, 6, 7, 8, 9, 10, 11, 12, 13, 14, 15, 16, 17, 18, 19, 20, 21, 22, 23, 24, 25, 26, 27, 28, 29, 30, 31, 32, 33, 34, 35, 36, 37, 38, 39, 40, 41, 42, 43, 44, 45, 46, 47, 48, 49, 50, 51, 52, 53, 54, 55, 56, 57, 58, 59, 60, 61, 62, 63, 64, 65, 66, 67, 68, 70, 71, 72, 73, 75, 76, 77, 78, 80, 82, 83, 84, 85, 86, 87, 89, 91, 93, 95, 97, 99, 102, 104, 106, 108, 110, 112, 114, 116, 118, 120, 122, 124, 126, 128, 131, 133, 135, 137, 140, 143, 145, 147, 150, 153, 156, 159, 162, 166, 169, 172, 176, 180, 185, 190, 198, 212]
       126      5,827,603     18.14%    52.822    -0.01%  [1, 2, 3, 4, 5, 6, 7, 8, 9, 10, 11, 12, 13, 14, 15, 16, 17, 18, 19, 20, 21, 22, 23, 24, 25, 26, 27, 28, 29, 30, 31, 32, 33, 34, 35, 36, 37, 38, 39, 40, 41, 42, 43, 44, 45, 46, 47, 48, 49, 50, 51, 52, 53, 54, 55, 56, 57, 58, 59, 60, 61, 62, 63, 64, 65, 66, 67, 68, 70, 71, 72, 73, 75, 76, 77, 78, 80, 82, 83, 84, 85, 86, 87, 89, 91, 93, 95, 97, 99, 102, 104, 106, 108, 110, 112, 114, 116, 118, 120, 122, 123, 125, 127, 129, 131, 133, 135, 137, 140, 143, 145, 147, 150, 153, 156, 159, 162, 166, 169, 172, 176, 180, 185, 190, 198, 212]
       127      5,827,214     18.14%    52.818    -0.01%  [1, 2, 3, 4, 5, 6, 7, 8, 9, 10, 11, 12, 13, 14, 15, 16, 17, 18, 19, 20, 21, 22, 23, 24, 25, 26, 27, 28, 29, 30, 31, 32, 33, 34, 35, 36, 37, 38, 39, 40, 41, 42, 43, 44, 45, 46, 47, 48, 49, 50, 51, 52, 53, 54, 55, 56, 57, 58, 59, 60, 61, 62, 63, 64, 65, 66, 67, 68, 70, 71, 72, 73, 75, 76, 77, 78, 80, 82, 83, 84, 85, 86, 87, 89, 91, 93, 94, 96, 97, 99, 102, 104, 106, 108, 110, 112, 114, 116, 118, 120, 122, 123, 125, 127, 129, 131, 133, 135, 137, 140, 143, 145, 147, 150, 153, 156, 159, 162, 166, 169, 172, 176, 180, 185, 190, 198, 212]
       128      5,826,830     18.13%    52.815    -0.01%  [1, 2, 3, 4, 5, 6, 7, 8, 9, 10, 11, 12, 13, 14, 15, 16, 17, 18, 19, 20, 21, 22, 23, 24, 25, 26, 27, 28, 29, 30, 31, 32, 33, 34, 35, 36, 37, 38, 39, 40, 41, 42, 43, 44, 45, 46, 47, 48, 49, 50, 51, 52, 53, 54, 55, 56, 57, 58, 59, 60, 61, 62, 63, 64, 65, 66, 67, 68, 69, 70, 71, 72, 73, 75, 76, 77, 78, 80, 82, 83, 84, 85, 86, 87, 89, 91, 93, 94, 96, 97, 99, 102, 104, 106, 108, 110, 112, 114, 116, 118, 120, 122, 123, 125, 127, 129, 131, 133, 135, 137, 140, 143, 145, 147, 150, 153, 156, 159, 162, 166, 169, 172, 176, 180, 185, 190, 198, 212]
       129      5,826,464     18.12%    52.811    -0.01%  [1, 2, 3, 4, 5, 6, 7, 8, 9, 10, 11, 12, 13, 14, 15, 16, 17, 18, 19, 20, 21, 22, 23, 24, 25, 26, 27, 28, 29, 30, 31, 32, 33, 34, 35, 36, 37, 38, 39, 40, 41, 42, 43, 44, 45, 46, 47, 48, 49, 50, 51, 52, 53, 54, 55, 56, 57, 58, 59, 60, 61, 62, 63, 64, 65, 66, 67, 68, 69, 70, 71, 72, 73, 75, 76, 77, 78, 79, 81, 82, 83, 84, 85, 86, 87, 89, 91, 93, 94, 96, 97, 99, 102, 104, 106, 108, 110, 112, 114, 116, 118, 120, 122, 123, 125, 127, 129, 131, 133, 135, 137, 140, 143, 145, 147, 150, 153, 156, 159, 162, 166, 169, 172, 176, 180, 185, 190, 198, 212]
       130      5,826,099     18.11%    52.808    -0.01%  [1, 2, 3, 4, 5, 6, 7, 8, 9, 10, 11, 12, 13, 14, 15, 16, 17, 18, 19, 20, 21, 22, 23, 24, 25, 26, 27, 28, 29, 30, 31, 32, 33, 34, 35, 36, 37, 38, 39, 40, 41, 42, 43, 44, 45, 46, 47, 48, 49, 50, 51, 52, 53, 54, 55, 56, 57, 58, 59, 60, 61, 62, 63, 64, 65, 66, 67, 68, 69, 70, 71, 72, 73, 75, 76, 77, 78, 79, 81, 82, 83, 84, 85, 86, 87, 88, 89, 91, 93, 94, 96, 97, 99, 102, 104, 106, 108, 110, 112, 114, 116, 118, 120, 122, 123, 125, 127, 129, 131, 133, 135, 137, 140, 143, 145, 147, 150, 153, 156, 159, 162, 166, 169, 172, 176, 180, 185, 190, 198, 212]
       131      5,825,746     18.11%    52.805    -0.01%  [1, 2, 3, 4, 5, 6, 7, 8, 9, 10, 11, 12, 13, 14, 15, 16, 17, 18, 19, 20, 21, 22, 23, 24, 25, 26, 27, 28, 29, 30, 31, 32, 33, 34, 35, 36, 37, 38, 39, 40, 41, 42, 43, 44, 45, 46, 47, 48, 49, 50, 51, 52, 53, 54, 55, 56, 57, 58, 59, 60, 61, 62, 63, 64, 65, 66, 67, 68, 69, 70, 71, 72, 73, 74, 75, 76, 77, 78, 79, 81, 82, 83, 84, 85, 86, 87, 88, 89, 91, 93, 94, 96, 97, 99, 102, 104, 106, 108, 110, 112, 114, 116, 118, 120, 122, 123, 125, 127, 129, 131, 133, 135, 137, 140, 143, 145, 147, 150, 153, 156, 159, 162, 166, 169, 172, 176, 180, 185, 190, 198, 212]
       132      5,825,396     18.10%    52.802    -0.01%  [1, 2, 3, 4, 5, 6, 7, 8, 9, 10, 11, 12, 13, 14, 15, 16, 17, 18, 19, 20, 21, 22, 23, 24, 25, 26, 27, 28, 29, 30, 31, 32, 33, 34, 35, 36, 37, 38, 39, 40, 41, 42, 43, 44, 45, 46, 47, 48, 49, 50, 51, 52, 53, 54, 55, 56, 57, 58, 59, 60, 61, 62, 63, 64, 65, 66, 67, 68, 69, 70, 71, 72, 73, 74, 75, 76, 77, 78, 79, 81, 82, 83, 84, 85, 86, 87, 88, 89, 91, 93, 94, 96, 97, 99, 100, 102, 104, 106, 108, 110, 112, 114, 116, 118, 120, 122, 123, 125, 127, 129, 131, 133, 135, 137, 140, 143, 145, 147, 150, 153, 156, 159, 162, 166, 169, 172, 176, 180, 185, 190, 198, 212]
       133      5,825,056     18.09%    52.799    -0.01%  [1, 2, 3, 4, 5, 6, 7, 8, 9, 10, 11, 12, 13, 14, 15, 16, 17, 18, 19, 20, 21, 22, 23, 24, 25, 26, 27, 28, 29, 30, 31, 32, 33, 34, 35, 36, 37, 38, 39, 40, 41, 42, 43, 44, 45, 46, 47, 48, 49, 50, 51, 52, 53, 54, 55, 56, 57, 58, 59, 60, 61, 62, 63, 64, 65, 66, 67, 68, 69, 70, 71, 72, 73, 74, 75, 76, 77, 78, 79, 81, 82, 83, 84, 85, 86, 87, 88, 89, 91, 92, 93, 94, 96, 97, 99, 100, 102, 104, 106, 108, 110, 112, 114, 116, 118, 120, 122, 123, 125, 127, 129, 131, 133, 135, 137, 140, 143, 145, 147, 150, 153, 156, 159, 162, 166, 169, 172, 176, 180, 185, 190, 198, 212]
       134      5,824,722     18.09%    52.796    -0.01%  [1, 2, 3, 4, 5, 6, 7, 8, 9, 10, 11, 12, 13, 14, 15, 16, 17, 18, 19, 20, 21, 22, 23, 24, 25, 26, 27, 28, 29, 30, 31, 32, 33, 34, 35, 36, 37, 38, 39, 40, 41, 42, 43, 44, 45, 46, 47, 48, 49, 50, 51, 52, 53, 54, 55, 56, 57, 58, 59, 60, 61, 62, 63, 64, 65, 66, 67, 68, 69, 70, 71, 72, 73, 74, 75, 76, 77, 78, 79, 81, 82, 83, 84, 85, 86, 87, 88, 89, 91, 92, 93, 94, 95, 96, 97, 99, 100, 102, 104, 106, 108, 110, 112, 114, 116, 118, 120, 122, 123, 125, 127, 129, 131, 133, 135, 137, 140, 143, 145, 147, 150, 153, 156, 159, 162, 166, 169, 172, 176, 180, 185, 190, 198, 212]
       135      5,824,403     18.08%    52.793    -0.01%  [1, 2, 3, 4, 5, 6, 7, 8, 9, 10, 11, 12, 13, 14, 15, 16, 17, 18, 19, 20, 21, 22, 23, 24, 25, 26, 27, 28, 29, 30, 31, 32, 33, 34, 35, 36, 37, 38, 39, 40, 41, 42, 43, 44, 45, 46, 47, 48, 49, 50, 51, 52, 53, 54, 55, 56, 57, 58, 59, 60, 61, 62, 63, 64, 65, 66, 67, 68, 69, 70, 71, 72, 73, 74, 75, 76, 77, 78, 79, 81, 82, 83, 84, 85, 86, 87, 88, 89, 91, 92, 93, 94, 95, 96, 97, 99, 100, 102, 104, 106, 108, 110, 112, 114, 116, 118, 120, 122, 123, 125, 127, 129, 131, 133, 135, 137, 140, 143, 145, 147, 150, 153, 156, 159, 161, 163, 166, 169, 172, 176, 180, 185, 190, 198, 212]
       136      5,824,097     18.07%    52.790    -0.01%  [1, 2, 3, 4, 5, 6, 7, 8, 9, 10, 11, 12, 13, 14, 15, 16, 17, 18, 19, 20, 21, 22, 23, 24, 25, 26, 27, 28, 29, 30, 31, 32, 33, 34, 35, 36, 37, 38, 39, 40, 41, 42, 43, 44, 45, 46, 47, 48, 49, 50, 51, 52, 53, 54, 55, 56, 57, 58, 59, 60, 61, 62, 63, 64, 65, 66, 67, 68, 69, 70, 71, 72, 73, 74, 75, 76, 77, 78, 79, 81, 82, 83, 84, 85, 86, 87, 88, 89, 91, 92, 93, 94, 95, 96, 97, 99, 100, 102, 104, 106, 108, 110, 112, 114, 116, 118, 120, 122, 123, 125, 127, 129, 131, 133, 135, 137, 140, 143, 145, 147, 150, 153, 156, 159, 161, 163, 166, 169, 172, 176, 180, 185, 190, 197, 202, 212]
       137      5,823,796     18.07%    52.787    -0.01%  [1, 2, 3, 4, 5, 6, 7, 8, 9, 10, 11, 12, 13, 14, 15, 16, 17, 18, 19, 20, 21, 22, 23, 24, 25, 26, 27, 28, 29, 30, 31, 32, 33, 34, 35, 36, 37, 38, 39, 40, 41, 42, 43, 44, 45, 46, 47, 48, 49, 50, 51, 52, 53, 54, 55, 56, 57, 58, 59, 60, 61, 62, 63, 64, 65, 66, 67, 68, 69, 70, 71, 72, 73, 74, 75, 76, 77, 78, 79, 80, 81, 82, 83, 84, 85, 86, 87, 88, 89, 91, 92, 93, 94, 95, 96, 97, 99, 100, 102, 104, 106, 108, 110, 112, 114, 116, 118, 120, 122, 123, 125, 127, 129, 131, 133, 135, 137, 140, 143, 145, 147, 150, 153, 156, 159, 161, 163, 166, 169, 172, 176, 180, 185, 190, 197, 202, 212]
       138      5,823,510     18.06%    52.785    -0.00%  [1, 2, 3, 4, 5, 6, 7, 8, 9, 10, 11, 12, 13, 14, 15, 16, 17, 18, 19, 20, 21, 22, 23, 24, 25, 26, 27, 28, 29, 30, 31, 32, 33, 34, 35, 36, 37, 38, 39, 40, 41, 42, 43, 44, 45, 46, 47, 48, 49, 50, 51, 52, 53, 54, 55, 56, 57, 58, 59, 60, 61, 62, 63, 64, 65, 66, 67, 68, 69, 70, 71, 72, 73, 74, 75, 76, 77, 78, 79, 80, 81, 82, 83, 84, 85, 86, 87, 88, 89, 91, 92, 93, 94, 95, 96, 97, 99, 100, 102, 104, 106, 107, 109, 110, 112, 114, 116, 118, 120, 122, 123, 125, 127, 129, 131, 133, 135, 137, 140, 143, 145, 147, 150, 153, 156, 159, 161, 163, 166, 169, 172, 176, 180, 185, 190, 197, 202, 212]
       139      5,823,228     18.06%    52.782    -0.00%  [1, 2, 3, 4, 5, 6, 7, 8, 9, 10, 11, 12, 13, 14, 15, 16, 17, 18, 19, 20, 21, 22, 23, 24, 25, 26, 27, 28, 29, 30, 31, 32, 33, 34, 35, 36, 37, 38, 39, 40, 41, 42, 43, 44, 45, 46, 47, 48, 49, 50, 51, 52, 53, 54, 55, 56, 57, 58, 59, 60, 61, 62, 63, 64, 65, 66, 67, 68, 69, 70, 71, 72, 73, 74, 75, 76, 77, 78, 79, 80, 81, 82, 83, 84, 85, 86, 87, 88, 89, 91, 92, 93, 94, 95, 96, 97, 99, 100, 102, 104, 106, 107, 109, 110, 112, 114, 116, 118, 120, 122, 123, 125, 127, 129, 131, 133, 135, 137, 140, 143, 145, 147, 150, 153, 156, 159, 161, 163, 166, 169, 172, 175, 178, 181, 186, 190, 197, 202, 212]
       140      5,822,951     18.05%    52.779    -0.00%  [1, 2, 3, 4, 5, 6, 7, 8, 9, 10, 11, 12, 13, 14, 15, 16, 17, 18, 19, 20, 21, 22, 23, 24, 25, 26, 27, 28, 29, 30, 31, 32, 33, 34, 35, 36, 37, 38, 39, 40, 41, 42, 43, 44, 45, 46, 47, 48, 49, 50, 51, 52, 53, 54, 55, 56, 57, 58, 59, 60, 61, 62, 63, 64, 65, 66, 67, 68, 69, 70, 71, 72, 73, 74, 75, 76, 77, 78, 79, 80, 81, 82, 83, 84, 85, 86, 87, 88, 89, 91, 92, 93, 94, 95, 96, 97, 99, 100, 102, 104, 106, 107, 109, 110, 112, 114, 116, 118, 120, 122, 123, 125, 127, 129, 131, 133, 135, 137, 140, 142, 143, 145, 147, 150, 153, 156, 159, 161, 163, 166, 169, 172, 175, 178, 181, 186, 190, 197, 202, 212]
       141      5,822,675     18.05%    52.777    -0.00%  [1, 2, 3, 4, 5, 6, 7, 8, 9, 10, 11, 12, 13, 14, 15, 16, 17, 18, 19, 20, 21, 22, 23, 24, 25, 26, 27, 28, 29, 30, 31, 32, 33, 34, 35, 36, 37, 38, 39, 40, 41, 42, 43, 44, 45, 46, 47, 48, 49, 50, 51, 52, 53, 54, 55, 56, 57, 58, 59, 60, 61, 62, 63, 64, 65, 66, 67, 68, 69, 70, 71, 72, 73, 74, 75, 76, 77, 78, 79, 80, 81, 82, 83, 84, 85, 86, 87, 88, 89, 90, 91, 92, 93, 94, 95, 96, 97, 99, 100, 102, 104, 106, 107, 109, 110, 112, 114, 116, 118, 120, 122, 123, 125, 127, 129, 131, 133, 135, 137, 140, 142, 143, 145, 147, 150, 153, 156, 159, 161, 163, 166, 169, 172, 175, 178, 181, 186, 190, 197, 202, 212]
       142      5,822,419     18.04%    52.775    -0.00%  [1, 2, 3, 4, 5, 6, 7, 8, 9, 10, 11, 12, 13, 14, 15, 16, 17, 18, 19, 20, 21, 22, 23, 24, 25, 26, 27, 28, 29, 30, 31, 32, 33, 34, 35, 36, 37, 38, 39, 40, 41, 42, 43, 44, 45, 46, 47, 48, 49, 50, 51, 52, 53, 54, 55, 56, 57, 58, 59, 60, 61, 62, 63, 64, 65, 66, 67, 68, 69, 70, 71, 72, 73, 74, 75, 76, 77, 78, 79, 80, 81, 82, 83, 84, 85, 86, 87, 88, 89, 90, 91, 92, 93, 94, 95, 96, 97, 99, 100, 102, 103, 104, 106, 107, 109, 110, 112, 114, 116, 118, 120, 122, 123, 125, 127, 129, 131, 133, 135, 137, 140, 142, 143, 145, 147, 150, 153, 156, 159, 161, 163, 166, 169, 172, 175, 178, 181, 186, 190, 197, 202, 212]
       143      5,822,164     18.03%    52.772    -0.00%  [1, 2, 3, 4, 5, 6, 7, 8, 9, 10, 11, 12, 13, 14, 15, 16, 17, 18, 19, 20, 21, 22, 23, 24, 25, 26, 27, 28, 29, 30, 31, 32, 33, 34, 35, 36, 37, 38, 39, 40, 41, 42, 43, 44, 45, 46, 47, 48, 49, 50, 51, 52, 53, 54, 55, 56, 57, 58, 59, 60, 61, 62, 63, 64, 65, 66, 67, 68, 69, 70, 71, 72, 73, 74, 75, 76, 77, 78, 79, 80, 81, 82, 83, 84, 85, 86, 87, 88, 89, 90, 91, 92, 93, 94, 95, 96, 97, 99, 100, 102, 103, 104, 105, 106, 107, 109, 110, 112, 114, 116, 118, 120, 122, 123, 125, 127, 129, 131, 133, 135, 137, 140, 142, 143, 145, 147, 150, 153, 156, 159, 161, 163, 166, 169, 172, 175, 178, 181, 186, 190, 197, 202, 212]
       144      5,821,912     18.03%    52.770    -0.00%  [1, 2, 3, 4, 5, 6, 7, 8, 9, 10, 11, 12, 13, 14, 15, 16, 17, 18, 19, 20, 21, 22, 23, 24, 25, 26, 27, 28, 29, 30, 31, 32, 33, 34, 35, 36, 37, 38, 39, 40, 41, 42, 43, 44, 45, 46, 47, 48, 49, 50, 51, 52, 53, 54, 55, 56, 57, 58, 59, 60, 61, 62, 63, 64, 65, 66, 67, 68, 69, 70, 71, 72, 73, 74, 75, 76, 77, 78, 79, 80, 81, 82, 83, 84, 85, 86, 87, 88, 89, 90, 91, 92, 93, 94, 95, 96, 97, 99, 100, 102, 103, 104, 105, 106, 107, 109, 110, 112, 114, 116, 118, 120, 122, 123, 125, 127, 129, 131, 133, 135, 137, 140, 142, 143, 145, 147, 150, 153, 155, 157, 159, 161, 163, 166, 169, 172, 175, 178, 181, 186, 190, 197, 202, 212]
       145      5,821,662     18.02%    52.768    -0.00%  [1, 2, 3, 4, 5, 6, 7, 8, 9, 10, 11, 12, 13, 14, 15, 16, 17, 18, 19, 20, 21, 22, 23, 24, 25, 26, 27, 28, 29, 30, 31, 32, 33, 34, 35, 36, 37, 38, 39, 40, 41, 42, 43, 44, 45, 46, 47, 48, 49, 50, 51, 52, 53, 54, 55, 56, 57, 58, 59, 60, 61, 62, 63, 64, 65, 66, 67, 68, 69, 70, 71, 72, 73, 74, 75, 76, 77, 78, 79, 80, 81, 82, 83, 84, 85, 86, 87, 88, 89, 90, 91, 92, 93, 94, 95, 96, 97, 99, 100, 102, 103, 104, 105, 106, 107, 109, 110, 112, 114, 116, 118, 120, 122, 123, 125, 126, 128, 129, 131, 133, 135, 137, 140, 142, 143, 145, 147, 150, 153, 155, 157, 159, 161, 163, 166, 169, 172, 175, 178, 181, 186, 190, 197, 202, 212]
       146      5,821,415     18.02%    52.766    -0.00%  [1, 2, 3, 4, 5, 6, 7, 8, 9, 10, 11, 12, 13, 14, 15, 16, 17, 18, 19, 20, 21, 22, 23, 24, 25, 26, 27, 28, 29, 30, 31, 32, 33, 34, 35, 36, 37, 38, 39, 40, 41, 42, 43, 44, 45, 46, 47, 48, 49, 50, 51, 52, 53, 54, 55, 56, 57, 58, 59, 60, 61, 62, 63, 64, 65, 66, 67, 68, 69, 70, 71, 72, 73, 74, 75, 76, 77, 78, 79, 80, 81, 82, 83, 84, 85, 86, 87, 88, 89, 90, 91, 92, 93, 94, 95, 96, 97, 99, 100, 102, 103, 104, 105, 106, 107, 109, 110, 112, 114, 116, 118, 120, 122, 123, 125, 126, 128, 129, 131, 133, 135, 137, 140, 142, 143, 145, 147, 150, 153, 155, 157, 159, 161, 163, 166, 168, 170, 172, 175, 178, 181, 186, 190, 197, 202, 212]
       147      5,821,176     18.01%    52.763    -0.00%  [1, 2, 3, 4, 5, 6, 7, 8, 9, 10, 11, 12, 13, 14, 15, 16, 17, 18, 19, 20, 21, 22, 23, 24, 25, 26, 27, 28, 29, 30, 31, 32, 33, 34, 35, 36, 37, 38, 39, 40, 41, 42, 43, 44, 45, 46, 47, 48, 49, 50, 51, 52, 53, 54, 55, 56, 57, 58, 59, 60, 61, 62, 63, 64, 65, 66, 67, 68, 69, 70, 71, 72, 73, 74, 75, 76, 77, 78, 79, 80, 81, 82, 83, 84, 85, 86, 87, 88, 89, 90, 91, 92, 93, 94, 95, 96, 97, 99, 100, 102, 103, 104, 105, 106, 107, 109, 110, 112, 114, 116, 118, 120, 122, 123, 125, 126, 128, 129, 131, 133, 135, 137, 140, 142, 143, 145, 147, 150, 153, 155, 157, 159, 161, 163, 166, 168, 170, 172, 175, 177, 180, 183, 187, 191, 197, 202, 212]
       148      5,820,941     18.01%    52.761    -0.00%  [1, 2, 3, 4, 5, 6, 7, 8, 9, 10, 11, 12, 13, 14, 15, 16, 17, 18, 19, 20, 21, 22, 23, 24, 25, 26, 27, 28, 29, 30, 31, 32, 33, 34, 35, 36, 37, 38, 39, 40, 41, 42, 43, 44, 45, 46, 47, 48, 49, 50, 51, 52, 53, 54, 55, 56, 57, 58, 59, 60, 61, 62, 63, 64, 65, 66, 67, 68, 69, 70, 71, 72, 73, 74, 75, 76, 77, 78, 79, 80, 81, 82, 83, 84, 85, 86, 87, 88, 89, 90, 91, 92, 93, 94, 95, 96, 97, 99, 100, 102, 103, 104, 105, 106, 107, 109, 110, 112, 114, 116, 118, 120, 122, 123, 125, 126, 128, 129, 131, 133, 135, 137, 139, 140, 142, 143, 145, 147, 150, 153, 155, 157, 159, 161, 163, 166, 168, 170, 172, 175, 177, 180, 183, 187, 191, 197, 202, 212]
       149      5,820,715     18.01%    52.759    -0.00%  [1, 2, 3, 4, 5, 6, 7, 8, 9, 10, 11, 12, 13, 14, 15, 16, 17, 18, 19, 20, 21, 22, 23, 24, 25, 26, 27, 28, 29, 30, 31, 32, 33, 34, 35, 36, 37, 38, 39, 40, 41, 42, 43, 44, 45, 46, 47, 48, 49, 50, 51, 52, 53, 54, 55, 56, 57, 58, 59, 60, 61, 62, 63, 64, 65, 66, 67, 68, 69, 70, 71, 72, 73, 74, 75, 76, 77, 78, 79, 80, 81, 82, 83, 84, 85, 86, 87, 88, 89, 90, 91, 92, 93, 94, 95, 96, 97, 98, 99, 100, 102, 103, 104, 105, 106, 107, 109, 110, 112, 114, 116, 118, 120, 122, 123, 125, 126, 128, 129, 131, 133, 135, 137, 139, 140, 142, 143, 145, 147, 150, 153, 155, 157, 159, 161, 163, 166, 168, 170, 172, 175, 177, 180, 183, 187, 191, 197, 202, 212]
       150      5,820,490     18.00%    52.757    -0.00%  [1, 2, 3, 4, 5, 6, 7, 8, 9, 10, 11, 12, 13, 14, 15, 16, 17, 18, 19, 20, 21, 22, 23, 24, 25, 26, 27, 28, 29, 30, 31, 32, 33, 34, 35, 36, 37, 38, 39, 40, 41, 42, 43, 44, 45, 46, 47, 48, 49, 50, 51, 52, 53, 54, 55, 56, 57, 58, 59, 60, 61, 62, 63, 64, 65, 66, 67, 68, 69, 70, 71, 72, 73, 74, 75, 76, 77, 78, 79, 80, 81, 82, 83, 84, 85, 86, 87, 88, 89, 90, 91, 92, 93, 94, 95, 96, 97, 98, 99, 100, 102, 103, 104, 105, 106, 107, 109, 110, 112, 114, 116, 118, 119, 120, 122, 123, 125, 126, 128, 129, 131, 133, 135, 137, 139, 140, 142, 143, 145, 147, 150, 153, 155, 157, 159, 161, 163, 166, 168, 170, 172, 175, 177, 180, 183, 187, 191, 197, 202, 212]
       151      5,820,265     18.00%    52.755    -0.00%  [1, 2, 3, 4, 5, 6, 7, 8, 9, 10, 11, 12, 13, 14, 15, 16, 17, 18, 19, 20, 21, 22, 23, 24, 25, 26, 27, 28, 29, 30, 31, 32, 33, 34, 35, 36, 37, 38, 39, 40, 41, 42, 43, 44, 45, 46, 47, 48, 49, 50, 51, 52, 53, 54, 55, 56, 57, 58, 59, 60, 61, 62, 63, 64, 65, 66, 67, 68, 69, 70, 71, 72, 73, 74, 75, 76, 77, 78, 79, 80, 81, 82, 83, 84, 85, 86, 87, 88, 89, 90, 91, 92, 93, 94, 95, 96, 97, 98, 99, 100, 102, 103, 104, 105, 106, 107, 109, 110, 112, 114, 116, 118, 119, 120, 122, 123, 125, 126, 128, 129, 131, 133, 135, 137, 139, 140, 142, 143, 145, 147, 149, 151, 153, 155, 157, 159, 161, 163, 166, 168, 170, 172, 175, 177, 180, 183, 187, 191, 197, 202, 212]
       152      5,820,041     17.99%    52.753    -0.00%  [1, 2, 3, 4, 5, 6, 7, 8, 9, 10, 11, 12, 13, 14, 15, 16, 17, 18, 19, 20, 21, 22, 23, 24, 25, 26, 27, 28, 29, 30, 31, 32, 33, 34, 35, 36, 37, 38, 39, 40, 41, 42, 43, 44, 45, 46, 47, 48, 49, 50, 51, 52, 53, 54, 55, 56, 57, 58, 59, 60, 61, 62, 63, 64, 65, 66, 67, 68, 69, 70, 71, 72, 73, 74, 75, 76, 77, 78, 79, 80, 81, 82, 83, 84, 85, 86, 87, 88, 89, 90, 91, 92, 93, 94, 95, 96, 97, 98, 99, 100, 102, 103, 104, 105, 106, 107, 109, 110, 112, 114, 116, 118, 119, 120, 122, 123, 125, 126, 127, 128, 129, 131, 133, 135, 137, 139, 140, 142, 143, 145, 147, 149, 151, 153, 155, 157, 159, 161, 163, 166, 168, 170, 172, 175, 177, 180, 183, 187, 191, 197, 202, 212]
       153      5,819,818     17.99%    52.751    -0.00%  [1, 2, 3, 4, 5, 6, 7, 8, 9, 10, 11, 12, 13, 14, 15, 16, 17, 18, 19, 20, 21, 22, 23, 24, 25, 26, 27, 28, 29, 30, 31, 32, 33, 34, 35, 36, 37, 38, 39, 40, 41, 42, 43, 44, 45, 46, 47, 48, 49, 50, 51, 52, 53, 54, 55, 56, 57, 58, 59, 60, 61, 62, 63, 64, 65, 66, 67, 68, 69, 70, 71, 72, 73, 74, 75, 76, 77, 78, 79, 80, 81, 82, 83, 84, 85, 86, 87, 88, 89, 90, 91, 92, 93, 94, 95, 96, 97, 98, 99, 100, 102, 103, 104, 105, 106, 107, 109, 110, 112, 113, 114, 116, 118, 119, 120, 122, 123, 125, 126, 127, 128, 129, 131, 133, 135, 137, 139, 140, 142, 143, 145, 147, 149, 151, 153, 155, 157, 159, 161, 163, 166, 168, 170, 172, 175, 177, 180, 183, 187, 191, 197, 202, 212]
       154      5,819,601     17.98%    52.749    -0.00%  [1, 2, 3, 4, 5, 6, 7, 8, 9, 10, 11, 12, 13, 14, 15, 16, 17, 18, 19, 20, 21, 22, 23, 24, 25, 26, 27, 28, 29, 30, 31, 32, 33, 34, 35, 36, 37, 38, 39, 40, 41, 42, 43, 44, 45, 46, 47, 48, 49, 50, 51, 52, 53, 54, 55, 56, 57, 58, 59, 60, 61, 62, 63, 64, 65, 66, 67, 68, 69, 70, 71, 72, 73, 74, 75, 76, 77, 78, 79, 80, 81, 82, 83, 84, 85, 86, 87, 88, 89, 90, 91, 92, 93, 94, 95, 96, 97, 98, 99, 100, 102, 103, 104, 105, 106, 107, 109, 110, 112, 113, 114, 116, 118, 119, 120, 121, 122, 123, 125, 126, 127, 128, 129, 131, 133, 135, 137, 139, 140, 142, 143, 145, 147, 149, 151, 153, 155, 157, 159, 161, 163, 166, 168, 170, 172, 175, 177, 180, 183, 187, 191, 197, 202, 212]
       155      5,819,386     17.98%    52.747    -0.00%  [1, 2, 3, 4, 5, 6, 7, 8, 9, 10, 11, 12, 13, 14, 15, 16, 17, 18, 19, 20, 21, 22, 23, 24, 25, 26, 27, 28, 29, 30, 31, 32, 33, 34, 35, 36, 37, 38, 39, 40, 41, 42, 43, 44, 45, 46, 47, 48, 49, 50, 51, 52, 53, 54, 55, 56, 57, 58, 59, 60, 61, 62, 63, 64, 65, 66, 67, 68, 69, 70, 71, 72, 73, 74, 75, 76, 77, 78, 79, 80, 81, 82, 83, 84, 85, 86, 87, 88, 89, 90, 91, 92, 93, 94, 95, 96, 97, 98, 99, 100, 102, 103, 104, 105, 106, 107, 109, 110, 112, 113, 114, 115, 116, 118, 119, 120, 121, 122, 123, 125, 126, 127, 128, 129, 131, 133, 135, 137, 139, 140, 142, 143, 145, 147, 149, 151, 153, 155, 157, 159, 161, 163, 166, 168, 170, 172, 175, 177, 180, 183, 187, 191, 197, 202, 212]
       156      5,819,191     17.97%    52.745    -0.00%  [1, 2, 3, 4, 5, 6, 7, 8, 9, 10, 11, 12, 13, 14, 15, 16, 17, 18, 19, 20, 21, 22, 23, 24, 25, 26, 27, 28, 29, 30, 31, 32, 33, 34, 35, 36, 37, 38, 39, 40, 41, 42, 43, 44, 45, 46, 47, 48, 49, 50, 51, 52, 53, 54, 55, 56, 57, 58, 59, 60, 61, 62, 63, 64, 65, 66, 67, 68, 69, 70, 71, 72, 73, 74, 75, 76, 77, 78, 79, 80, 81, 82, 83, 84, 85, 86, 87, 88, 89, 90, 91, 92, 93, 94, 95, 96, 97, 98, 99, 100, 102, 103, 104, 105, 106, 107, 109, 110, 112, 113, 114, 115, 116, 118, 119, 120, 121, 122, 123, 124, 125, 126, 127, 128, 129, 131, 133, 135, 137, 139, 140, 142, 143, 145, 147, 149, 151, 153, 155, 157, 159, 161, 163, 166, 168, 170, 172, 175, 177, 180, 183, 187, 191, 197, 202, 212]
       157      5,819,010     17.97%    52.744    -0.00%  [1, 2, 3, 4, 5, 6, 7, 8, 9, 10, 11, 12, 13, 14, 15, 16, 17, 18, 19, 20, 21, 22, 23, 24, 25, 26, 27, 28, 29, 30, 31, 32, 33, 34, 35, 36, 37, 38, 39, 40, 41, 42, 43, 44, 45, 46, 47, 48, 49, 50, 51, 52, 53, 54, 55, 56, 57, 58, 59, 60, 61, 62, 63, 64, 65, 66, 67, 68, 69, 70, 71, 72, 73, 74, 75, 76, 77, 78, 79, 80, 81, 82, 83, 84, 85, 86, 87, 88, 89, 90, 91, 92, 93, 94, 95, 96, 97, 98, 99, 100, 102, 103, 104, 105, 106, 107, 109, 110, 111, 112, 113, 114, 115, 116, 118, 119, 120, 121, 122, 123, 124, 125, 126, 127, 128, 129, 131, 133, 135, 137, 139, 140, 142, 143, 145, 147, 149, 151, 153, 155, 157, 159, 161, 163, 166, 168, 170, 172, 175, 177, 180, 183, 187, 191, 197, 202, 212]
       158      5,818,835     17.97%    52.742    -0.00%  [1, 2, 3, 4, 5, 6, 7, 8, 9, 10, 11, 12, 13, 14, 15, 16, 17, 18, 19, 20, 21, 22, 23, 24, 25, 26, 27, 28, 29, 30, 31, 32, 33, 34, 35, 36, 37, 38, 39, 40, 41, 42, 43, 44, 45, 46, 47, 48, 49, 50, 51, 52, 53, 54, 55, 56, 57, 58, 59, 60, 61, 62, 63, 64, 65, 66, 67, 68, 69, 70, 71, 72, 73, 74, 75, 76, 77, 78, 79, 80, 81, 82, 83, 84, 85, 86, 87, 88, 89, 90, 91, 92, 93, 94, 95, 96, 97, 98, 99, 100, 102, 103, 104, 105, 106, 107, 109, 110, 111, 112, 113, 114, 115, 116, 117, 118, 119, 120, 121, 122, 123, 124, 125, 126, 127, 128, 129, 131, 133, 135, 137, 139, 140, 142, 143, 145, 147, 149, 151, 153, 155, 157, 159, 161, 163, 166, 168, 170, 172, 175, 177, 180, 183, 187, 191, 197, 202, 212]
       159      5,818,665     17.96%    52.741    -0.00%  [1, 2, 3, 4, 5, 6, 7, 8, 9, 10, 11, 12, 13, 14, 15, 16, 17, 18, 19, 20, 21, 22, 23, 24, 25, 26, 27, 28, 29, 30, 31, 32, 33, 34, 35, 36, 37, 38, 39, 40, 41, 42, 43, 44, 45, 46, 47, 48, 49, 50, 51, 52, 53, 54, 55, 56, 57, 58, 59, 60, 61, 62, 63, 64, 65, 66, 67, 68, 69, 70, 71, 72, 73, 74, 75, 76, 77, 78, 79, 80, 81, 82, 83, 84, 85, 86, 87, 88, 89, 90, 91, 92, 93, 94, 95, 96, 97, 98, 99, 100, 102, 103, 104, 105, 106, 107, 108, 109, 110, 111, 112, 113, 114, 115, 116, 117, 118, 119, 120, 121, 122, 123, 124, 125, 126, 127, 128, 129, 131, 133, 135, 137, 139, 140, 142, 143, 145, 147, 149, 151, 153, 155, 157, 159, 161, 163, 166, 168, 170, 172, 175, 177, 180, 183, 187, 191, 197, 202, 212]
       160      5,818,496     17.96%    52.739    -0.00%  [1, 2, 3, 4, 5, 6, 7, 8, 9, 10, 11, 12, 13, 14, 15, 16, 17, 18, 19, 20, 21, 22, 23, 24, 25, 26, 27, 28, 29, 30, 31, 32, 33, 34, 35, 36, 37, 38, 39, 40, 41, 42, 43, 44, 45, 46, 47, 48, 49, 50, 51, 52, 53, 54, 55, 56, 57, 58, 59, 60, 61, 62, 63, 64, 65, 66, 67, 68, 69, 70, 71, 72, 73, 74, 75, 76, 77, 78, 79, 80, 81, 82, 83, 84, 85, 86, 87, 88, 89, 90, 91, 92, 93, 94, 95, 96, 97, 98, 99, 100, 101, 102, 103, 104, 105, 106, 107, 108, 109, 110, 111, 112, 113, 114, 115, 116, 117, 118, 119, 120, 121, 122, 123, 124, 125, 126, 127, 128, 129, 131, 133, 135, 137, 139, 140, 142, 143, 145, 147, 149, 151, 153, 155, 157, 159, 161, 163, 166, 168, 170, 172, 175, 177, 180, 183, 187, 191, 197, 202, 212]
       161      5,818,335     17.96%    52.738    -0.00%  [1, 2, 3, 4, 5, 6, 7, 8, 9, 10, 11, 12, 13, 14, 15, 16, 17, 18, 19, 20, 21, 22, 23, 24, 25, 26, 27, 28, 29, 30, 31, 32, 33, 34, 35, 36, 37, 38, 39, 40, 41, 42, 43, 44, 45, 46, 47, 48, 49, 50, 51, 52, 53, 54, 55, 56, 57, 58, 59, 60, 61, 62, 63, 64, 65, 66, 67, 68, 69, 70, 71, 72, 73, 74, 75, 76, 77, 78, 79, 80, 81, 82, 83, 84, 85, 86, 87, 88, 89, 90, 91, 92, 93, 94, 95, 96, 97, 98, 99, 100, 101, 102, 103, 104, 105, 106, 107, 108, 109, 110, 111, 112, 113, 114, 115, 116, 117, 118, 119, 120, 121, 122, 123, 124, 125, 126, 127, 128, 129, 131, 133, 135, 137, 139, 140, 142, 143, 145, 147, 149, 151, 153, 155, 157, 159, 161, 163, 166, 168, 170, 172, 175, 177, 180, 183, 186, 189, 193, 197, 202, 212]
       162      5,818,179     17.95%    52.736    -0.00%  [1, 2, 3, 4, 5, 6, 7, 8, 9, 10, 11, 12, 13, 14, 15, 16, 17, 18, 19, 20, 21, 22, 23, 24, 25, 26, 27, 28, 29, 30, 31, 32, 33, 34, 35, 36, 37, 38, 39, 40, 41, 42, 43, 44, 45, 46, 47, 48, 49, 50, 51, 52, 53, 54, 55, 56, 57, 58, 59, 60, 61, 62, 63, 64, 65, 66, 67, 68, 69, 70, 71, 72, 73, 74, 75, 76, 77, 78, 79, 80, 81, 82, 83, 84, 85, 86, 87, 88, 89, 90, 91, 92, 93, 94, 95, 96, 97, 98, 99, 100, 101, 102, 103, 104, 105, 106, 107, 108, 109, 110, 111, 112, 113, 114, 115, 116, 117, 118, 119, 120, 121, 122, 123, 124, 125, 126, 127, 128, 129, 130, 131, 133, 135, 137, 139, 140, 142, 143, 145, 147, 149, 151, 153, 155, 157, 159, 161, 163, 166, 168, 170, 172, 175, 177, 180, 183, 186, 189, 193, 197, 202, 212]
       163      5,818,032     17.95%    52.735    -0.00%  [1, 2, 3, 4, 5, 6, 7, 8, 9, 10, 11, 12, 13, 14, 15, 16, 17, 18, 19, 20, 21, 22, 23, 24, 25, 26, 27, 28, 29, 30, 31, 32, 33, 34, 35, 36, 37, 38, 39, 40, 41, 42, 43, 44, 45, 46, 47, 48, 49, 50, 51, 52, 53, 54, 55, 56, 57, 58, 59, 60, 61, 62, 63, 64, 65, 66, 67, 68, 69, 70, 71, 72, 73, 74, 75, 76, 77, 78, 79, 80, 81, 82, 83, 84, 85, 86, 87, 88, 89, 90, 91, 92, 93, 94, 95, 96, 97, 98, 99, 100, 101, 102, 103, 104, 105, 106, 107, 108, 109, 110, 111, 112, 113, 114, 115, 116, 117, 118, 119, 120, 121, 122, 123, 124, 125, 126, 127, 128, 129, 130, 131, 133, 135, 137, 139, 140, 142, 143, 145, 147, 149, 151, 153, 155, 156, 158, 160, 162, 164, 166, 168, 170, 172, 175, 177, 180, 183, 186, 189, 193, 197, 202, 212]
       164      5,817,888     17.95%    52.734    -0.00%  [1, 2, 3, 4, 5, 6, 7, 8, 9, 10, 11, 12, 13, 14, 15, 16, 17, 18, 19, 20, 21, 22, 23, 24, 25, 26, 27, 28, 29, 30, 31, 32, 33, 34, 35, 36, 37, 38, 39, 40, 41, 42, 43, 44, 45, 46, 47, 48, 49, 50, 51, 52, 53, 54, 55, 56, 57, 58, 59, 60, 61, 62, 63, 64, 65, 66, 67, 68, 69, 70, 71, 72, 73, 74, 75, 76, 77, 78, 79, 80, 81, 82, 83, 84, 85, 86, 87, 88, 89, 90, 91, 92, 93, 94, 95, 96, 97, 98, 99, 100, 101, 102, 103, 104, 105, 106, 107, 108, 109, 110, 111, 112, 113, 114, 115, 116, 117, 118, 119, 120, 121, 122, 123, 124, 125, 126, 127, 128, 129, 130, 131, 132, 133, 135, 137, 139, 140, 142, 143, 145, 147, 149, 151, 153, 155, 156, 158, 160, 162, 164, 166, 168, 170, 172, 175, 177, 180, 183, 186, 189, 193, 197, 202, 212]
       165      5,817,756     17.95%    52.732    -0.00%  [1, 2, 3, 4, 5, 6, 7, 8, 9, 10, 11, 12, 13, 14, 15, 16, 17, 18, 19, 20, 21, 22, 23, 24, 25, 26, 27, 28, 29, 30, 31, 32, 33, 34, 35, 36, 37, 38, 39, 40, 41, 42, 43, 44, 45, 46, 47, 48, 49, 50, 51, 52, 53, 54, 55, 56, 57, 58, 59, 60, 61, 62, 63, 64, 65, 66, 67, 68, 69, 70, 71, 72, 73, 74, 75, 76, 77, 78, 79, 80, 81, 82, 83, 84, 85, 86, 87, 88, 89, 90, 91, 92, 93, 94, 95, 96, 97, 98, 99, 100, 101, 102, 103, 104, 105, 106, 107, 108, 109, 110, 111, 112, 113, 114, 115, 116, 117, 118, 119, 120, 121, 122, 123, 124, 125, 126, 127, 128, 129, 130, 131, 132, 133, 135, 137, 139, 140, 142, 143, 145, 146, 147, 149, 151, 153, 155, 156, 158, 160, 162, 164, 166, 168, 170, 172, 175, 177, 180, 183, 186, 189, 193, 197, 202, 212]
       166      5,817,632     17.94%    52.731    -0.00%  [1, 2, 3, 4, 5, 6, 7, 8, 9, 10, 11, 12, 13, 14, 15, 16, 17, 18, 19, 20, 21, 22, 23, 24, 25, 26, 27, 28, 29, 30, 31, 32, 33, 34, 35, 36, 37, 38, 39, 40, 41, 42, 43, 44, 45, 46, 47, 48, 49, 50, 51, 52, 53, 54, 55, 56, 57, 58, 59, 60, 61, 62, 63, 64, 65, 66, 67, 68, 69, 70, 71, 72, 73, 74, 75, 76, 77, 78, 79, 80, 81, 82, 83, 84, 85, 86, 87, 88, 89, 90, 91, 92, 93, 94, 95, 96, 97, 98, 99, 100, 101, 102, 103, 104, 105, 106, 107, 108, 109, 110, 111, 112, 113, 114, 115, 116, 117, 118, 119, 120, 121, 122, 123, 124, 125, 126, 127, 128, 129, 130, 131, 132, 133, 135, 137, 139, 140, 142, 143, 145, 146, 147, 148, 150, 152, 153, 155, 156, 158, 160, 162, 164, 166, 168, 170, 172, 175, 177, 180, 183, 186, 189, 193, 197, 202, 212]
       167      5,817,511     17.94%    52.730    -0.00%  [1, 2, 3, 4, 5, 6, 7, 8, 9, 10, 11, 12, 13, 14, 15, 16, 17, 18, 19, 20, 21, 22, 23, 24, 25, 26, 27, 28, 29, 30, 31, 32, 33, 34, 35, 36, 37, 38, 39, 40, 41, 42, 43, 44, 45, 46, 47, 48, 49, 50, 51, 52, 53, 54, 55, 56, 57, 58, 59, 60, 61, 62, 63, 64, 65, 66, 67, 68, 69, 70, 71, 72, 73, 74, 75, 76, 77, 78, 79, 80, 81, 82, 83, 84, 85, 86, 87, 88, 89, 90, 91, 92, 93, 94, 95, 96, 97, 98, 99, 100, 101, 102, 103, 104, 105, 106, 107, 108, 109, 110, 111, 112, 113, 114, 115, 116, 117, 118, 119, 120, 121, 122, 123, 124, 125, 126, 127, 128, 129, 130, 131, 132, 133, 135, 137, 139, 140, 142, 143, 145, 146, 147, 148, 150, 152, 153, 155, 156, 158, 160, 162, 164, 166, 168, 170, 172, 174, 176, 178, 180, 183, 186, 189, 193, 197, 202, 212]
       168      5,817,390     17.94%    52.729    -0.00%  [1, 2, 3, 4, 5, 6, 7, 8, 9, 10, 11, 12, 13, 14, 15, 16, 17, 18, 19, 20, 21, 22, 23, 24, 25, 26, 27, 28, 29, 30, 31, 32, 33, 34, 35, 36, 37, 38, 39, 40, 41, 42, 43, 44, 45, 46, 47, 48, 49, 50, 51, 52, 53, 54, 55, 56, 57, 58, 59, 60, 61, 62, 63, 64, 65, 66, 67, 68, 69, 70, 71, 72, 73, 74, 75, 76, 77, 78, 79, 80, 81, 82, 83, 84, 85, 86, 87, 88, 89, 90, 91, 92, 93, 94, 95, 96, 97, 98, 99, 100, 101, 102, 103, 104, 105, 106, 107, 108, 109, 110, 111, 112, 113, 114, 115, 116, 117, 118, 119, 120, 121, 122, 123, 124, 125, 126, 127, 128, 129, 130, 131, 132, 133, 135, 137, 139, 140, 142, 143, 145, 146, 147, 148, 150, 152, 153, 155, 156, 158, 160, 162, 164, 166, 168, 170, 172, 174, 176, 178, 180, 183, 186, 189, 193, 197, 201, 207, 212]
       169      5,817,274     17.94%    52.728    -0.00%  [1, 2, 3, 4, 5, 6, 7, 8, 9, 10, 11, 12, 13, 14, 15, 16, 17, 18, 19, 20, 21, 22, 23, 24, 25, 26, 27, 28, 29, 30, 31, 32, 33, 34, 35, 36, 37, 38, 39, 40, 41, 42, 43, 44, 45, 46, 47, 48, 49, 50, 51, 52, 53, 54, 55, 56, 57, 58, 59, 60, 61, 62, 63, 64, 65, 66, 67, 68, 69, 70, 71, 72, 73, 74, 75, 76, 77, 78, 79, 80, 81, 82, 83, 84, 85, 86, 87, 88, 89, 90, 91, 92, 93, 94, 95, 96, 97, 98, 99, 100, 101, 102, 103, 104, 105, 106, 107, 108, 109, 110, 111, 112, 113, 114, 115, 116, 117, 118, 119, 120, 121, 122, 123, 124, 125, 126, 127, 128, 129, 130, 131, 132, 133, 135, 137, 139, 140, 141, 142, 143, 145, 146, 147, 148, 150, 152, 153, 155, 156, 158, 160, 162, 164, 166, 168, 170, 172, 174, 176, 178, 180, 183, 186, 189, 193, 197, 201, 207, 212]
       170      5,817,161     17.93%    52.727    -0.00%  [1, 2, 3, 4, 5, 6, 7, 8, 9, 10, 11, 12, 13, 14, 15, 16, 17, 18, 19, 20, 21, 22, 23, 24, 25, 26, 27, 28, 29, 30, 31, 32, 33, 34, 35, 36, 37, 38, 39, 40, 41, 42, 43, 44, 45, 46, 47, 48, 49, 50, 51, 52, 53, 54, 55, 56, 57, 58, 59, 60, 61, 62, 63, 64, 65, 66, 67, 68, 69, 70, 71, 72, 73, 74, 75, 76, 77, 78, 79, 80, 81, 82, 83, 84, 85, 86, 87, 88, 89, 90, 91, 92, 93, 94, 95, 96, 97, 98, 99, 100, 101, 102, 103, 104, 105, 106, 107, 108, 109, 110, 111, 112, 113, 114, 115, 116, 117, 118, 119, 120, 121, 122, 123, 124, 125, 126, 127, 128, 129, 130, 131, 132, 133, 135, 137, 139, 140, 141, 142, 143, 145, 146, 147, 148, 150, 152, 153, 155, 156, 158, 160, 162, 164, 166, 168, 169, 170, 172, 174, 176, 178, 180, 183, 186, 189, 193, 197, 201, 207, 212]
       171      5,817,051     17.93%    52.726    -0.00%  [1, 2, 3, 4, 5, 6, 7, 8, 9, 10, 11, 12, 13, 14, 15, 16, 17, 18, 19, 20, 21, 22, 23, 24, 25, 26, 27, 28, 29, 30, 31, 32, 33, 34, 35, 36, 37, 38, 39, 40, 41, 42, 43, 44, 45, 46, 47, 48, 49, 50, 51, 52, 53, 54, 55, 56, 57, 58, 59, 60, 61, 62, 63, 64, 65, 66, 67, 68, 69, 70, 71, 72, 73, 74, 75, 76, 77, 78, 79, 80, 81, 82, 83, 84, 85, 86, 87, 88, 89, 90, 91, 92, 93, 94, 95, 96, 97, 98, 99, 100, 101, 102, 103, 104, 105, 106, 107, 108, 109, 110, 111, 112, 113, 114, 115, 116, 117, 118, 119, 120, 121, 122, 123, 124, 125, 126, 127, 128, 129, 130, 131, 132, 133, 135, 136, 137, 139, 140, 141, 142, 143, 145, 146, 147, 148, 150, 152, 153, 155, 156, 158, 160, 162, 164, 166, 168, 169, 170, 172, 174, 176, 178, 180, 183, 186, 189, 193, 197, 201, 207, 212]
       172      5,816,943     17.93%    52.725    -0.00%  [1, 2, 3, 4, 5, 6, 7, 8, 9, 10, 11, 12, 13, 14, 15, 16, 17, 18, 19, 20, 21, 22, 23, 24, 25, 26, 27, 28, 29, 30, 31, 32, 33, 34, 35, 36, 37, 38, 39, 40, 41, 42, 43, 44, 45, 46, 47, 48, 49, 50, 51, 52, 53, 54, 55, 56, 57, 58, 59, 60, 61, 62, 63, 64, 65, 66, 67, 68, 69, 70, 71, 72, 73, 74, 75, 76, 77, 78, 79, 80, 81, 82, 83, 84, 85, 86, 87, 88, 89, 90, 91, 92, 93, 94, 95, 96, 97, 98, 99, 100, 101, 102, 103, 104, 105, 106, 107, 108, 109, 110, 111, 112, 113, 114, 115, 116, 117, 118, 119, 120, 121, 122, 123, 124, 125, 126, 127, 128, 129, 130, 131, 132, 133, 135, 136, 137, 139, 140, 141, 142, 143, 145, 146, 147, 148, 150, 152, 153, 155, 156, 157, 159, 160, 162, 164, 166, 168, 169, 170, 172, 174, 176, 178, 180, 183, 186, 189, 193, 197, 201, 207, 212]
       173      5,816,842     17.93%    52.724    -0.00%  [1, 2, 3, 4, 5, 6, 7, 8, 9, 10, 11, 12, 13, 14, 15, 16, 17, 18, 19, 20, 21, 22, 23, 24, 25, 26, 27, 28, 29, 30, 31, 32, 33, 34, 35, 36, 37, 38, 39, 40, 41, 42, 43, 44, 45, 46, 47, 48, 49, 50, 51, 52, 53, 54, 55, 56, 57, 58, 59, 60, 61, 62, 63, 64, 65, 66, 67, 68, 69, 70, 71, 72, 73, 74, 75, 76, 77, 78, 79, 80, 81, 82, 83, 84, 85, 86, 87, 88, 89, 90, 91, 92, 93, 94, 95, 96, 97, 98, 99, 100, 101, 102, 103, 104, 105, 106, 107, 108, 109, 110, 111, 112, 113, 114, 115, 116, 117, 118, 119, 120, 121, 122, 123, 124, 125, 126, 127, 128, 129, 130, 131, 132, 133, 135, 136, 137, 138, 139, 140, 141, 142, 143, 145, 146, 147, 148, 150, 152, 153, 155, 156, 157, 159, 160, 162, 164, 166, 168, 169, 170, 172, 174, 176, 178, 180, 183, 186, 189, 193, 197, 201, 207, 212]
       174      5,816,744     17.92%    52.723    -0.00%  [1, 2, 3, 4, 5, 6, 7, 8, 9, 10, 11, 12, 13, 14, 15, 16, 17, 18, 19, 20, 21, 22, 23, 24, 25, 26, 27, 28, 29, 30, 31, 32, 33, 34, 35, 36, 37, 38, 39, 40, 41, 42, 43, 44, 45, 46, 47, 48, 49, 50, 51, 52, 53, 54, 55, 56, 57, 58, 59, 60, 61, 62, 63, 64, 65, 66, 67, 68, 69, 70, 71, 72, 73, 74, 75, 76, 77, 78, 79, 80, 81, 82, 83, 84, 85, 86, 87, 88, 89, 90, 91, 92, 93, 94, 95, 96, 97, 98, 99, 100, 101, 102, 103, 104, 105, 106, 107, 108, 109, 110, 111, 112, 113, 114, 115, 116, 117, 118, 119, 120, 121, 122, 123, 124, 125, 126, 127, 128, 129, 130, 131, 132, 133, 135, 136, 137, 138, 139, 140, 141, 142, 143, 145, 146, 147, 148, 150, 152, 153, 155, 156, 157, 159, 160, 162, 164, 166, 168, 169, 170, 172, 174, 176, 178, 180, 183, 185, 187, 190, 193, 197, 201, 207, 212]
       175      5,816,653     17.92%    52.722    -0.00%  [1, 2, 3, 4, 5, 6, 7, 8, 9, 10, 11, 12, 13, 14, 15, 16, 17, 18, 19, 20, 21, 22, 23, 24, 25, 26, 27, 28, 29, 30, 31, 32, 33, 34, 35, 36, 37, 38, 39, 40, 41, 42, 43, 44, 45, 46, 47, 48, 49, 50, 51, 52, 53, 54, 55, 56, 57, 58, 59, 60, 61, 62, 63, 64, 65, 66, 67, 68, 69, 70, 71, 72, 73, 74, 75, 76, 77, 78, 79, 80, 81, 82, 83, 84, 85, 86, 87, 88, 89, 90, 91, 92, 93, 94, 95, 96, 97, 98, 99, 100, 101, 102, 103, 104, 105, 106, 107, 108, 109, 110, 111, 112, 113, 114, 115, 116, 117, 118, 119, 120, 121, 122, 123, 124, 125, 126, 127, 128, 129, 130, 131, 132, 133, 134, 135, 136, 137, 138, 139, 140, 141, 142, 143, 145, 146, 147, 148, 150, 152, 153, 155, 156, 157, 159, 160, 162, 164, 166, 168, 169, 170, 172, 174, 176, 178, 180, 183, 185, 187, 190, 193, 197, 201, 207, 212]
       176      5,816,562     17.92%    52.722    -0.00%  [1, 2, 3, 4, 5, 6, 7, 8, 9, 10, 11, 12, 13, 14, 15, 16, 17, 18, 19, 20, 21, 22, 23, 24, 25, 26, 27, 28, 29, 30, 31, 32, 33, 34, 35, 36, 37, 38, 39, 40, 41, 42, 43, 44, 45, 46, 47, 48, 49, 50, 51, 52, 53, 54, 55, 56, 57, 58, 59, 60, 61, 62, 63, 64, 65, 66, 67, 68, 69, 70, 71, 72, 73, 74, 75, 76, 77, 78, 79, 80, 81, 82, 83, 84, 85, 86, 87, 88, 89, 90, 91, 92, 93, 94, 95, 96, 97, 98, 99, 100, 101, 102, 103, 104, 105, 106, 107, 108, 109, 110, 111, 112, 113, 114, 115, 116, 117, 118, 119, 120, 121, 122, 123, 124, 125, 126, 127, 128, 129, 130, 131, 132, 133, 134, 135, 136, 137, 138, 139, 140, 141, 142, 143, 145, 146, 147, 148, 150, 152, 153, 155, 156, 157, 159, 160, 161, 162, 164, 166, 168, 169, 170, 172, 174, 176, 178, 180, 183, 185, 187, 190, 193, 197, 201, 207, 212]
       177      5,816,475     17.92%    52.721    -0.00%  [1, 2, 3, 4, 5, 6, 7, 8, 9, 10, 11, 12, 13, 14, 15, 16, 17, 18, 19, 20, 21, 22, 23, 24, 25, 26, 27, 28, 29, 30, 31, 32, 33, 34, 35, 36, 37, 38, 39, 40, 41, 42, 43, 44, 45, 46, 47, 48, 49, 50, 51, 52, 53, 54, 55, 56, 57, 58, 59, 60, 61, 62, 63, 64, 65, 66, 67, 68, 69, 70, 71, 72, 73, 74, 75, 76, 77, 78, 79, 80, 81, 82, 83, 84, 85, 86, 87, 88, 89, 90, 91, 92, 93, 94, 95, 96, 97, 98, 99, 100, 101, 102, 103, 104, 105, 106, 107, 108, 109, 110, 111, 112, 113, 114, 115, 116, 117, 118, 119, 120, 121, 122, 123, 124, 125, 126, 127, 128, 129, 130, 131, 132, 133, 134, 135, 136, 137, 138, 139, 140, 141, 142, 143, 145, 146, 147, 148, 150, 152, 153, 155, 156, 157, 158, 159, 160, 161, 162, 164, 166, 168, 169, 170, 172, 174, 176, 178, 180, 183, 185, 187, 190, 193, 197, 201, 207, 212]
       178      5,816,389     17.92%    52.720    -0.00%  [1, 2, 3, 4, 5, 6, 7, 8, 9, 10, 11, 12, 13, 14, 15, 16, 17, 18, 19, 20, 21, 22, 23, 24, 25, 26, 27, 28, 29, 30, 31, 32, 33, 34, 35, 36, 37, 38, 39, 40, 41, 42, 43, 44, 45, 46, 47, 48, 49, 50, 51, 52, 53, 54, 55, 56, 57, 58, 59, 60, 61, 62, 63, 64, 65, 66, 67, 68, 69, 70, 71, 72, 73, 74, 75, 76, 77, 78, 79, 80, 81, 82, 83, 84, 85, 86, 87, 88, 89, 90, 91, 92, 93, 94, 95, 96, 97, 98, 99, 100, 101, 102, 103, 104, 105, 106, 107, 108, 109, 110, 111, 112, 113, 114, 115, 116, 117, 118, 119, 120, 121, 122, 123, 124, 125, 126, 127, 128, 129, 130, 131, 132, 133, 134, 135, 136, 137, 138, 139, 140, 141, 142, 143, 144, 145, 146, 147, 148, 150, 152, 153, 155, 156, 157, 158, 159, 160, 161, 162, 164, 166, 168, 169, 170, 172, 174, 176, 178, 180, 183, 185, 187, 190, 193, 197, 201, 207, 212]
       179      5,816,306     17.92%    52.719    -0.00%  [1, 2, 3, 4, 5, 6, 7, 8, 9, 10, 11, 12, 13, 14, 15, 16, 17, 18, 19, 20, 21, 22, 23, 24, 25, 26, 27, 28, 29, 30, 31, 32, 33, 34, 35, 36, 37, 38, 39, 40, 41, 42, 43, 44, 45, 46, 47, 48, 49, 50, 51, 52, 53, 54, 55, 56, 57, 58, 59, 60, 61, 62, 63, 64, 65, 66, 67, 68, 69, 70, 71, 72, 73, 74, 75, 76, 77, 78, 79, 80, 81, 82, 83, 84, 85, 86, 87, 88, 89, 90, 91, 92, 93, 94, 95, 96, 97, 98, 99, 100, 101, 102, 103, 104, 105, 106, 107, 108, 109, 110, 111, 112, 113, 114, 115, 116, 117, 118, 119, 120, 121, 122, 123, 124, 125, 126, 127, 128, 129, 130, 131, 132, 133, 134, 135, 136, 137, 138, 139, 140, 141, 142, 143, 144, 145, 146, 147, 148, 149, 150, 152, 153, 155, 156, 157, 158, 159, 160, 161, 162, 164, 166, 168, 169, 170, 172, 174, 176, 178, 180, 183, 185, 187, 190, 193, 197, 201, 207, 212]
       180      5,816,223     17.91%    52.719    -0.00%  [1, 2, 3, 4, 5, 6, 7, 8, 9, 10, 11, 12, 13, 14, 15, 16, 17, 18, 19, 20, 21, 22, 23, 24, 25, 26, 27, 28, 29, 30, 31, 32, 33, 34, 35, 36, 37, 38, 39, 40, 41, 42, 43, 44, 45, 46, 47, 48, 49, 50, 51, 52, 53, 54, 55, 56, 57, 58, 59, 60, 61, 62, 63, 64, 65, 66, 67, 68, 69, 70, 71, 72, 73, 74, 75, 76, 77, 78, 79, 80, 81, 82, 83, 84, 85, 86, 87, 88, 89, 90, 91, 92, 93, 94, 95, 96, 97, 98, 99, 100, 101, 102, 103, 104, 105, 106, 107, 108, 109, 110, 111, 112, 113, 114, 115, 116, 117, 118, 119, 120, 121, 122, 123, 124, 125, 126, 127, 128, 129, 130, 131, 132, 133, 134, 135, 136, 137, 138, 139, 140, 141, 142, 143, 144, 145, 146, 147, 148, 149, 150, 152, 153, 155, 156, 157, 158, 159, 160, 161, 162, 163, 165, 166, 168, 169, 170, 172, 174, 176, 178, 180, 183, 185, 187, 190, 193, 197, 201, 207, 212]
       181      5,816,144     17.91%    52.718    -0.00%  [1, 2, 3, 4, 5, 6, 7, 8, 9, 10, 11, 12, 13, 14, 15, 16, 17, 18, 19, 20, 21, 22, 23, 24, 25, 26, 27, 28, 29, 30, 31, 32, 33, 34, 35, 36, 37, 38, 39, 40, 41, 42, 43, 44, 45, 46, 47, 48, 49, 50, 51, 52, 53, 54, 55, 56, 57, 58, 59, 60, 61, 62, 63, 64, 65, 66, 67, 68, 69, 70, 71, 72, 73, 74, 75, 76, 77, 78, 79, 80, 81, 82, 83, 84, 85, 86, 87, 88, 89, 90, 91, 92, 93, 94, 95, 96, 97, 98, 99, 100, 101, 102, 103, 104, 105, 106, 107, 108, 109, 110, 111, 112, 113, 114, 115, 116, 117, 118, 119, 120, 121, 122, 123, 124, 125, 126, 127, 128, 129, 130, 131, 132, 133, 134, 135, 136, 137, 138, 139, 140, 141, 142, 143, 144, 145, 146, 147, 148, 149, 150, 152, 153, 154, 155, 156, 157, 158, 159, 160, 161, 162, 163, 165, 166, 168, 169, 170, 172, 174, 176, 178, 180, 183, 185, 187, 190, 193, 197, 201, 207, 212]
       182      5,816,066     17.91%    52.717    -0.00%  [1, 2, 3, 4, 5, 6, 7, 8, 9, 10, 11, 12, 13, 14, 15, 16, 17, 18, 19, 20, 21, 22, 23, 24, 25, 26, 27, 28, 29, 30, 31, 32, 33, 34, 35, 36, 37, 38, 39, 40, 41, 42, 43, 44, 45, 46, 47, 48, 49, 50, 51, 52, 53, 54, 55, 56, 57, 58, 59, 60, 61, 62, 63, 64, 65, 66, 67, 68, 69, 70, 71, 72, 73, 74, 75, 76, 77, 78, 79, 80, 81, 82, 83, 84, 85, 86, 87, 88, 89, 90, 91, 92, 93, 94, 95, 96, 97, 98, 99, 100, 101, 102, 103, 104, 105, 106, 107, 108, 109, 110, 111, 112, 113, 114, 115, 116, 117, 118, 119, 120, 121, 122, 123, 124, 125, 126, 127, 128, 129, 130, 131, 132, 133, 134, 135, 136, 137, 138, 139, 140, 141, 142, 143, 144, 145, 146, 147, 148, 149, 150, 151, 152, 153, 154, 155, 156, 157, 158, 159, 160, 161, 162, 163, 165, 166, 168, 169, 170, 172, 174, 176, 178, 180, 183, 185, 187, 190, 193, 197, 201, 207, 212]
       183      5,815,989     17.91%    52.716    -0.00%  [1, 2, 3, 4, 5, 6, 7, 8, 9, 10, 11, 12, 13, 14, 15, 16, 17, 18, 19, 20, 21, 22, 23, 24, 25, 26, 27, 28, 29, 30, 31, 32, 33, 34, 35, 36, 37, 38, 39, 40, 41, 42, 43, 44, 45, 46, 47, 48, 49, 50, 51, 52, 53, 54, 55, 56, 57, 58, 59, 60, 61, 62, 63, 64, 65, 66, 67, 68, 69, 70, 71, 72, 73, 74, 75, 76, 77, 78, 79, 80, 81, 82, 83, 84, 85, 86, 87, 88, 89, 90, 91, 92, 93, 94, 95, 96, 97, 98, 99, 100, 101, 102, 103, 104, 105, 106, 107, 108, 109, 110, 111, 112, 113, 114, 115, 116, 117, 118, 119, 120, 121, 122, 123, 124, 125, 126, 127, 128, 129, 130, 131, 132, 133, 134, 135, 136, 137, 138, 139, 140, 141, 142, 143, 144, 145, 146, 147, 148, 149, 150, 151, 152, 153, 154, 155, 156, 157, 158, 159, 160, 161, 162, 163, 165, 166, 168, 169, 170, 172, 174, 175, 176, 178, 180, 183, 185, 187, 190, 193, 197, 201, 207, 212]
       184      5,815,920     17.91%    52.716    -0.00%  [1, 2, 3, 4, 5, 6, 7, 8, 9, 10, 11, 12, 13, 14, 15, 16, 17, 18, 19, 20, 21, 22, 23, 24, 25, 26, 27, 28, 29, 30, 31, 32, 33, 34, 35, 36, 37, 38, 39, 40, 41, 42, 43, 44, 45, 46, 47, 48, 49, 50, 51, 52, 53, 54, 55, 56, 57, 58, 59, 60, 61, 62, 63, 64, 65, 66, 67, 68, 69, 70, 71, 72, 73, 74, 75, 76, 77, 78, 79, 80, 81, 82, 83, 84, 85, 86, 87, 88, 89, 90, 91, 92, 93, 94, 95, 96, 97, 98, 99, 100, 101, 102, 103, 104, 105, 106, 107, 108, 109, 110, 111, 112, 113, 114, 115, 116, 117, 118, 119, 120, 121, 122, 123, 124, 125, 126, 127, 128, 129, 130, 131, 132, 133, 134, 135, 136, 137, 138, 139, 140, 141, 142, 143, 144, 145, 146, 147, 148, 149, 150, 151, 152, 153, 154, 155, 156, 157, 158, 159, 160, 161, 162, 163, 165, 166, 168, 169, 170, 171, 172, 174, 175, 176, 178, 180, 183, 185, 187, 190, 193, 197, 201, 207, 212]
       185      5,815,860     17.91%    52.715    -0.00%  [1, 2, 3, 4, 5, 6, 7, 8, 9, 10, 11, 12, 13, 14, 15, 16, 17, 18, 19, 20, 21, 22, 23, 24, 25, 26, 27, 28, 29, 30, 31, 32, 33, 34, 35, 36, 37, 38, 39, 40, 41, 42, 43, 44, 45, 46, 47, 48, 49, 50, 51, 52, 53, 54, 55, 56, 57, 58, 59, 60, 61, 62, 63, 64, 65, 66, 67, 68, 69, 70, 71, 72, 73, 74, 75, 76, 77, 78, 79, 80, 81, 82, 83, 84, 85, 86, 87, 88, 89, 90, 91, 92, 93, 94, 95, 96, 97, 98, 99, 100, 101, 102, 103, 104, 105, 106, 107, 108, 109, 110, 111, 112, 113, 114, 115, 116, 117, 118, 119, 120, 121, 122, 123, 124, 125, 126, 127, 128, 129, 130, 131, 132, 133, 134, 135, 136, 137, 138, 139, 140, 141, 142, 143, 144, 145, 146, 147, 148, 149, 150, 151, 152, 153, 154, 155, 156, 157, 158, 159, 160, 161, 162, 163, 165, 166, 168, 169, 170, 171, 172, 174, 175, 176, 178, 180, 183, 185, 187, 190, 193, 195, 197, 201, 207, 212]
       186      5,815,801     17.91%    52.715    -0.00%  [1, 2, 3, 4, 5, 6, 7, 8, 9, 10, 11, 12, 13, 14, 15, 16, 17, 18, 19, 20, 21, 22, 23, 24, 25, 26, 27, 28, 29, 30, 31, 32, 33, 34, 35, 36, 37, 38, 39, 40, 41, 42, 43, 44, 45, 46, 47, 48, 49, 50, 51, 52, 53, 54, 55, 56, 57, 58, 59, 60, 61, 62, 63, 64, 65, 66, 67, 68, 69, 70, 71, 72, 73, 74, 75, 76, 77, 78, 79, 80, 81, 82, 83, 84, 85, 86, 87, 88, 89, 90, 91, 92, 93, 94, 95, 96, 97, 98, 99, 100, 101, 102, 103, 104, 105, 106, 107, 108, 109, 110, 111, 112, 113, 114, 115, 116, 117, 118, 119, 120, 121, 122, 123, 124, 125, 126, 127, 128, 129, 130, 131, 132, 133, 134, 135, 136, 137, 138, 139, 140, 141, 142, 143, 144, 145, 146, 147, 148, 149, 150, 151, 152, 153, 154, 155, 156, 157, 158, 159, 160, 161, 162, 163, 165, 166, 167, 168, 169, 170, 171, 172, 174, 175, 176, 178, 180, 183, 185, 187, 190, 193, 195, 197, 201, 207, 212]
       187      5,815,745     17.90%    52.714    -0.00%  [1, 2, 3, 4, 5, 6, 7, 8, 9, 10, 11, 12, 13, 14, 15, 16, 17, 18, 19, 20, 21, 22, 23, 24, 25, 26, 27, 28, 29, 30, 31, 32, 33, 34, 35, 36, 37, 38, 39, 40, 41, 42, 43, 44, 45, 46, 47, 48, 49, 50, 51, 52, 53, 54, 55, 56, 57, 58, 59, 60, 61, 62, 63, 64, 65, 66, 67, 68, 69, 70, 71, 72, 73, 74, 75, 76, 77, 78, 79, 80, 81, 82, 83, 84, 85, 86, 87, 88, 89, 90, 91, 92, 93, 94, 95, 96, 97, 98, 99, 100, 101, 102, 103, 104, 105, 106, 107, 108, 109, 110, 111, 112, 113, 114, 115, 116, 117, 118, 119, 120, 121, 122, 123, 124, 125, 126, 127, 128, 129, 130, 131, 132, 133, 134, 135, 136, 137, 138, 139, 140, 141, 142, 143, 144, 145, 146, 147, 148, 149, 150, 151, 152, 153, 154, 155, 156, 157, 158, 159, 160, 161, 162, 163, 165, 166, 167, 168, 169, 170, 171, 172, 174, 175, 176, 178, 180, 181, 183, 185, 187, 190, 193, 195, 197, 201, 207, 212]
       188      5,815,693     17.90%    52.714    -0.00%  [1, 2, 3, 4, 5, 6, 7, 8, 9, 10, 11, 12, 13, 14, 15, 16, 17, 18, 19, 20, 21, 22, 23, 24, 25, 26, 27, 28, 29, 30, 31, 32, 33, 34, 35, 36, 37, 38, 39, 40, 41, 42, 43, 44, 45, 46, 47, 48, 49, 50, 51, 52, 53, 54, 55, 56, 57, 58, 59, 60, 61, 62, 63, 64, 65, 66, 67, 68, 69, 70, 71, 72, 73, 74, 75, 76, 77, 78, 79, 80, 81, 82, 83, 84, 85, 86, 87, 88, 89, 90, 91, 92, 93, 94, 95, 96, 97, 98, 99, 100, 101, 102, 103, 104, 105, 106, 107, 108, 109, 110, 111, 112, 113, 114, 115, 116, 117, 118, 119, 120, 121, 122, 123, 124, 125, 126, 127, 128, 129, 130, 131, 132, 133, 134, 135, 136, 137, 138, 139, 140, 141, 142, 143, 144, 145, 146, 147, 148, 149, 150, 151, 152, 153, 154, 155, 156, 157, 158, 159, 160, 161, 162, 163, 165, 166, 167, 168, 169, 170, 171, 172, 173, 174, 175, 176, 178, 180, 181, 183, 185, 187, 190, 193, 195, 197, 201, 207, 212]
       189      5,815,642     17.90%    52.713    -0.00%  [1, 2, 3, 4, 5, 6, 7, 8, 9, 10, 11, 12, 13, 14, 15, 16, 17, 18, 19, 20, 21, 22, 23, 24, 25, 26, 27, 28, 29, 30, 31, 32, 33, 34, 35, 36, 37, 38, 39, 40, 41, 42, 43, 44, 45, 46, 47, 48, 49, 50, 51, 52, 53, 54, 55, 56, 57, 58, 59, 60, 61, 62, 63, 64, 65, 66, 67, 68, 69, 70, 71, 72, 73, 74, 75, 76, 77, 78, 79, 80, 81, 82, 83, 84, 85, 86, 87, 88, 89, 90, 91, 92, 93, 94, 95, 96, 97, 98, 99, 100, 101, 102, 103, 104, 105, 106, 107, 108, 109, 110, 111, 112, 113, 114, 115, 116, 117, 118, 119, 120, 121, 122, 123, 124, 125, 126, 127, 128, 129, 130, 131, 132, 133, 134, 135, 136, 137, 138, 139, 140, 141, 142, 143, 144, 145, 146, 147, 148, 149, 150, 151, 152, 153, 154, 155, 156, 157, 158, 159, 160, 161, 162, 163, 164, 165, 166, 167, 168, 169, 170, 171, 172, 173, 174, 175, 176, 178, 180, 181, 183, 185, 187, 190, 193, 195, 197, 201, 207, 212]
       190      5,815,595     17.90%    52.713    -0.00%  [1, 2, 3, 4, 5, 6, 7, 8, 9, 10, 11, 12, 13, 14, 15, 16, 17, 18, 19, 20, 21, 22, 23, 24, 25, 26, 27, 28, 29, 30, 31, 32, 33, 34, 35, 36, 37, 38, 39, 40, 41, 42, 43, 44, 45, 46, 47, 48, 49, 50, 51, 52, 53, 54, 55, 56, 57, 58, 59, 60, 61, 62, 63, 64, 65, 66, 67, 68, 69, 70, 71, 72, 73, 74, 75, 76, 77, 78, 79, 80, 81, 82, 83, 84, 85, 86, 87, 88, 89, 90, 91, 92, 93, 94, 95, 96, 97, 98, 99, 100, 101, 102, 103, 104, 105, 106, 107, 108, 109, 110, 111, 112, 113, 114, 115, 116, 117, 118, 119, 120, 121, 122, 123, 124, 125, 126, 127, 128, 129, 130, 131, 132, 133, 134, 135, 136, 137, 138, 139, 140, 141, 142, 143, 144, 145, 146, 147, 148, 149, 150, 151, 152, 153, 154, 155, 156, 157, 158, 159, 160, 161, 162, 163, 164, 165, 166, 167, 168, 169, 170, 171, 172, 173, 174, 175, 176, 178, 180, 181, 183, 185, 187, 189, 191, 193, 195, 197, 201, 207, 212]
       191      5,815,549     17.90%    52.712    -0.00%  [1, 2, 3, 4, 5, 6, 7, 8, 9, 10, 11, 12, 13, 14, 15, 16, 17, 18, 19, 20, 21, 22, 23, 24, 25, 26, 27, 28, 29, 30, 31, 32, 33, 34, 35, 36, 37, 38, 39, 40, 41, 42, 43, 44, 45, 46, 47, 48, 49, 50, 51, 52, 53, 54, 55, 56, 57, 58, 59, 60, 61, 62, 63, 64, 65, 66, 67, 68, 69, 70, 71, 72, 73, 74, 75, 76, 77, 78, 79, 80, 81, 82, 83, 84, 85, 86, 87, 88, 89, 90, 91, 92, 93, 94, 95, 96, 97, 98, 99, 100, 101, 102, 103, 104, 105, 106, 107, 108, 109, 110, 111, 112, 113, 114, 115, 116, 117, 118, 119, 120, 121, 122, 123, 124, 125, 126, 127, 128, 129, 130, 131, 132, 133, 134, 135, 136, 137, 138, 139, 140, 141, 142, 143, 144, 145, 146, 147, 148, 149, 150, 151, 152, 153, 154, 155, 156, 157, 158, 159, 160, 161, 162, 163, 164, 165, 166, 167, 168, 169, 170, 171, 172, 173, 174, 175, 176, 177, 178, 180, 181, 183, 185, 187, 189, 191, 193, 195, 197, 201, 207, 212]
       192      5,815,508     17.90%    52.712    -0.00%  [1, 2, 3, 4, 5, 6, 7, 8, 9, 10, 11, 12, 13, 14, 15, 16, 17, 18, 19, 20, 21, 22, 23, 24, 25, 26, 27, 28, 29, 30, 31, 32, 33, 34, 35, 36, 37, 38, 39, 40, 41, 42, 43, 44, 45, 46, 47, 48, 49, 50, 51, 52, 53, 54, 55, 56, 57, 58, 59, 60, 61, 62, 63, 64, 65, 66, 67, 68, 69, 70, 71, 72, 73, 74, 75, 76, 77, 78, 79, 80, 81, 82, 83, 84, 85, 86, 87, 88, 89, 90, 91, 92, 93, 94, 95, 96, 97, 98, 99, 100, 101, 102, 103, 104, 105, 106, 107, 108, 109, 110, 111, 112, 113, 114, 115, 116, 117, 118, 119, 120, 121, 122, 123, 124, 125, 126, 127, 128, 129, 130, 131, 132, 133, 134, 135, 136, 137, 138, 139, 140, 141, 142, 143, 144, 145, 146, 147, 148, 149, 150, 151, 152, 153, 154, 155, 156, 157, 158, 159, 160, 161, 162, 163, 164, 165, 166, 167, 168, 169, 170, 171, 172, 173, 174, 175, 176, 177, 178, 180, 181, 183, 185, 187, 189, 191, 193, 195, 197, 199, 202, 207, 212]
       193      5,815,468     17.90%    52.712    -0.00%  [1, 2, 3, 4, 5, 6, 7, 8, 9, 10, 11, 12, 13, 14, 15, 16, 17, 18, 19, 20, 21, 22, 23, 24, 25, 26, 27, 28, 29, 30, 31, 32, 33, 34, 35, 36, 37, 38, 39, 40, 41, 42, 43, 44, 45, 46, 47, 48, 49, 50, 51, 52, 53, 54, 55, 56, 57, 58, 59, 60, 61, 62, 63, 64, 65, 66, 67, 68, 69, 70, 71, 72, 73, 74, 75, 76, 77, 78, 79, 80, 81, 82, 83, 84, 85, 86, 87, 88, 89, 90, 91, 92, 93, 94, 95, 96, 97, 98, 99, 100, 101, 102, 103, 104, 105, 106, 107, 108, 109, 110, 111, 112, 113, 114, 115, 116, 117, 118, 119, 120, 121, 122, 123, 124, 125, 126, 127, 128, 129, 130, 131, 132, 133, 134, 135, 136, 137, 138, 139, 140, 141, 142, 143, 144, 145, 146, 147, 148, 149, 150, 151, 152, 153, 154, 155, 156, 157, 158, 159, 160, 161, 162, 163, 164, 165, 166, 167, 168, 169, 170, 171, 172, 173, 174, 175, 176, 177, 178, 179, 180, 181, 183, 185, 187, 189, 191, 193, 195, 197, 199, 202, 207, 212]
       194      5,815,432     17.90%    52.711    -0.00%  [1, 2, 3, 4, 5, 6, 7, 8, 9, 10, 11, 12, 13, 14, 15, 16, 17, 18, 19, 20, 21, 22, 23, 24, 25, 26, 27, 28, 29, 30, 31, 32, 33, 34, 35, 36, 37, 38, 39, 40, 41, 42, 43, 44, 45, 46, 47, 48, 49, 50, 51, 52, 53, 54, 55, 56, 57, 58, 59, 60, 61, 62, 63, 64, 65, 66, 67, 68, 69, 70, 71, 72, 73, 74, 75, 76, 77, 78, 79, 80, 81, 82, 83, 84, 85, 86, 87, 88, 89, 90, 91, 92, 93, 94, 95, 96, 97, 98, 99, 100, 101, 102, 103, 104, 105, 106, 107, 108, 109, 110, 111, 112, 113, 114, 115, 116, 117, 118, 119, 120, 121, 122, 123, 124, 125, 126, 127, 128, 129, 130, 131, 132, 133, 134, 135, 136, 137, 138, 139, 140, 141, 142, 143, 144, 145, 146, 147, 148, 149, 150, 151, 152, 153, 154, 155, 156, 157, 158, 159, 160, 161, 162, 163, 164, 165, 166, 167, 168, 169, 170, 171, 172, 173, 174, 175, 176, 177, 178, 179, 180, 181, 183, 185, 187, 189, 191, 193, 195, 197, 199, 202, 206, 209, 212]
       195      5,815,404     17.90%    52.711    -0.00%  [1, 2, 3, 4, 5, 6, 7, 8, 9, 10, 11, 12, 13, 14, 15, 16, 17, 18, 19, 20, 21, 22, 23, 24, 25, 26, 27, 28, 29, 30, 31, 32, 33, 34, 35, 36, 37, 38, 39, 40, 41, 42, 43, 44, 45, 46, 47, 48, 49, 50, 51, 52, 53, 54, 55, 56, 57, 58, 59, 60, 61, 62, 63, 64, 65, 66, 67, 68, 69, 70, 71, 72, 73, 74, 75, 76, 77, 78, 79, 80, 81, 82, 83, 84, 85, 86, 87, 88, 89, 90, 91, 92, 93, 94, 95, 96, 97, 98, 99, 100, 101, 102, 103, 104, 105, 106, 107, 108, 109, 110, 111, 112, 113, 114, 115, 116, 117, 118, 119, 120, 121, 122, 123, 124, 125, 126, 127, 128, 129, 130, 131, 132, 133, 134, 135, 136, 137, 138, 139, 140, 141, 142, 143, 144, 145, 146, 147, 148, 149, 150, 151, 152, 153, 154, 155, 156, 157, 158, 159, 160, 161, 162, 163, 164, 165, 166, 167, 168, 169, 170, 171, 172, 173, 174, 175, 176, 177, 178, 179, 180, 181, 182, 183, 185, 187, 189, 191, 193, 195, 197, 199, 202, 206, 209, 212]
       196      5,815,377     17.90%    52.711    -0.00%  [1, 2, 3, 4, 5, 6, 7, 8, 9, 10, 11, 12, 13, 14, 15, 16, 17, 18, 19, 20, 21, 22, 23, 24, 25, 26, 27, 28, 29, 30, 31, 32, 33, 34, 35, 36, 37, 38, 39, 40, 41, 42, 43, 44, 45, 46, 47, 48, 49, 50, 51, 52, 53, 54, 55, 56, 57, 58, 59, 60, 61, 62, 63, 64, 65, 66, 67, 68, 69, 70, 71, 72, 73, 74, 75, 76, 77, 78, 79, 80, 81, 82, 83, 84, 85, 86, 87, 88, 89, 90, 91, 92, 93, 94, 95, 96, 97, 98, 99, 100, 101, 102, 103, 104, 105, 106, 107, 108, 109, 110, 111, 112, 113, 114, 115, 116, 117, 118, 119, 120, 121, 122, 123, 124, 125, 126, 127, 128, 129, 130, 131, 132, 133, 134, 135, 136, 137, 138, 139, 140, 141, 142, 143, 144, 145, 146, 147, 148, 149, 150, 151, 152, 153, 154, 155, 156, 157, 158, 159, 160, 161, 162, 163, 164, 165, 166, 167, 168, 169, 170, 171, 172, 173, 174, 175, 176, 177, 178, 179, 180, 181, 182, 183, 185, 186, 187, 189, 191, 193, 195, 197, 199, 202, 206, 209, 212]
       197      5,815,355     17.90%    52.711    -0.00%  [1, 2, 3, 4, 5, 6, 7, 8, 9, 10, 11, 12, 13, 14, 15, 16, 17, 18, 19, 20, 21, 22, 23, 24, 25, 26, 27, 28, 29, 30, 31, 32, 33, 34, 35, 36, 37, 38, 39, 40, 41, 42, 43, 44, 45, 46, 47, 48, 49, 50, 51, 52, 53, 54, 55, 56, 57, 58, 59, 60, 61, 62, 63, 64, 65, 66, 67, 68, 69, 70, 71, 72, 73, 74, 75, 76, 77, 78, 79, 80, 81, 82, 83, 84, 85, 86, 87, 88, 89, 90, 91, 92, 93, 94, 95, 96, 97, 98, 99, 100, 101, 102, 103, 104, 105, 106, 107, 108, 109, 110, 111, 112, 113, 114, 115, 116, 117, 118, 119, 120, 121, 122, 123, 124, 125, 126, 127, 128, 129, 130, 131, 132, 133, 134, 135, 136, 137, 138, 139, 140, 141, 142, 143, 144, 145, 146, 147, 148, 149, 150, 151, 152, 153, 154, 155, 156, 157, 158, 159, 160, 161, 162, 163, 164, 165, 166, 167, 168, 169, 170, 171, 172, 173, 174, 175, 176, 177, 178, 179, 180, 181, 182, 183, 185, 186, 187, 189, 191, 193, 195, 197, 199, 202, 205, 207, 210, 212]
       198      5,815,334     17.90%    52.710    -0.00%  [1, 2, 3, 4, 5, 6, 7, 8, 9, 10, 11, 12, 13, 14, 15, 16, 17, 18, 19, 20, 21, 22, 23, 24, 25, 26, 27, 28, 29, 30, 31, 32, 33, 34, 35, 36, 37, 38, 39, 40, 41, 42, 43, 44, 45, 46, 47, 48, 49, 50, 51, 52, 53, 54, 55, 56, 57, 58, 59, 60, 61, 62, 63, 64, 65, 66, 67, 68, 69, 70, 71, 72, 73, 74, 75, 76, 77, 78, 79, 80, 81, 82, 83, 84, 85, 86, 87, 88, 89, 90, 91, 92, 93, 94, 95, 96, 97, 98, 99, 100, 101, 102, 103, 104, 105, 106, 107, 108, 109, 110, 111, 112, 113, 114, 115, 116, 117, 118, 119, 120, 121, 122, 123, 124, 125, 126, 127, 128, 129, 130, 131, 132, 133, 134, 135, 136, 137, 138, 139, 140, 141, 142, 143, 144, 145, 146, 147, 148, 149, 150, 151, 152, 153, 154, 155, 156, 157, 158, 159, 160, 161, 162, 163, 164, 165, 166, 167, 168, 169, 170, 171, 172, 173, 174, 175, 176, 177, 178, 179, 180, 181, 182, 183, 184, 185, 186, 187, 189, 191, 193, 195, 197, 199, 202, 205, 207, 210, 212]
       199      5,815,313     17.90%    52.710    -0.00%  [1, 2, 3, 4, 5, 6, 7, 8, 9, 10, 11, 12, 13, 14, 15, 16, 17, 18, 19, 20, 21, 22, 23, 24, 25, 26, 27, 28, 29, 30, 31, 32, 33, 34, 35, 36, 37, 38, 39, 40, 41, 42, 43, 44, 45, 46, 47, 48, 49, 50, 51, 52, 53, 54, 55, 56, 57, 58, 59, 60, 61, 62, 63, 64, 65, 66, 67, 68, 69, 70, 71, 72, 73, 74, 75, 76, 77, 78, 79, 80, 81, 82, 83, 84, 85, 86, 87, 88, 89, 90, 91, 92, 93, 94, 95, 96, 97, 98, 99, 100, 101, 102, 103, 104, 105, 106, 107, 108, 109, 110, 111, 112, 113, 114, 115, 116, 117, 118, 119, 120, 121, 122, 123, 124, 125, 126, 127, 128, 129, 130, 131, 132, 133, 134, 135, 136, 137, 138, 139, 140, 141, 142, 143, 144, 145, 146, 147, 148, 149, 150, 151, 152, 153, 154, 155, 156, 157, 158, 159, 160, 161, 162, 163, 164, 165, 166, 167, 168, 169, 170, 171, 172, 173, 174, 175, 176, 177, 178, 179, 180, 181, 182, 183, 184, 185, 186, 187, 188, 189, 191, 193, 195, 197, 199, 202, 205, 207, 210, 212]
       200      5,815,293     17.90%    52.710    -0.00%  [1, 2, 3, 4, 5, 6, 7, 8, 9, 10, 11, 12, 13, 14, 15, 16, 17, 18, 19, 20, 21, 22, 23, 24, 25, 26, 27, 28, 29, 30, 31, 32, 33, 34, 35, 36, 37, 38, 39, 40, 41, 42, 43, 44, 45, 46, 47, 48, 49, 50, 51, 52, 53, 54, 55, 56, 57, 58, 59, 60, 61, 62, 63, 64, 65, 66, 67, 68, 69, 70, 71, 72, 73, 74, 75, 76, 77, 78, 79, 80, 81, 82, 83, 84, 85, 86, 87, 88, 89, 90, 91, 92, 93, 94, 95, 96, 97, 98, 99, 100, 101, 102, 103, 104, 105, 106, 107, 108, 109, 110, 111, 112, 113, 114, 115, 116, 117, 118, 119, 120, 121, 122, 123, 124, 125, 126, 127, 128, 129, 130, 131, 132, 133, 134, 135, 136, 137, 138, 139, 140, 141, 142, 143, 144, 145, 146, 147, 148, 149, 150, 151, 152, 153, 154, 155, 156, 157, 158, 159, 160, 161, 162, 163, 164, 165, 166, 167, 168, 169, 170, 171, 172, 173, 174, 175, 176, 177, 178, 179, 180, 181, 182, 183, 184, 185, 186, 187, 188, 189, 190, 192, 193, 195, 197, 199, 202, 205, 207, 210, 212]
       201      5,815,275     17.90%    52.710    -0.00%  [1, 2, 3, 4, 5, 6, 7, 8, 9, 10, 11, 12, 13, 14, 15, 16, 17, 18, 19, 20, 21, 22, 23, 24, 25, 26, 27, 28, 29, 30, 31, 32, 33, 34, 35, 36, 37, 38, 39, 40, 41, 42, 43, 44, 45, 46, 47, 48, 49, 50, 51, 52, 53, 54, 55, 56, 57, 58, 59, 60, 61, 62, 63, 64, 65, 66, 67, 68, 69, 70, 71, 72, 73, 74, 75, 76, 77, 78, 79, 80, 81, 82, 83, 84, 85, 86, 87, 88, 89, 90, 91, 92, 93, 94, 95, 96, 97, 98, 99, 100, 101, 102, 103, 104, 105, 106, 107, 108, 109, 110, 111, 112, 113, 114, 115, 116, 117, 118, 119, 120, 121, 122, 123, 124, 125, 126, 127, 128, 129, 130, 131, 132, 133, 134, 135, 136, 137, 138, 139, 140, 141, 142, 143, 144, 145, 146, 147, 148, 149, 150, 151, 152, 153, 154, 155, 156, 157, 158, 159, 160, 161, 162, 163, 164, 165, 166, 167, 168, 169, 170, 171, 172, 173, 174, 175, 176, 177, 178, 179, 180, 181, 182, 183, 184, 185, 186, 187, 188, 189, 190, 192, 193, 195, 196, 197, 199, 202, 205, 207, 210, 212]
       202      5,815,262     17.89%    52.710    -0.00%  [1, 2, 3, 4, 5, 6, 7, 8, 9, 10, 11, 12, 13, 14, 15, 16, 17, 18, 19, 20, 21, 22, 23, 24, 25, 26, 27, 28, 29, 30, 31, 32, 33, 34, 35, 36, 37, 38, 39, 40, 41, 42, 43, 44, 45, 46, 47, 48, 49, 50, 51, 52, 53, 54, 55, 56, 57, 58, 59, 60, 61, 62, 63, 64, 65, 66, 67, 68, 69, 70, 71, 72, 73, 74, 75, 76, 77, 78, 79, 80, 81, 82, 83, 84, 85, 86, 87, 88, 89, 90, 91, 92, 93, 94, 95, 96, 97, 98, 99, 100, 101, 102, 103, 104, 105, 106, 107, 108, 109, 110, 111, 112, 113, 114, 115, 116, 117, 118, 119, 120, 121, 122, 123, 124, 125, 126, 127, 128, 129, 130, 131, 132, 133, 134, 135, 136, 137, 138, 139, 140, 141, 142, 143, 144, 145, 146, 147, 148, 149, 150, 151, 152, 153, 154, 155, 156, 157, 158, 159, 160, 161, 162, 163, 164, 165, 166, 167, 168, 169, 170, 171, 172, 173, 174, 175, 176, 177, 178, 179, 180, 181, 182, 183, 184, 185, 186, 187, 188, 189, 190, 192, 193, 194, 195, 196, 197, 199, 202, 205, 207, 210, 212]
       203      5,815,250     17.89%    52.710    -0.00%  [1, 2, 3, 4, 5, 6, 7, 8, 9, 10, 11, 12, 13, 14, 15, 16, 17, 18, 19, 20, 21, 22, 23, 24, 25, 26, 27, 28, 29, 30, 31, 32, 33, 34, 35, 36, 37, 38, 39, 40, 41, 42, 43, 44, 45, 46, 47, 48, 49, 50, 51, 52, 53, 54, 55, 56, 57, 58, 59, 60, 61, 62, 63, 64, 65, 66, 67, 68, 69, 70, 71, 72, 73, 74, 75, 76, 77, 78, 79, 80, 81, 82, 83, 84, 85, 86, 87, 88, 89, 90, 91, 92, 93, 94, 95, 96, 97, 98, 99, 100, 101, 102, 103, 104, 105, 106, 107, 108, 109, 110, 111, 112, 113, 114, 115, 116, 117, 118, 119, 120, 121, 122, 123, 124, 125, 126, 127, 128, 129, 130, 131, 132, 133, 134, 135, 136, 137, 138, 139, 140, 141, 142, 143, 144, 145, 146, 147, 148, 149, 150, 151, 152, 153, 154, 155, 156, 157, 158, 159, 160, 161, 162, 163, 164, 165, 166, 167, 168, 169, 170, 171, 172, 173, 174, 175, 176, 177, 178, 179, 180, 181, 182, 183, 184, 185, 186, 187, 188, 189, 190, 192, 193, 194, 195, 196, 197, 198, 200, 202, 205, 207, 210, 212]
       204      5,815,239     17.89%    52.710    -0.00%  [1, 2, 3, 4, 5, 6, 7, 8, 9, 10, 11, 12, 13, 14, 15, 16, 17, 18, 19, 20, 21, 22, 23, 24, 25, 26, 27, 28, 29, 30, 31, 32, 33, 34, 35, 36, 37, 38, 39, 40, 41, 42, 43, 44, 45, 46, 47, 48, 49, 50, 51, 52, 53, 54, 55, 56, 57, 58, 59, 60, 61, 62, 63, 64, 65, 66, 67, 68, 69, 70, 71, 72, 73, 74, 75, 76, 77, 78, 79, 80, 81, 82, 83, 84, 85, 86, 87, 88, 89, 90, 91, 92, 93, 94, 95, 96, 97, 98, 99, 100, 101, 102, 103, 104, 105, 106, 107, 108, 109, 110, 111, 112, 113, 114, 115, 116, 117, 118, 119, 120, 121, 122, 123, 124, 125, 126, 127, 128, 129, 130, 131, 132, 133, 134, 135, 136, 137, 138, 139, 140, 141, 142, 143, 144, 145, 146, 147, 148, 149, 150, 151, 152, 153, 154, 155, 156, 157, 158, 159, 160, 161, 162, 163, 164, 165, 166, 167, 168, 169, 170, 171, 172, 173, 174, 175, 176, 177, 178, 179, 180, 181, 182, 183, 184, 185, 186, 187, 188, 189, 190, 191, 192, 193, 194, 195, 196, 197, 198, 200, 202, 205, 207, 210, 212]
       205      5,815,229     17.89%    52.710    -0.00%  [1, 2, 3, 4, 5, 6, 7, 8, 9, 10, 11, 12, 13, 14, 15, 16, 17, 18, 19, 20, 21, 22, 23, 24, 25, 26, 27, 28, 29, 30, 31, 32, 33, 34, 35, 36, 37, 38, 39, 40, 41, 42, 43, 44, 45, 46, 47, 48, 49, 50, 51, 52, 53, 54, 55, 56, 57, 58, 59, 60, 61, 62, 63, 64, 65, 66, 67, 68, 69, 70, 71, 72, 73, 74, 75, 76, 77, 78, 79, 80, 81, 82, 83, 84, 85, 86, 87, 88, 89, 90, 91, 92, 93, 94, 95, 96, 97, 98, 99, 100, 101, 102, 103, 104, 105, 106, 107, 108, 109, 110, 111, 112, 113, 114, 115, 116, 117, 118, 119, 120, 121, 122, 123, 124, 125, 126, 127, 128, 129, 130, 131, 132, 133, 134, 135, 136, 137, 138, 139, 140, 141, 142, 143, 144, 145, 146, 147, 148, 149, 150, 151, 152, 153, 154, 155, 156, 157, 158, 159, 160, 161, 162, 163, 164, 165, 166, 167, 168, 169, 170, 171, 172, 173, 174, 175, 176, 177, 178, 179, 180, 181, 182, 183, 184, 185, 186, 187, 188, 189, 190, 191, 192, 193, 194, 195, 196, 197, 198, 200, 202, 205, 207, 209, 210, 212]
       206      5,815,221     17.89%    52.709    -0.00%  [1, 2, 3, 4, 5, 6, 7, 8, 9, 10, 11, 12, 13, 14, 15, 16, 17, 18, 19, 20, 21, 22, 23, 24, 25, 26, 27, 28, 29, 30, 31, 32, 33, 34, 35, 36, 37, 38, 39, 40, 41, 42, 43, 44, 45, 46, 47, 48, 49, 50, 51, 52, 53, 54, 55, 56, 57, 58, 59, 60, 61, 62, 63, 64, 65, 66, 67, 68, 69, 70, 71, 72, 73, 74, 75, 76, 77, 78, 79, 80, 81, 82, 83, 84, 85, 86, 87, 88, 89, 90, 91, 92, 93, 94, 95, 96, 97, 98, 99, 100, 101, 102, 103, 104, 105, 106, 107, 108, 109, 110, 111, 112, 113, 114, 115, 116, 117, 118, 119, 120, 121, 122, 123, 124, 125, 126, 127, 128, 129, 130, 131, 132, 133, 134, 135, 136, 137, 138, 139, 140, 141, 142, 143, 144, 145, 146, 147, 148, 149, 150, 151, 152, 153, 154, 155, 156, 157, 158, 159, 160, 161, 162, 163, 164, 165, 166, 167, 168, 169, 170, 171, 172, 173, 174, 175, 176, 177, 178, 179, 180, 181, 182, 183, 184, 185, 186, 187, 188, 189, 190, 191, 192, 193, 194, 195, 196, 197, 198, 199, 201, 202, 205, 207, 209, 210, 212]
       207      5,815,213     17.89%    52.709    -0.00%  [1, 2, 3, 4, 5, 6, 7, 8, 9, 10, 11, 12, 13, 14, 15, 16, 17, 18, 19, 20, 21, 22, 23, 24, 25, 26, 27, 28, 29, 30, 31, 32, 33, 34, 35, 36, 37, 38, 39, 40, 41, 42, 43, 44, 45, 46, 47, 48, 49, 50, 51, 52, 53, 54, 55, 56, 57, 58, 59, 60, 61, 62, 63, 64, 65, 66, 67, 68, 69, 70, 71, 72, 73, 74, 75, 76, 77, 78, 79, 80, 81, 82, 83, 84, 85, 86, 87, 88, 89, 90, 91, 92, 93, 94, 95, 96, 97, 98, 99, 100, 101, 102, 103, 104, 105, 106, 107, 108, 109, 110, 111, 112, 113, 114, 115, 116, 117, 118, 119, 120, 121, 122, 123, 124, 125, 126, 127, 128, 129, 130, 131, 132, 133, 134, 135, 136, 137, 138, 139, 140, 141, 142, 143, 144, 145, 146, 147, 148, 149, 150, 151, 152, 153, 154, 155, 156, 157, 158, 159, 160, 161, 162, 163, 164, 165, 166, 167, 168, 169, 170, 171, 172, 173, 174, 175, 176, 177, 178, 179, 180, 181, 182, 183, 184, 185, 186, 187, 188, 189, 190, 191, 192, 193, 194, 195, 196, 197, 198, 199, 201, 202, 204, 206, 207, 209, 210, 212]
       208      5,815,208     17.89%    52.709    -0.00%  [1, 2, 3, 4, 5, 6, 7, 8, 9, 10, 11, 12, 13, 14, 15, 16, 17, 18, 19, 20, 21, 22, 23, 24, 25, 26, 27, 28, 29, 30, 31, 32, 33, 34, 35, 36, 37, 38, 39, 40, 41, 42, 43, 44, 45, 46, 47, 48, 49, 50, 51, 52, 53, 54, 55, 56, 57, 58, 59, 60, 61, 62, 63, 64, 65, 66, 67, 68, 69, 70, 71, 72, 73, 74, 75, 76, 77, 78, 79, 80, 81, 82, 83, 84, 85, 86, 87, 88, 89, 90, 91, 92, 93, 94, 95, 96, 97, 98, 99, 100, 101, 102, 103, 104, 105, 106, 107, 108, 109, 110, 111, 112, 113, 114, 115, 116, 117, 118, 119, 120, 121, 122, 123, 124, 125, 126, 127, 128, 129, 130, 131, 132, 133, 134, 135, 136, 137, 138, 139, 140, 141, 142, 143, 144, 145, 146, 147, 148, 149, 150, 151, 152, 153, 154, 155, 156, 157, 158, 159, 160, 161, 162, 163, 164, 165, 166, 167, 168, 169, 170, 171, 172, 173, 174, 175, 176, 177, 178, 179, 180, 181, 182, 183, 184, 185, 186, 187, 188, 189, 190, 191, 192, 193, 194, 195, 196, 197, 198, 199, 200, 201, 202, 204, 206, 207, 209, 210, 212]
       209      5,815,203     17.89%    52.709    -0.00%  [1, 2, 3, 4, 5, 6, 7, 8, 9, 10, 11, 12, 13, 14, 15, 16, 17, 18, 19, 20, 21, 22, 23, 24, 25, 26, 27, 28, 29, 30, 31, 32, 33, 34, 35, 36, 37, 38, 39, 40, 41, 42, 43, 44, 45, 46, 47, 48, 49, 50, 51, 52, 53, 54, 55, 56, 57, 58, 59, 60, 61, 62, 63, 64, 65, 66, 67, 68, 69, 70, 71, 72, 73, 74, 75, 76, 77, 78, 79, 80, 81, 82, 83, 84, 85, 86, 87, 88, 89, 90, 91, 92, 93, 94, 95, 96, 97, 98, 99, 100, 101, 102, 103, 104, 105, 106, 107, 108, 109, 110, 111, 112, 113, 114, 115, 116, 117, 118, 119, 120, 121, 122, 123, 124, 125, 126, 127, 128, 129, 130, 131, 132, 133, 134, 135, 136, 137, 138, 139, 140, 141, 142, 143, 144, 145, 146, 147, 148, 149, 150, 151, 152, 153, 154, 155, 156, 157, 158, 159, 160, 161, 162, 163, 164, 165, 166, 167, 168, 169, 170, 171, 172, 173, 174, 175, 176, 177, 178, 179, 180, 181, 182, 183, 184, 185, 186, 187, 188, 189, 190, 191, 192, 193, 194, 195, 196, 197, 198, 199, 200, 201, 202, 204, 205, 206, 207, 209, 210, 212]
       210      5,815,199     17.89%    52.709    -0.00%  [1, 2, 3, 4, 5, 6, 7, 8, 9, 10, 11, 12, 13, 14, 15, 16, 17, 18, 19, 20, 21, 22, 23, 24, 25, 26, 27, 28, 29, 30, 31, 32, 33, 34, 35, 36, 37, 38, 39, 40, 41, 42, 43, 44, 45, 46, 47, 48, 49, 50, 51, 52, 53, 54, 55, 56, 57, 58, 59, 60, 61, 62, 63, 64, 65, 66, 67, 68, 69, 70, 71, 72, 73, 74, 75, 76, 77, 78, 79, 80, 81, 82, 83, 84, 85, 86, 87, 88, 89, 90, 91, 92, 93, 94, 95, 96, 97, 98, 99, 100, 101, 102, 103, 104, 105, 106, 107, 108, 109, 110, 111, 112, 113, 114, 115, 116, 117, 118, 119, 120, 121, 122, 123, 124, 125, 126, 127, 128, 129, 130, 131, 132, 133, 134, 135, 136, 137, 138, 139, 140, 141, 142, 143, 144, 145, 146, 147, 148, 149, 150, 151, 152, 153, 154, 155, 156, 157, 158, 159, 160, 161, 162, 163, 164, 165, 166, 167, 168, 169, 170, 171, 172, 173, 174, 175, 176, 177, 178, 179, 180, 181, 182, 183, 184, 185, 186, 187, 188, 189, 190, 191, 192, 193, 194, 195, 196, 197, 198, 199, 200, 201, 202, 204, 205, 206, 207, 209, 210, 211, 212]
       211      5,815,196     17.89%    52.709    -0.00%  [1, 2, 3, 4, 5, 6, 7, 8, 9, 10, 11, 12, 13, 14, 15, 16, 17, 18, 19, 20, 21, 22, 23, 24, 25, 26, 27, 28, 29, 30, 31, 32, 33, 34, 35, 36, 37, 38, 39, 40, 41, 42, 43, 44, 45, 46, 47, 48, 49, 50, 51, 52, 53, 54, 55, 56, 57, 58, 59, 60, 61, 62, 63, 64, 65, 66, 67, 68, 69, 70, 71, 72, 73, 74, 75, 76, 77, 78, 79, 80, 81, 82, 83, 84, 85, 86, 87, 88, 89, 90, 91, 92, 93, 94, 95, 96, 97, 98, 99, 100, 101, 102, 103, 104, 105, 106, 107, 108, 109, 110, 111, 112, 113, 114, 115, 116, 117, 118, 119, 120, 121, 122, 123, 124, 125, 126, 127, 128, 129, 130, 131, 132, 133, 134, 135, 136, 137, 138, 139, 140, 141, 142, 143, 144, 145, 146, 147, 148, 149, 150, 151, 152, 153, 154, 155, 156, 157, 158, 159, 160, 161, 162, 163, 164, 165, 166, 167, 168, 169, 170, 171, 172, 173, 174, 175, 176, 177, 178, 179, 180, 181, 182, 183, 184, 185, 186, 187, 188, 189, 190, 191, 192, 193, 194, 195, 196, 197, 198, 199, 200, 201, 202, 204, 205, 206, 207, 208, 209, 210, 211, 212]
  *    212      5,815,195     17.89%    52.709    -0.00%  [1, 2, 3, 4, 5, 6, 7, 8, 9, 10, 11, 12, 13, 14, 15, 16, 17, 18, 19, 20, 21, 22, 23, 24, 25, 26, 27, 28, 29, 30, 31, 32, 33, 34, 35, 36, 37, 38, 39, 40, 41, 42, 43, 44, 45, 46, 47, 48, 49, 50, 51, 52, 53, 54, 55, 56, 57, 58, 59, 60, 61, 62, 63, 64, 65, 66, 67, 68, 69, 70, 71, 72, 73, 74, 75, 76, 77, 78, 79, 80, 81, 82, 83, 84, 85, 86, 87, 88, 89, 90, 91, 92, 93, 94, 95, 96, 97, 98, 99, 100, 101, 102, 103, 104, 105, 106, 107, 108, 109, 110, 111, 112, 113, 114, 115, 116, 117, 118, 119, 120, 121, 122, 123, 124, 125, 126, 127, 128, 129, 130, 131, 132, 133, 134, 135, 136, 137, 138, 139, 140, 141, 142, 143, 144, 145, 146, 147, 148, 149, 150, 151, 152, 153, 154, 155, 156, 157, 158, 159, 160, 161, 162, 163, 164, 165, 166, 167, 168, 169, 170, 171, 172, 173, 174, 175, 176, 177, 178, 179, 180, 181, 182, 183, 184, 185, 186, 187, 188, 189, 190, 191, 192, 193, 194, 195, 196, 197, 198, 199, 200, 201, 202, 203, 204, 205, 206, 207, 208, 209, 210, 211, 212]
  -> best at k=212 = tier limit; BOUNDARY HIT -- raise --max-fixed-prefix-bits to confirm optimum.
  legend: * = family best   + = knee

Recommendation:
  pure-bit optimum       fixed/6b   k=64  bits=     5,670,111  vs-lb= +14.95%  payload=[1, 3, 5, 6, 7, 9, 11, 12, 14, 15, 17, 19, 20, 22, 24, 26, 28, 29, 31, 33, 35, 37, 39, 41, 43, 45, 47, 49, 51, 54, 57, 60, 63, 65, 68, 71, 73, 76, 79, 82, 85, 88, 91, 94, 97, 100, 104, 107, 111, 115, 119, 123, 128, 133, 140, 145, 150, 156, 162, 170, 177, 187, 197, 212]
  complexity-aware       fixed/5b   k=32  bits=     5,691,187  vs-lb= +15.38%  payload=[2, 5, 8, 11, 14, 17, 20, 24, 27, 31, 35, 39, 43, 47, 52, 57, 62, 67, 73, 78, 85, 91, 97, 106, 115, 123, 133, 146, 159, 172, 187, 212]
  best unary knee        unary      k=16  bits=     6,015,535  vs-lb= +21.95%  payload=[9, 19, 29, 40, 51, 62, 73, 85, 96, 107, 120, 131, 147, 162, 180, 212]
  best fixed knee        fixed/5b   k=26  bits=     5,753,800  vs-lb= +16.65%  payload=[3, 6, 9, 13, 16, 20, 25, 29, 34, 39, 44, 49, 54, 60, 67, 73, 79, 87, 97, 107, 120, 131, 146, 162, 180, 212]

Tier segments for fixed/6b with 64 tiers (bits=5,670,111, vs-lb=+14.95%):
  tier     prefix  bit_min  bit_max        count      tier bits
     0     000000        1        1        4,348         30,436
     1     000001        2        3        3,515         31,635
     2     000010        4        5        3,891         42,801
     3     000011        6        6        1,919         23,028
     4     000100        7        7        1,907         24,791
     5     000101        8        9        3,551         53,265
     6     000110       10       11        3,362         57,154
     7     000111       12       12        1,896         34,128
     8     001000       13       14        4,004         80,080
     9     001001       15       15        1,851         38,871
    10     001010       16       17        3,462         79,626
    11     001011       18       19        3,310         82,750
    12     001100       20       20        1,645         42,770
    13     001101       21       22        2,752         77,056
    14     001110       23       24        2,922         87,660
    15     001111       25       26        3,152        100,864
    16     010000       27       28        2,751         93,534
    17     010001       29       29        1,285         44,975
    18     010010       30       31        2,443         90,391
    19     010011       32       33        2,474         96,486
    20     010100       34       35        2,562        105,042
    21     010101       36       37        2,397        103,071
    22     010110       38       39        2,264        101,880
    23     010111       40       41        2,077         97,619
    24     011000       42       43        1,995         97,755
    25     011001       44       45        1,981        101,031
    26     011010       46       47        1,541         81,673
    27     011011       48       49        1,489         81,895
    28     011100       50       51        1,809        103,113
    29     011101       52       54        2,137        128,220
    30     011110       55       57        1,973        124,299
    31     011111       58       60        2,131        140,646
    32     100000       61       63        1,909        131,721
    33     100001       64       65        1,119         79,449
    34     100010       66       68        1,725        127,650
    35     100011       69       71        1,334        102,718
    36     100100       72       73        1,103         87,137
    37     100101       74       76        1,312        107,584
    38     100110       77       79        1,180        100,300
    39     100111       80       82        1,223        107,624
    40     101000       83       85        1,317        119,847
    41     101001       86       88        1,200        112,800
    42     101010       89       91        1,060        102,820
    43     101011       92       94        1,022        102,200
    44     101100       95       97        1,065        109,695
    45     101101       98      100          663         70,278
    46     101110      101      104        1,083        119,130
    47     101111      105      107          795         89,835
    48     110000      108      111          748         87,516
    49     110001      112      115          881        106,601
    50     110010      116      119          869        108,625
    51     110011      120      123          945        121,905
    52     110100      124      128        1,137        152,358
    53     110101      129      133          832        115,648
    54     110110      134      140          947        138,262
    55     110111      141      145          687        103,737
    56     111000      146      150          545         85,020
    57     111001      151      156          617         99,954
    58     111010      157      162          572         96,096
    59     111011      163      170          627        110,352
    60     111100      171      177          442         80,886
    61     111101      178      187          325         62,725
    62     111110      188      197          169         34,307
    63     111111      198      212           77         16,786

