f1,f2,f3,f4
207,14,0,31
135,0,51,57
171,31,50,16
60,150,154,243
143,157,10,114
213,121,236,63
201,81,0,88
87,135,169,167
212,142,236,115
54,112,174,242
203,122,255,125
65,164,210,184
136,132,109,28
229,149,255,81
225,40,0,10
89,130,114,180
176,70,0,49
178,21,0,56
137,181,81,39
51,122,204,239
80,136,200,205
161,147,43,84
26,96,154,178
82,145,192,181
132,151,88,40
62,123,147,151
54,130,136,211
209,171,252,127
116,152,118,72
255,98,201,104
121,159,30,27
218,44,17,40
76,130,54,87
85,198,7,62
122,146,54,55
63,146,182,241
70,87,183,196
36,191,165,209
140,150,77,111
255,149,255,94
76,81,145,236
188,135,250,108
163,0,16,62
45,85,127,185
73,125,150,156
69,105,126,175
255,161,232,96
255,3,8,0
0,167,210,206
151,50,50,22
91,198,10,43
241,173,238,97
246,7,31,23
99,167,79,43
62,126,171,192
233,27,16,95
72,152,61,0
94,175,15,77
255,86,203,99
198,11,45,59
85,219,106,0
212,159,255,129
219,131,223,145
198,52,22,51
25,160,154,191
214,172,196,35
233,168,213,43
255,23,60,43
46,125,20,82
200,0,19,26
137,178,105,82
136,101,13,60
150,223,59,9
100,108,29,82
168,50,0,68
218,44,0,6
73,188,55,85
238,61,55,54
205,180,169,111
58,121,126,167
208,0,1,25
10,151,232,174
28,135,134,209
127,154,0,21
97,131,119,206
135,155,103,77
94,161,39,68
111,134,194,226
215,0,29,50
100,219,97,114
30,129,134,236
0,125,172,173
217,4,45,53
126,11,70,69
113,169,26,51
50,168,150,181
75,87,212,190
144,131,53,76
106,147,192,182
158,10,0,3
44,164,191,193
115,158,88,67
133,158,255,105
119,189,43,67
95,182,44,61
92,195,193,229
217,31,13,71
163,174,98,25
59,159,121,209
144,184,79,45
188,161,206,126
86,156,55,56
113,150,80,122
64,151,160,196
180,139,255,105
255,74,31,0
242,122,235,91
153,182,101,75
196,0,37,30
152,124,47,7
185,103,255,100
174,142,206,87
78,222,6,89
16,101,209,184
203,88,189,155
149,141,32,10
180,119,207,153
121,137,81,42
240,22,9,9
179,57,21,63
72,218,96,67
181,31,47,0
206,137,221,95
201,52,1,100
146,144,88,53
212,115,255,103
34,126,156,161
89,211,87,51
179,43,28,53
95,95,120,224
93,137,61,72
157,194,57,97
226,70,5,0
46,157,164,167
34,133,143,166
185,0,19,41
186,109,195,85
210,68,36,74
170,50,28,31
152,65,0,0
141,13,76,60
199,39,46,84
172,178,29,82
71,160,136,162
82,166,71,61
26,95,129,229
63,130,111,52
73,161,69,56
0,65,188,195
217,158,255,103
128,148,47,71
159,178,227,91
255,158,225,122
240,139,179,32
139,212,149,175
87,146,166,149
218,196,255,43
148,51,49,21
204,112,255,23
49,157,189,217
255,133,255,142
0,174,75,180
196,29,38,46
45,151,176,169
158,168,52,92
216,142,210,67
94,148,163,226
204,116,255,116
60,202,153,177
23,167,163,193
43,192,113,148
163,35,58,69
33,180,42,64
74,190,44,57
176,173,0,2
45,162,127,190
167,191,191,126
236,157,255,134
182,24,11,19
239,34,0,0
132,154,42,78
176,206,255,136
205,99,0,88
255,213,205,141
210,161,218,122
187,112,23,69
72,216,46,56
124,189,40,86
64,161,66,3
114,152,35,46
196,35,39,45
139,153,51,68
188,31,6,49
182,116,255,80
134,224,116,39
113,96,44,136
39,172,121,186
14,177,168,168
174,139,54,26
221,90,182,74
40,142,119,205
61,110,130,126
173,19,41,13
98,148,44,46
38,171,149,208
43,122,164,255
161,50,6,33
231,174,251,75
74,176,118,181
20,187,84,184
162,102,200,145
214,158,255,128
255,150,233,60
86,136,144,184
194,111,213,81
197,83,36,59
22,153,131,142
121,162,106,65
238,113,206,128
113,169,0,82
216,48,5,41
189,101,242,75
192,43,74,8
70,118,198,210
193,175,244,118
188,65,27,150
53,157,187,211
201,90,179,102
255,134,207,118
77,161,175,219
197,51,0,21
39,145,164,220
224,99,204,134
166,146,196,132
173,98,21,33
207,30,39,19
94,189,80,13
67,104,176,202
189,1,0,35
111,195,26,91
191,45,70,99
132,190,68,67
62,95,144,197
36,111,69,246
90,218,63,95
194,80,50,65
226,130,211,104
236,156,230,145
100,111,136,152
157,0,9,71
95,147,8,49
214,110,236,90
23,134,138,191
115,158,66,101
57,176,42,75
224,114,222,102
121,112,163,189
37,180,147,171
190,52,46,27
224,14,0,58
185,0,89,98
153,141,43,75
73,149,176,255
240,83,255,83
254,71,181,79
221,142,245,74
167,0,23,8
190,167,205,107
206,122,219,95
255,67,0,62
255,190,235,59
185,79,31,84
47,115,153,173
199,107,193,78
233,117,228,83
73,177,54,11
91,111,0,7
123,197,78,66
239,185,231,108
238,63,26,0
255,156,254,55
254,14,0,93
185,93,255,89
87,144,208,205
226,30,50,0
136,164,64,140
183,25,35,56
101,160,56,0
94,143,104,46
92,124,198,186
194,172,216,109
218,161,246,40
35,92,89,176
252,219,204,49
219,48,0,4
153,181,98,104
255,109,192,113
198,26,89,6
205,45,26,49
160,0,25,79
240,29,31,27
103,99,202,135
157,5,0,24
221,146,228,114
212,63,2,23
40,172,191,160
77,129,30,89
250,146,240,66
20,173,133,210
53,185,172,246
70,147,177,169
204,103,41,94
142,21,41,30
133,143,55,66
99,132,157,201
88,172,60,19
27,131,123,179
47,75,161,152
119,202,56,65
78,185,89,56
26,119,140,214
74,114,123,160
236,0,73,78
150,190,139,33
65,126,169,159
200,105,194,51
226,173,240,87
103,201,96,68
0,141,159,168
196,26,15,104
114,195,90,96
45,124,139,113
186,13,84,19
69,145,93,206
225,235,255,82
95,176,82,102
136,119,0,28
206,183,226,37
134,109,23,102
173,83,60,24
63,121,140,204
192,34,0,106
207,0,41,61
146,158,74,62
180,123,234,72
206,0,0,28
113,170,119,34
84,149,80,80
74,98,131,192
236,47,27,80
65,144,178,175
68,161,4,33
236,117,213,127
206,158,198,73
80,144,131,165
230,0,36,23
200,109,239,149
22,131,136,174
34,185,154,171
230,143,255,122
105,96,159,150
226,111,235,122
81,204,96,63
88,210,62,97
58,151,135,203
75,73,191,188
237,121,158,113
137,146,60,28
0,84,147,138
116,159,0,61
241,75,30,26
29,160,124,218
227,22,33,40
145,22,47,0
191,76,210,167
123,154,75,96
189,0,0,66
147,64,21,42
100,158,104,57
143,198,21,77
70,149,96,28
171,18,4,30
0,166,182,215
63,161,17,75
231,139,255,81
241,46,11,44
103,113,126,180
13,134,161,201
210,7,60,10
207,44,4,13
80,200,69,5
255,181,224,48
130,167,53,118
131,148,43,87
220,89,52,54
224,0,64,22
133,201,23,35
212,111,254,111
0,84,175,131
104,169,64,83
220,104,181,105
27,141,118,106
217,0,11,25
106,137,135,155
192,54,45,65
212,99,234,50
127,147,17,0
223,147,201,87
183,19,0,124
139,69,0,21
238,119,227,18
33,189,159,176
224,141,250,80
47,134,78,45
198,146,188,75
21,112,170,218
253,95,255,73
147,92,108,55
235,102,211,160
189,101,17,57
43,114,183,220
255,147,255,116
207,172,255,81
244,49,34,0
228,87,241,66
52,113,120,237
229,149,202,107
40,159,117,233
164,185,80,76
172,54,92,28
111,178,51,57
70,153,95,62
255,190,238,118
39,173,143,161
228,45,12,24
193,153,29,4
221,150,234,68
170,32,0,16
7,93,184,194
31,152,211,195
212,124,255,85
78,136,56,76
180,84,8,6
166,37,17,21
176,130,218,73
17,123,178,207
238,116,221,120
208,57,58,54
255,132,224,64
34,118,137,183
99,182,97,4
179,150,246,100
217,146,209,86
142,165,54,48
40,117,151,227
61,176,103,134
48,170,164,255
193,39,0,0
255,140,251,130
106,164,72,93
111,152,74,72
27,153,94,222
209,91,239,178
172,0,0,75
168,45,0,40
80,249,65,29
230,0,48,34
101,180,78,42
206,30,45,46
194,165,255,104
78,121,199,187
199,139,226,82
151,179,67,33
247,163,199,108
107,103,25,71
167,48,41,17
234,130,200,83
89,171,26,42
74,159,212,194
53,111,184,169
101,1,0,58
0,149,162,173
100,139,68,32
83,120,208,157
82,154,181,255
140,163,80,5
170,20,0,24
255,13,0,23
192,0,6,17
89,185,109,50
31,99,198,164
255,138,217,59
51,142,156,153
222,121,227,104
0,79,146,123
129,154,90,81
118,180,85,91
221,124,229,131
100,179,9,18
50,113,112,137
175,90,55,47
255,220,190,66
189,118,232,83
127,161,26,49
37,125,175,178
255,128,181,81
118,184,60,34
102,139,78,87
222,26,112,14
250,0,59,27
222,199,255,95
218,178,240,131
68,105,164,184
194,152,194,120
139,130,68,49
49,115,151,191
158,175,255,69
38,190,76,12
0,84,118,213
246,98,255,138
209,110,209,147
198,129,235,36
196,2,0,0
57,162,77,193
114,129,94,8
132,141,28,0
112,121,176,173
24,108,182,153
247,80,0,0
197,162,160,63
214,143,189,121
189,5,29,48
0,158,93,182
106,220,92,38
180,40,54,51
216,242,190,85
134,0,23,31
171,143,244,86
255,177,224,128
235,71,39,24
92,138,22,17
255,142,206,87
183,119,50,55
28,136,153,183
192,129,222,136
227,102,182,58
218,57,33,68
84,212,63,14
91,117,154,126
44,129,146,140
255,208,188,101
37,147,173,222
210,174,250,96
208,0,39,0
197,0,18,102
248,146,209,30
223,133,168,84
179,68,8,34
12,105,173,217
152,168,58,38
84,112,35,45
83,152,177,110
104,153,178,167
198,109,168,85
111,190,97,67
255,39,47,27
124,198,0,134
206,16,38,33
74,150,28,48
112,187,32,98
127,133,69,63
195,144,255,83
188,102,0,10
135,78,0,72
153,61,0,87
204,169,177,57
216,38,14,58
203,0,50,83
186,74,73,14
159,29,38,10
64,147,192,196
124,196,104,34
0,133,248,174
34,167,53,85
234,15,7,61
177,12,43,0
68,126,139,166
36,129,92,198
101,138,5,156
19,226,211,181
68,147,159,181
185,9,72,23
31,195,156,184
60,97,148,235
255,194,192,101
148,64,11,0
111,170,49,48
106,168,61,42
211,13,0,24
135,131,70,63
90,190,25,81
158,121,48,88
106,195,32,55
64,144,169,236
165,34,69,28
98,160,38,41
181,152,251,102
175,182,33,35
188,128,236,114
67,114,88,22
251,148,255,110
207,27,36,51
188,0,30,43
80,157,38,51
194,124,243,20
190,0,16,49
97,134,54,79
43,131,172,229
255,153,186,88
235,150,189,91
110,180,73,48
155,113,255,60
103,141,25,36
36,131,65,54
186,32,117,13
105,215,105,86
17,166,215,255
153,6,0,48
165,162,239,170
53,172,151,113
193,156,74,34
230,178,255,88
173,159,0,93
77,109,210,245
126,187,89,4
106,101,152,200
228,144,238,125
239,162,225,90
230,75,135,93
79,137,135,143
99,163,69,45
58,129,85,49
81,155,56,28
212,13,80,0
210,23,48,25
156,53,6,30
168,0,0,16
42,77,168,138
113,168,87,55
112,167,55,59
61,155,79,162
116,151,144,123
206,124,211,84
25,133,125,198
177,48,48,47
198,156,226,108
217,89,255,71
129,67,53,35
121,174,81,67
91,160,41,35
94,216,98,103
156,20,4,92
187,151,255,76
98,204,89,24
255,158,177,131
196,0,40,47
157,72,82,44
173,55,38,21
213,0,34,51
230,131,211,82
255,158,200,123
216,59,12,38
247,145,243,59
216,167,238,115
193,159,248,118
225,45,45,45
82,168,136,197
249,112,219,140
189,33,52,52
198,81,0,48
140,51,45,60
63,127,158,243
89,122,171,231
203,45,2,45
208,5,46,82
225,115,203,89
209,132,247,106
68,175,58,43
24,135,142,226
234,118,204,55
220,3,55,41
146,184,19,45
81,128,222,165
182,11,28,37
244,138,246,138
62,158,157,192
240,49,16,4
71,185,65,12
183,26,60,54
109,165,100,55
114,219,50,52
58,151,151,161
161,33,32,50
154,83,0,0
144,158,87,108
153,170,132,29
22,137,160,171
96,132,5,40
113,194,85,5
239,69,255,104
104,161,60,102
73,121,138,166
97,96,118,34
214,121,227,93
142,104,21,22
212,145,255,92
140,33,0,43
93,191,82,22
59,152,121,204
105,192,71,51
14,124,169,203
255,78,244,115
199,19,1,44
45,92,149,169
86,110,23,75
29,84,170,111
231,159,230,127
130,42,62,82
43,172,131,155
191,156,255,87
111,170,57,72
255,155,255,0
56,100,173,156
40,147,174,203
243,115,238,28
18,124,175,209
214,7,15,52
185,148,192,85
255,69,255,145
118,189,19,71
9,184,135,161
191,144,40,52
93,159,66,89
26,139,144,186
107,156,57,103
30,118,124,189
228,156,255,133
25,174,129,193
165,41,0,34
94,124,55,54
255,146,187,26
124,192,59,21
248,163,213,75
87,174,66,32
123,182,102,60
133,150,68,53
91,172,90,18
255,15,51,16
140,173,50,35
78,119,131,167
198,140,198,93
13,93,133,180
98,170,74,35
215,36,14,7
159,15,97,45
117,196,64,109
229,82,34,37
188,160,255,118
50,138,176,207
121,186,37,73
164,140,0,35
194,55,68,13
109,121,56,11
95,163,5,64
186,159,218,113
175,99,246,117
229,141,231,124
22,132,141,153
122,137,22,55
65,111,176,207
220,160,197,51
187,71,27,0
143,182,48,0
92,165,171,155
205,57,7,47
95,159,74,60
179,0,9,70
184,5,41,45
91,154,5,32
154,149,57,64
109,12,0,34
54,162,133,161
139,188,8,47
121,155,55,69
135,131,64,75
255,139,236,73
70,144,123,219
56,145,60,95
58,187,126,251
130,152,160,195
137,23,21,14
65,139,167,218
140,130,21,67
122,186,44,31
0,160,131,243
208,53,36,0
17,200,94,237
177,26,5,19
232,107,179,100
184,0,34,32
153,124,233,68
79,168,90,52
182,27,25,52
111,135,87,49
227,154,173,112
206,30,51,33
0,140,179,219
48,133,154,159
111,223,78,108
37,161,102,75
93,228,55,8
97,196,29,91
16,100,157,167
255,79,6,41
127,104,164,176
199,6,0,25
131,0,71,18
31,145,156,237
76,207,151,207
210,135,248,108
255,138,226,89
169,144,255,129
217,80,106,58
150,208,62,1
183,17,63,50
61,94,144,184
155,188,41,39
7,106,171,217
101,200,0,53
221,220,241,108
44,151,157,242
100,152,55,73
241,157,217,141
201,63,25,12
214,137,255,65
79,166,146,196
0,144,151,198
93,173,103,44
172,94,34,46
143,107,93,0
255,94,212,81
156,27,0,30
156,0,46,60
71,107,105,137
179,0,4,0
224,36,4,82
250,27,89,35
157,47,24,92
60,190,140,207
30,134,187,158
165,202,60,54
128,152,110,25
153,25,0,10
101,149,144,196
52,174,25,49
60,107,161,227
47,85,154,174
201,118,186,156
240,124,171,79
255,139,247,111
135,187,41,83
189,22,68,22
71,169,183,174
111,163,94,13
79,151,62,42
174,64,38,37
152,153,72,59
233,47,6,43
84,87,183,150
120,128,110,31
90,148,2,7
46,131,185,169
216,181,247,124
61,126,145,208
73,160,190,157
145,86,0,46
182,0,0,44
252,85,255,116
165,50,104,80
221,80,86,45
201,110,223,84
203,148,228,42
160,144,242,36
235,158,232,52
102,157,84,79
195,49,9,71
210,39,75,83
180,17,0,0
80,214,103,43
192,146,198,28
111,167,79,75
208,12,8,20
244,38,0,70
215,31,49,38
255,53,0,73
212,19,21,82
165,17,33,23
84,154,44,68
107,164,89,81
59,175,74,105
209,93,230,23
147,72,0,28
230,127,255,112
226,166,235,31
255,154,214,154
126,148,45,0
180,0,66,1
231,17,9,23
107,177,27,58
234,28,0,19
82,109,183,159
174,51,47,57
78,210,50,62
33,76,144,181
46,175,157,155
0,92,182,176
198,1,38,68
72,123,143,182
136,123,79,62
29,139,67,20
115,146,6,77
191,144,219,67
99,95,126,203
79,156,125,212
242,158,255,79
108,162,120,73
95,216,42,82
201,138,247,134
255,145,173,103
192,8,79,34
33,137,150,237
190,38,63,27
197,109,212,115
83,146,110,122
203,187,241,74
29,58,162,197
225,152,253,119
196,136,193,70
244,94,177,76
17,120,154,198
143,133,226,72
116,129,105,53
86,117,143,203
109,114,91,80
176,114,252,126
203,50,0,61
255,196,185,58
179,120,207,121
206,65,14,29
208,5,49,20
184,27,19,0
44,110,161,175
55,194,76,71
52,219,32,78
91,156,49,72
39,151,190,193
255,170,156,61
203,48,18,26
249,167,192,102
99,186,78,60
80,135,55,20
35,93,180,208
123,176,0,55
218,64,8,51
71,139,159,228
47,164,131,116
255,152,202,103
0,127,189,143
134,141,53,69
135,69,44,62
177,0,0,37
37,80,127,185
250,174,196,107
134,165,61,70
210,127,243,90
191,41,73,29
207,150,174,64
103,150,83,81
227,187,214,45
46,80,197,206
102,189,39,19
253,208,182,106
190,163,210,160
198,111,229,77
124,124,38,72
241,107,255,115
118,215,40,47
0,141,138,164
53,176,212,152
47,87,191,156
138,152,63,0
105,150,0,78
215,140,249,34
124,121,215,78
170,12,39,31
59,156,162,199
55,170,1,0
93,102,195,197
175,26,0,83
47,176,13,77
195,153,141,84
171,46,66,83
122,156,70,31
166,122,255,114
197,135,200,131
146,34,0,4
82,167,70,71
138,178,53,0
225,163,199,50
212,82,0,87
77,163,155,167
102,106,18,61
237,152,208,160
10,124,213,231
252,130,234,144
190,158,244,79
195,55,0,48
220,123,145,82
220,125,244,118
76,167,176,142
219,163,213,48
235,170,176,84
172,141,187,154
61,132,171,212
56,103,171,199
61,226,64,97
122,226,25,2
211,53,25,25
151,75,0,6
57,99,183,188
163,5,16,94
122,97,73,33
110,160,79,115
182,60,2,30
45,195,184,223
194,142,246,79
238,144,255,122
84,159,58,88
36,174,199,197
122,106,42,58
139,168,27,60
87,120,148,184
132,175,95,47
172,8,70,88
139,166,92,50
251,159,205,80
123,176,75,80
83,164,70,116
0,188,157,191
0,160,169,137
84,132,198,179
113,217,42,71
84,153,51,47
196,14,40,90
203,20,21,43
95,190,80,76
226,0,34,49
253,170,206,82
119,167,58,73
67,158,169,175
189,84,0,22
124,139,35,70
91,156,154,167
198,14,35,88
225,69,0,48
25,110,198,196
198,158,241,79
55,94,116,200
53,121,183,191
112,80,83,60
125,147,67,82
56,182,135,173
193,86,0,0
245,157,180,40
13,134,201,197
218,145,190,68
244,132,198,123
30,131,96,200
138,179,55,29
255,92,237,119
184,122,206,39
210,142,219,64
77,154,109,176
240,121,247,131
115,100,30,98
59,76,158,177
228,126,214,115
157,72,15,63
82,161,0,16
206,96,0,63
62,168,207,194
45,73,205,187
98,184,64,89
255,161,225,54
123,157,36,50
71,84,175,150
76,181,95,60
96,126,118,162
74,141,88,62
244,143,244,119
149,195,71,16
54,147,161,178
5,155,192,159
65,104,147,155
115,195,85,47
208,20,53,31
105,150,111,44
12,76,168,220
224,161,246,89
90,122,35,93
207,2,0,53
186,208,255,98
102,149,39,69
51,150,147,215
229,47,3,54
171,73,83,23
239,132,186,94
188,60,0,85
202,106,153,15
26,97,188,181
200,107,166,48
255,149,255,89
151,102,228,87
255,133,221,134
51,139,171,171
199,51,15,0
101,185,61,59
211,191,255,111
212,9,56,0
110,160,18,59
31,77,87,189
215,149,229,122
43,112,124,201
36,145,184,156
238,90,197,93
175,24,0,80
138,142,17,37
110,127,38,105
228,108,218,94
0,147,168,188
146,157,75,72
18,175,139,207
221,168,179,91
68,127,104,126
228,42,34,9
213,99,219,27
210,153,245,81
146,71,22,0
83,219,52,9
206,8,13,54
166,49,0,24
213,113,255,37
226,32,0,52
173,34,61,45
139,87,19,49
12,120,135,191
185,138,195,77
234,55,19,7
77,116,205,198
160,34,55,60
225,63,34,0
67,154,141,199
184,205,40,82
196,32,86,58
228,152,233,103
223,102,216,74
5,96,133,210
51,64,166,188
187,34,40,94
96,144,227,163
180,21,34,16
169,50,0,5
0,141,165,250
228,76,218,83
231,167,231,137
236,92,255,155
101,184,36,77
186,38,25,0
225,57,41,44
138,192,34,17
48,102,153,159
241,123,218,123
228,89,3,38
52,166,45,36
215,38,49,21
93,154,24,36
208,177,231,97
134,155,49,84
197,164,200,36
214,184,235,44
163,122,68,2
214,163,247,145
255,142,206,74
157,0,14,9
193,83,66,36
255,152,255,86
63,188,207,231
45,152,149,218
61,146,133,202
37,137,144,213
224,83,51,0
124,200,53,86
255,20,10,62
87,185,158,213
64,130,141,186
155,228,60,79
248,56,0,33
229,86,55,36
219,114,255,95
235,186,232,118
166,13,7,46
148,46,0,110
233,82,8,53
192,146,219,56
170,211,45,57
163,16,0,86
46,177,150,189
251,32,14,0
125,217,11,0
226,195,216,30
155,24,24,0
163,0,33,15
255,159,206,106
113,175,74,45
116,152,142,178
201,165,181,106
90,184,138,184
212,61,12,19
149,138,0,62
84,173,149,164
228,126,182,42
107,199,8,59
28,114,153,160
126,142,0,77
103,97,205,185
210,60,0,3
229,17,0,34
88,192,78,64
17,191,162,191
150,0,0,127
245,85,230,41
220,20,26,43
166,41,11,44
1,157,151,175
111,195,68,52
109,199,51,68
74,90,75,20
189,0,15,18
189,0,0,72
213,21,38,101
105,174,51,95
218,157,255,89
72,178,35,55
0,111,123,156
187,10,46,27
52,141,154,177
255,139,196,124
229,150,206,79
60,124,150,218
86,143,126,168
124,130,212,87
218,50,1,105
17,103,148,164
81,155,75,0
158,42,28,94
210,49,39,28
208,41,66,17
126,128,166,186
229,105,255,93
77,244,67,16
77,179,43,55
57,159,137,155
103,170,168,180
46,132,255,192
152,207,114,15
0,116,143,173
230,15,0,71
145,152,63,80
160,123,255,138
14,143,188,208
168,171,206,92
255,108,206,121
45,143,127,171
199,71,41,81
208,21,38,29
59,126,190,181
23,178,140,193
216,140,185,0
8,69,191,194
231,179,252,93
255,96,45,39
54,180,27,33
27,126,171,218
11,125,198,188
84,213,0,51
92,125,20,76
76,108,168,189
100,176,20,82
44,149,108,164
199,156,255,61
16,85,153,159
214,48,24,58
90,191,66,59
38,175,128,132
66,103,140,173
60,125,177,162
13,160,157,217
178,14,17,57
158,129,203,71
27,142,127,206
94,155,81,54
231,145,193,143
178,120,195,168
121,203,76,52
82,111,54,32
165,9,65,93
81,198,101,145
112,146,27,72
55,159,151,189
75,88,141,231
179,31,0,68
67,108,125,186
255,123,218,117
149,203,126,68
191,50,15,0
224,41,39,36
158,174,35,84
254,160,225,71
168,109,200,58
207,47,0,17
198,102,212,124
172,18,2,65
101,144,73,79
185,70,42,25
27,79,94,155
43,136,166,128
255,132,244,132
0,183,147,148
94,165,54,47
0,157,100,216
21,164,125,187
196,56,81,18
223,190,227,145
206,21,48,77
214,114,248,82
120,169,53,32
124,162,52,57
208,32,14,60
91,154,28,83
160,84,30,5
217,0,27,70
29,111,150,215
153,57,14,0
76,182,157,185
180,15,0,40
177,211,226,7
191,1,13,76
62,127,1,86
28,135,120,163
213,30,52,15
164,53,56,0
255,19,23,46
84,170,87,74
210,132,255,141
101,173,189,186
0,70,208,169
190,119,255,25
58,126,75,187
195,161,233,67
217,191,211,104
28,107,119,177
233,58,26,26
83,168,111,23
213,20,62,74
142,163,108,181
80,126,201,221
236,153,202,101
255,69,185,30
124,126,118,81
127,162,3,97
127,195,69,47
206,81,0,0
71,160,21,55
215,0,0,41
255,124,230,108
226,162,251,64
167,1,0,0
12,143,156,204
97,109,150,144
105,143,14,60
33,163,56,28
165,243,16,59
102,197,76,63
0,113,126,140
214,181,207,120
48,138,163,208
61,164,197,181
193,55,0,0
0,114,202,207
79,180,200,255
255,149,227,36
69,112,183,193
98,179,0,22
255,121,226,68
50,144,147,151
37,167,187,253
121,136,52,140
6,118,167,181
238,210,197,125
74,178,179,170
241,8,36,5
83,92,191,233
233,15,60,60
81,122,174,204
97,124,96,195
123,147,70,75
255,121,255,62
99,183,77,76
75,139,34,18
141,148,58,11
149,0,0,20
255,148,225,107
191,128,228,52
231,128,191,13
225,128,232,82
57,126,191,142
170,128,20,8
189,87,205,125
173,58,55,64
186,72,40,45
153,175,16,2
61,170,119,183
56,100,161,188
0,119,148,230
53,181,158,220
79,230,66,118
180,163,225,142
206,47,0,98
107,142,21,71
224,114,214,127
96,154,34,58
209,19,28,99
130,165,60,99
214,178,210,89
127,178,0,34
255,131,218,76
11,122,182,227
250,149,230,78
121,38,0,48
250,183,225,81
234,92,4,32
0,107,149,179
58,114,164,159
125,148,66,107
145,118,213,92
163,0,16,36
222,44,11,21
136,113,223,86
248,74,252,30
213,145,167,52
23,106,228,160
158,0,0,43
142,161,61,15
238,128,215,74
0,150,174,204
175,0,54,41
16,177,112,203
253,133,255,68
48,155,156,240
107,112,166,222
49,164,157,197
176,131,254,115
220,185,215,139
253,159,230,85
234,133,232,135
152,25,58,33
50,123,124,134
215,158,255,66
73,171,67,81
28,122,142,204
39,164,171,214
236,0,0,38
147,156,67,55
40,112,138,130
180,150,250,96
35,163,163,165
145,232,70,81
124,174,46,58
210,7,53,43
255,21,13,100
77,216,63,103
54,106,174,184
108,168,123,184
244,17,26,71
162,61,55,72
255,157,255,60
243,114,227,103
32,109,193,205
44,138,156,182
170,46,0,0
244,194,175,60
93,190,54,31
121,122,126,47
43,191,51,32
98,160,65,57
178,183,255,55
99,179,46,97
15,102,142,195
213,15,10,0
90,145,93,62
162,0,0,46
178,34,26,0
188,21,61,36
65,149,184,165
92,172,71,63
221,52,77,46
197,89,209,89
240,151,255,50
167,78,9,14
8,174,168,197
158,59,14,57
65,198,69,39
0,152,180,249
219,37,15,81
213,121,248,98
26,161,181,193
194,141,255,118
246,154,160,64
136,161,51,78
88,98,0,67
96,166,22,54
248,201,225,84
67,99,200,141
182,63,6,69
114,170,116,44
127,66,60,44
163,147,105,63
106,165,51,48
22,133,182,193
219,121,241,110
79,180,27,98
16,155,220,198
219,66,250,102
208,173,229,125
227,117,246,115
96,192,128,30
214,49,0,9
189,132,221,38
160,177,216,158
187,58,53,53
238,93,170,124
225,114,227,111
199,109,190,26
199,41,47,17
254,2,0,38
36,99,136,219
37,136,56,224
5,142,200,181
0,184,177,190
109,40,38,43
136,83,116,176
0,116,178,159
50,104,132,214
249,114,255,124
27,156,186,188
142,37,0,38
159,145,29,48
141,167,70,58
255,123,245,24
26,137,102,134
212,72,227,88
118,166,58,117
75,173,197,193
47,137,1,85
63,110,95,189
108,159,36,105
135,175,0,49
202,0,33,99
139,20,18,93
100,142,93,123
93,167,54,32
103,233,49,0
70,125,219,176
193,77,35,43
107,112,59,33
153,57,0,46
126,214,11,82
239,163,255,160
209,80,73,29
68,162,52,11
134,127,81,69
55,130,207,161
229,192,228,123
189,66,12,15
23,134,159,182
73,130,148,215
242,151,227,68
149,148,25,28
109,131,85,83
177,0,14,63
132,121,28,88
92,132,195,173
255,175,255,113
255,149,232,90
42,109,112,184
44,176,191,193
0,174,179,161
248,176,255,106
215,71,13,0
255,147,193,73
254,111,255,89
151,142,59,74
207,46,15,45
143,0,93,101
218,66,0,71
203,51,22,18
51,86,162,255
186,32,23,62
123,151,66,60
115,171,122,23
113,205,107,88
53,233,67,72
0,147,170,169
81,97,202,208
101,177,47,33
237,148,255,98
113,126,92,52
213,123,213,118
156,0,0,61
237,44,2,44
43,160,157,202
185,163,229,137
205,153,255,72
53,126,178,119
43,128,51,20
100,196,49,68
255,131,249,106
122,153,83,43
58,101,80,167
159,35,31,43
115,127,30,70
142,163,23,22
160,30,20,97
225,147,249,77
208,148,239,50
219,189,223,0
177,110,234,91
130,172,68,66
133,119,165,167
42,158,190,204
229,86,39,20
35,208,130,196
0,78,124,131
7,107,136,176
62,167,34,33
85,203,90,70
172,83,95,79
170,0,16,57
204,106,255,65
51,131,178,181
230,44,19,0
112,163,85,66
90,219,89,74
187,41,19,88
232,182,221,69
255,152,236,130
76,137,171,216
189,54,0,67
95,133,44,55
125,133,19,26
76,107,195,212
157,37,70,30
202,147,255,87
182,13,0,51
238,201,189,132
78,117,141,178
126,173,32,65
229,106,215,43
194,4,67,49
83,104,84,82
233,38,0,29
167,40,0,33
55,158,157,187
237,0,36,98
255,147,221,127
47,211,139,169
58,124,162,149
115,166,78,60
121,111,84,46
195,0,0,87
113,18,0,96
196,140,255,60
226,91,4,49
220,157,237,82
146,126,5,17
68,185,0,65
116,82,159,210
190,23,21,44
216,142,255,48
55,139,232,139
21,157,202,212
0,93,242,205
91,144,168,157
186,184,33,45
208,62,0,40
227,152,255,86
214,138,255,45
26,87,191,140
143,21,52,29
56,180,58,71
255,141,248,71
98,120,91,53
46,176,133,19
172,58,29,2
92,101,201,174
175,37,36,43
172,128,223,147
87,116,94,23
222,118,255,119
214,164,179,54
170,45,31,89
72,116,167,227
69,161,33,43
192,37,69,24
106,157,97,153
12,119,196,231
140,54,5,35
171,77,32,54
65,183,135,195
84,168,38,65
60,156,59,0
213,174,141,61
208,75,213,88
78,137,88,86
46,91,184,149
234,140,215,94
195,0,56,56
200,155,255,173
101,156,43,50
203,41,61,35
251,110,225,85
92,181,167,226
60,139,32,35
255,93,253,53
146,179,109,81
255,114,185,92
187,154,251,47
117,126,178,200
187,127,255,113
181,122,186,122
215,24,48,31
64,168,107,173
247,131,255,63
136,189,25,70
170,82,0,33
27,111,203,185
115,153,54,66
98,157,37,115
216,211,229,68
135,167,74,2
180,108,83,54
227,156,230,85
105,159,24,44
28,69,202,230
164,181,53,66
12,148,147,219
173,148,255,74
230,118,216,95
169,58,6,57
93,171,23,45
110,148,50,50
207,40,17,52
215,146,215,46
203,31,16,57
161,139,33,57
254,161,188,104
234,136,254,98
202,45,19,19
168,183,255,83
244,115,232,99
0,82,201,189
249,123,229,129
58,188,76,33
219,40,0,0
192,145,163,56
54,167,77,41
177,20,30,0
86,199,92,73
96,211,5,0
213,45,27,44
140,64,242,154
227,46,0,38
22,117,161,188
109,147,58,32
48,223,70,51
200,41,44,0
67,189,118,93
206,179,231,57
24,118,213,186
158,26,30,57
219,19,49,0
229,12,1,18
94,159,20,87
166,149,18,46
60,104,212,162
162,8,0,49
200,137,193,123
158,189,64,48
188,58,9,37
215,126,237,147
115,168,30,0
69,168,45,14
29,140,125,139
235,47,55,7
146,152,203,71
109,160,102,36
255,89,144,89
122,71,23,42
223,70,40,40
186,39,61,2
189,0,39,0
225,0,4,49
46,108,168,168
73,134,102,171
142,222,61,29
175,57,0,54
200,48,24,17
42,122,119,166
22,123,125,237
104,240,0,113
174,52,98,46
145,135,73,90
173,147,170,93
138,154,129,43
219,10,0,19
217,10,28,10
141,137,0,86
239,54,42,50
203,140,255,132
87,215,55,89
216,39,25,0
67,236,29,33
112,81,255,94
199,27,22,0
49,103,154,170
201,0,31,48
64,154,110,237
129,22,32,60
148,178,110,26
215,135,205,79
255,57,49,35
165,175,245,120
139,155,27,107
103,169,38,6
239,38,39,25
26,152,157,202
221,60,0,66
16,97,176,173
214,47,42,59
202,50,0,0
255,134,255,141
240,181,255,106
165,159,56,81
242,157,191,120
108,146,97,56
69,137,134,204
48,119,131,182
198,69,3,45
76,219,46,96
203,0,62,69
232,158,228,80
211,0,1,50
59,102,203,207
86,131,117,218
29,125,146,211
63,160,150,184
251,120,255,94
242,77,223,77
121,97,102,31
252,5,0,0
19,128,133,170
103,132,110,55
217,201,235,97
188,172,221,59
217,11,13,55
221,121,201,80
172,147,163,74
216,158,251,128
32,137,204,145
51,134,199,137
26,155,159,203
255,32,43,27
73,94,174,161
44,118,196,255
134,227,44,44
175,18,39,40
28,94,187,201
208,64,0,62
42,87,178,166
255,113,232,96
179,8,0,8
149,198,51,49
215,132,255,123
57,151,128,201
228,159,238,99
172,48,0,12
197,44,61,0
55,126,150,226
255,161,225,23
224,0,33,138
140,224,31,39
135,149,77,60
34,77,102,216
217,38,6,7
76,174,46,80
211,160,185,57
128,151,73,80
167,198,255,129
172,253,79,63
164,15,33,44
87,195,9,41
218,123,222,96
130,40,6,87
106,180,27,40
239,145,221,82
110,104,99,190
83,174,142,193
210,38,0,46
147,224,58,42
31,136,234,246
210,155,208,116
227,141,233,72
224,166,246,70
222,140,199,71
235,131,204,98
30,104,114,177
230,162,224,96
227,68,0,43
182,38,18,0
4,118,142,197
139,129,158,246
96,173,0,87
217,59,0,37
137,143,85,5
108,199,15,51
49,145,155,152
199,96,38,0
98,145,44,49
170,23,25,34
208,11,76,11
105,153,150,184
196,181,209,157
127,157,54,51
226,148,248,99
45,118,208,161
155,183,43,57
31,147,3,32
186,68,16,72
68,154,113,190
134,167,40,32
79,123,163,191
179,19,63,52
118,195,82,59
128,177,18,38
203,58,30,3
243,119,247,70
185,124,236,74
91,200,56,57
182,167,255,178
87,129,63,14
89,74,154,230
36,131,217,198
122,197,0,98
194,39,0,0
193,70,10,0
217,146,244,79
224,0,0,27
169,173,198,78
133,147,202,75
221,60,43,98
195,0,36,26
213,22,5,6
202,103,202,88
146,6,28,59
177,34,14,76
27,94,151,129
59,168,147,187
155,32,37,0
211,28,9,24
81,127,172,168
212,57,0,69
118,12,33,51
212,216,198,63
66,150,118,155
38,120,180,101
109,184,0,41
180,167,226,80
16,192,101,213
56,155,123,181
212,120,255,149
203,62,0,37
113,154,36,57
254,145,244,124
252,119,239,124
194,0,7,50
31,166,141,197
53,141,125,161
54,180,81,43
70,119,146,255
198,146,189,104
156,200,88,108
213,146,211,96
149,35,0,35
181,102,198,42
127,109,28,103
215,99,255,98
189,68,23,32
78,100,105,178
116,193,229,123
103,119,137,225
242,61,98,26
228,72,17,41
229,212,229,90
213,130,231,54
228,110,255,114
85,160,177,255
51,126,178,154
31,107,187,197
92,189,153,177
189,65,13,39
128,158,83,87
121,168,47,0
223,203,207,63
191,142,255,125
213,187,229,123
255,136,255,113
81,176,71,60
161,137,26,77
189,140,233,68
226,153,242,58
255,186,255,157
116,92,58,63
50,129,134,215
191,37,10,46
211,170,222,93
228,108,191,72
68,160,1,20
241,183,240,113
189,75,17,80
166,164,103,104
152,22,33,52
204,0,0,8
26,178,153,158
0,157,145,150
25,187,184,221
251,59,59,39
55,166,166,174
47,123,225,246
8,136,147,175
124,193,78,105
110,182,7,73
176,33,27,52
143,155,2,105
225,51,11,108
40,196,141,180
0,53,75,236
216,74,0,0
231,95,29,17
176,27,46,0
252,104,210,128
224,117,255,71
91,145,141,214
136,128,47,98
109,180,88,85
214,56,53,58
18,146,152,192
175,0,97,100
128,145,67,92
247,151,255,133
87,188,62,96
190,172,201,92
39,147,155,255
101,151,46,18
109,186,142,161
42,63,151,131
180,77,12,71
255,136,172,57
76,185,49,95
118,119,93,0
190,0,42,12
79,255,58,5
248,177,219,75
202,75,166,32
13,155,138,167
197,33,15,33
106,199,45,62
115,185,44,70
246,117,157,66
232,158,232,86
254,37,81,58
132,168,0,89
80,134,182,185
46,83,129,156
232,0,49,95
203,189,235,69
215,99,187,133
201,225,227,78
255,141,174,142
81,152,60,63
107,120,74,94
50,132,189,155
11,153,136,147
138,0,65,72
166,134,236,108
33,87,175,205
59,153,189,179
174,35,9,35
74,159,58,81
44,120,126,182
106,179,62,89
104,175,25,26
183,140,214,38
197,3,0,90
211,62,53,71
100,150,83,45
181,36,0,18
141,187,69,73
18,177,129,226
44,85,159,148
156,15,35,88
221,152,219,62
250,61,46,77
124,165,56,72
22,95,140,174
254,160,245,25
0,167,117,184
187,142,249,98
104,170,41,73
139,10,0,48
185,21,50,32
141,171,0,47
32,127,173,177
236,134,247,60
126,141,101,68
194,87,0,93
185,7,5,60
44,129,208,162
29,167,98,181
240,85,12,7
72,147,139,162
208,151,185,66
255,138,251,72
166,0,39,62
59,110,120,123
130,81,172,191
200,140,238,77
68,150,98,14
187,0,2,71
37,159,136,203
153,33,0,44
105,135,111,184
235,7,20,3
115,199,24,63
84,169,47,55
52,170,154,176
129,175,21,85
203,95,0,28
187,15,0,59
169,6,12,0
213,95,242,79
242,108,182,58
29,163,66,0
5,87,188,141
66,115,186,198
138,183,44,25
215,115,195,119
74,182,54,44
149,186,57,65
16,125,194,196
186,0,37,24
219,75,239,126
255,107,255,119
33,167,191,189
200,65,35,11
200,141,237,63
56,126,110,140
211,31,14,69
80,158,142,213
228,21,90,0
243,193,231,49
92,202,44,71
182,81,77,60
156,134,201,163
0,140,119,159
76,143,155,255
0,155,134,243
194,149,183,135
80,131,149,139
213,2,7,39
182,172,92,9
79,188,208,205
157,177,109,19
109,110,45,78
125,150,67,72
204,0,0,122
202,159,255,148
119,211,41,57
78,163,81,19
95,136,30,51
102,154,196,175
38,136,193,200
211,39,49,7
45,128,136,178
151,42,0,49
19,159,139,201
25,148,175,187
99,178,45,7
224,31,23,31
95,208,47,15
90,155,72,14
249,73,63,2
214,200,247,86
188,71,12,55
183,61,31,50
41,80,104,198
235,138,187,137
42,104,117,174
192,8,58,53
74,133,135,193
236,170,222,128
255,199,232,63
149,158,57,0
255,23,58,54
44,151,160,195
236,41,59,56
108,143,170,176
62,196,104,86
237,93,16,0
141,249,0,61
188,143,226,43
7,128,132,174
53,218,49,78
176,49,79,33
91,137,108,169
96,195,68,135
175,15,62,70
24,167,183,153
207,89,19,42
48,118,50,149
48,134,170,198
232,112,235,103
247,140,255,71
167,101,183,127
129,213,102,31
117,203,28,78
79,185,101,123
128,188,7,68
46,164,137,169
47,165,28,67
18,151,146,208
86,122,17,140
19,59,71,168
57,187,63,38
153,155,250,118
128,39,2,45
0,158,151,152
158,170,76,70
74,159,28,78
16,118,138,196
165,18,0,20
87,168,37,114
29,159,230,164
73,128,134,155
204,108,207,152
113,182,21,128
238,128,227,129
40,167,43,108
218,154,212,71
96,158,171,223
1,208,166,150
104,159,68,51
56,157,48,80
107,191,34,35
13,128,162,170
38,151,129,154
31,148,154,166
210,134,184,97
123,192,21,22
117,132,8,51
109,140,58,86
59,149,168,174
184,46,7,55
70,170,42,39
90,132,127,184
57,101,132,127
83,225,26,11
250,4,45,60
241,163,222,75
236,121,234,66
230,134,171,193
216,44,37,83
216,79,38,6
47,167,180,148
176,113,228,120
87,255,16,117
44,122,192,195
136,182,35,50
195,73,32,0
188,170,206,98
68,185,82,81
85,223,49,64
225,180,188,62
202,106,243,95
116,189,90,82
64,111,145,178
216,54,43,53
184,124,176,66
200,128,249,102
12,155,162,218
60,157,168,255
255,151,197,119
166,163,213,102
152,43,24,56
80,141,76,77
212,112,198,103
95,202,33,69
69,125,169,159
39,103,184,255
170,87,8,84
231,159,255,48
58,103,151,212
133,125,161,229
209,19,0,33
114,173,84,88
220,59,29,74
68,87,133,202
0,174,172,249
41,143,166,228
147,67,14,84
197,41,57,58
120,165,69,104
127,213,75,38
198,30,19,60
202,141,255,77
204,73,12,10
237,113,30,37
107,170,26,3
73,167,173,167
213,150,174,89
108,165,101,2
65,127,84,91
53,178,55,59
215,113,237,153
236,153,255,119
255,144,255,95
203,56,25,38
162,32,26,85
97,199,48,78
240,151,217,36
196,51,8,21
251,169,232,122
251,133,215,101
224,194,255,69
192,0,56,69
138,181,54,27
255,113,166,87
113,188,80,118
216,54,0,20
171,71,62,61
78,194,109,89
180,59,67,0
122,123,158,82
0,194,135,213
93,160,36,45
212,152,208,86
117,229,34,83
129,0,33,13
184,47,44,23
195,12,32,64
19,146,122,255
193,78,43,40
87,204,78,90
100,107,154,219
195,14,19,41
116,187,57,53
95,159,82,41
114,141,3,64
163,185,108,42
178,94,199,108
75,155,153,211
27,69,163,255
108,183,52,78
185,0,15,49
58,211,169,213
186,0,41,0
156,173,30,2
242,40,0,18
129,205,93,48
81,127,151,209
163,72,46,59
94,196,15,95
163,9,28,0
105,185,50,39
19,163,146,234
189,129,172,136
144,139,69,44
96,89,149,217
170,108,255,90
176,126,249,126
65,203,46,65
48,150,151,150
183,54,8,17
112,180,158,202
219,20,30,59
255,127,250,26
231,13,38,23
179,51,230,128
136,202,59,0
214,106,216,110
239,72,37,51
239,2,58,50
124,217,70,88
212,6,35,23
131,161,70,28
0,154,104,208
39,122,167,229
100,161,56,42
136,141,47,54
153,182,34,88
240,134,223,66
66,124,155,136
50,121,98,167
120,159,11,26
222,29,0,2
191,94,241,69
139,154,79,31
20,156,154,177
112,230,0,97
236,171,167,130
23,109,188,187
231,97,254,103
198,217,247,58
201,129,233,32
232,28,48,68
216,68,8,0
208,0,67,28
208,167,244,101
134,183,62,85
93,153,90,42
78,189,80,84
208,159,255,146
186,160,214,57
206,133,233,28
225,183,213,89
104,176,51,27
68,86,157,238
120,190,9,34
243,131,203,151
246,108,255,143
115,171,77,67
230,106,255,45
153,131,44,26
210,116,219,95
240,94,233,114
197,131,154,103
62,164,61,71
26,130,187,178
126,120,9,90
26,196,187,176
0,127,209,228
5,125,93,223
188,61,56,108
159,53,0,7
214,51,53,41
204,93,225,115
55,151,121,161
191,141,197,136
199,174,216,94
19,168,181,221
245,157,232,66
228,11,23,40
222,61,46,26
186,25,1,50
86,140,157,191
204,7,49,4
182,167,229,118
202,56,0,33
153,72,0,10
20,108,235,182
193,150,17,11
223,129,189,88
111,148,58,34
0,73,100,212
4,194,185,191
90,136,183,191
123,144,108,51
42,206,44,74
157,115,241,47
166,0,0,83
183,44,63,43
218,7,25,47
64,138,45,129
116,117,64,60
55,106,179,221
213,44,21,63
226,155,216,49
69,138,113,145
255,71,22,41
163,6,61,0
0,191,149,205
137,179,36,23
156,15,0,103
238,30,5,61
21,120,113,160
158,0,0,0
177,41,23,56
192,22,47,0
144,132,41,58
211,122,192,67
60,157,173,192
255,144,209,77
60,126,193,135
220,138,228,77
16,174,129,171
175,67,0,70
204,0,34,65
214,28,36,48
4,167,140,212
86,195,66,62
255,138,255,72
201,69,9,0
255,117,240,49
220,184,202,66
125,69,14,54
181,0,0,59
45,157,212,234
199,95,38,39
142,133,80,52
217,87,55,25
125,196,68,62
99,190,87,48
245,15,0,6
196,80,43,58
46,122,172,217
125,199,75,103
109,113,134,190
150,189,85,75
33,126,139,36
120,142,111,50
169,2,61,21
78,121,122,200
93,206,64,23
203,58,32,45
137,196,226,43
237,128,220,95
73,79,119,221
103,139,198,156
44,192,174,119
56,95,193,177
200,188,233,64
176,75,7,43
84,194,143,215
125,179,33,39
141,36,35,0
42,156,173,158
112,189,33,26
107,183,41,60
143,129,37,24
118,194,49,58
0,131,213,130
200,17,21,33
208,163,236,112
125,174,40,62
207,46,0,0
212,13,0,38
201,112,174,99
160,123,50,15
161,65,43,28
84,122,26,57
255,140,235,99
188,60,26,0
31,148,126,164
117,122,88,0
97,146,104,74
189,50,13,49
47,144,159,209
0,64,91,234
83,168,136,182
223,0,26,27
25,217,177,227
231,24,8,59
245,183,213,130
59,99,162,202
253,154,199,95
227,32,17,80
83,189,94,29
213,170,255,94
120,195,28,53
216,28,0,23
139,44,0,56
221,154,249,118
15,135,194,118
77,145,145,152
220,12,18,19
37,99,167,137
97,147,69,51
214,193,255,70
7,105,141,155
192,153,201,81
23,126,158,192
78,151,45,83
174,140,255,46
234,172,243,116
77,138,142,164
152,19,0,24
90,93,155,201
218,12,0,61
200,38,0,7
81,152,153,184
73,180,63,16
255,142,226,53
71,129,158,197
255,181,224,71
63,89,200,142
144,246,47,60
228,181,240,128
73,150,55,65
220,18,0,64
215,153,214,67
200,48,40,43
142,145,81,38
35,129,171,153
188,25,47,0
239,107,175,53
76,168,125,173
187,112,131,81
162,134,44,0
21,126,137,245
216,169,231,90
138,126,23,29
190,144,255,82
40,143,163,185
249,73,0,29
104,179,18,58
167,145,48,0
62,216,52,42
140,3,30,33
184,132,255,106
127,184,69,91
211,21,7,41
80,163,77,64
205,42,0,53
171,66,30,34
217,38,15,45
133,149,75,65
67,120,143,173
0,91,195,182
125,167,71,26
255,23,45,50
101,114,65,45
175,33,6,125
62,131,190,255
195,199,7,0
149,84,185,95
44,130,28,93
238,63,37,78
188,26,57,0
187,134,255,82
155,167,38,128
199,88,35,0
176,194,35,92
75,182,196,255
75,233,62,76
112,162,66,7
126,221,63,64
180,164,224,85
30,123,163,166
255,122,255,75
140,50,47,0
255,107,235,62
114,153,143,196
233,152,231,111
110,162,102,77
194,124,200,107
145,126,128,98
103,130,8,73
46,183,0,7
191,146,203,95
223,0,53,25
59,127,123,216
136,174,35,99
198,110,252,147
192,104,255,157
188,28,43,20
53,120,229,170
207,68,23,80
64,140,169,198
135,164,102,64
226,181,234,84
255,83,41,34
181,115,64,25
236,171,250,88
111,204,66,35
190,10,44,0
158,96,255,124
102,178,50,132
246,126,188,78
142,178,81,17
197,158,183,124
241,199,244,79
89,151,68,62
62,227,33,57
170,34,51,52
191,176,255,103
255,136,255,74
14,153,195,200
207,21,24,45
151,0,36,7
222,155,232,92
99,179,45,53
0,149,172,175
128,137,61,35
101,144,144,218
84,182,45,57
167,64,0,90
230,123,145,126
213,163,255,64
214,206,215,28
205,169,215,100
222,104,205,65
6,118,171,148
232,138,215,123
255,84,26,2
101,105,138,237
90,156,112,37
189,26,31,0
0,138,173,193
243,18,0,45
101,162,57,95
248,135,202,39
18,120,141,174
90,200,72,12
44,139,185,186
51,124,194,205
131,34,0,26
176,84,45,42
73,159,163,214
237,26,40,0
184,3,53,53
226,172,238,63
74,120,199,221
156,156,67,0
243,122,221,109
222,36,7,0
27,135,178,201
89,176,36,68
120,184,59,24
188,15,24,39
44,133,135,200
234,156,225,74
253,104,238,112
146,151,0,97
160,179,250,55
112,26,12,0
111,213,75,41
82,164,88,42
32,157,137,163
89,151,193,208
127,219,60,57
56,122,187,216
41,135,177,186
215,51,0,54
207,36,12,29
214,143,255,51
178,48,62,15
167,217,114,80
209,163,193,93
96,217,0,73
111,196,131,116
177,0,1,7
4,127,171,176
205,81,206,112
230,170,234,87
21,127,118,168
226,223,255,17
253,100,234,111
21,112,145,169
118,202,25,46
253,80,36,72
166,93,215,107
201,158,202,92
241,115,244,99
45,114,109,149
173,125,201,100
99,198,27,99
49,97,195,215
92,102,28,39
53,204,87,44
255,172,230,138
107,168,72,65
157,61,69,42
91,122,189,203
242,137,226,157
54,104,207,158
72,122,40,40
255,124,206,159
201,151,231,89
195,0,0,0
37,197,161,129
46,190,188,255
202,35,84,7
43,168,111,101
58,135,140,185
83,136,70,72
84,128,244,156
110,140,12,61
206,3,40,73
175,111,211,126
205,182,206,108
101,141,68,10
187,74,25,100
167,74,0,34
230,24,77,40
192,144,233,134
242,109,255,83
243,76,30,125
174,43,4,69
228,158,236,99
215,149,241,42
180,149,247,115
11,144,189,131
76,117,105,181
0,172,93,172
142,94,0,50
187,25,31,89
96,105,123,151
115,16,30,0
223,65,85,46
46,112,162,204
78,213,107,84
26,117,103,171
19,168,122,168
149,43,0,9
105,215,27,58
28,145,175,197
61,102,141,190
24,89,164,254
83,145,0,114
238,70,234,67
113,180,66,76
151,53,31,2
216,51,4,83
109,157,31,0
189,62,51,59
218,99,244,26
62,162,64,96
232,95,14,49
99,146,66,76
56,139,93,62
23,85,150,186
169,237,74,19
192,112,230,87
135,176,94,33
133,197,36,60
61,205,62,105
207,152,229,78
255,98,255,97
51,172,191,185
59,143,168,186
164,54,9,0
36,100,235,195
171,0,0,0
108,145,93,109
126,23,15,86
159,203,58,114
69,149,190,133
188,0,30,0
82,62,93,206
203,0,74,44
28,149,169,234
215,108,255,52
24,125,207,211
162,29,0,125
251,103,235,94
84,205,30,30
137,173,0,13
119,206,24,14
126,214,93,0
32,191,143,180
120,102,40,95
125,183,25,105
52,124,178,220
52,138,134,217
0,222,185,183
170,13,11,0
104,104,47,69
54,168,131,173
103,127,102,51
162,25,21,46
184,56,0,12
0,139,110,197
202,160,225,113
43,97,119,206
54,133,185,210
90,174,44,18
246,126,225,157
117,159,41,40
255,162,255,101
38,142,72,184
80,169,192,137
64,190,0,19
229,134,197,84
50,114,131,135
69,176,133,170
97,148,48,47
58,139,185,171
77,145,25,69
185,34,44,0
40,81,180,239
245,239,255,124
57,150,173,131
94,150,32,56
98,185,24,0
179,33,0,38
13,155,156,164
184,37,18,13
141,172,42,75
255,152,200,64
183,161,249,71
66,95,82,180
48,193,8,80
81,168,48,38
35,173,169,161
122,189,1,105
18,141,142,151
172,165,177,52
55,158,116,200
210,26,29,45
237,63,32,52
80,234,77,40
205,35,1,62
142,0,39,65
101,180,171,156
228,126,188,144
250,152,227,79
91,102,156,232
177,173,232,88
201,41,0,63
151,26,33,64
104,143,47,55
155,214,88,61
104,174,86,19
170,7,0,25
50,141,114,212
33,148,144,147
20,172,193,139
84,207,95,90
203,128,201,12
195,142,241,102
171,0,55,51
149,117,82,65
166,13,74,44
185,196,237,67
101,153,29,76
88,155,26,53
242,147,218,156
107,176,89,3
64,146,144,200
135,152,51,57
151,186,51,8
193,38,41,10
9,181,124,153
95,176,113,226
147,230,64,76
236,55,16,42
207,144,249,98
145,22,0,57
236,163,202,108
175,59,18,42
129,152,53,0
26,180,187,179
226,106,234,77
195,0,7,55
213,135,246,57
98,149,26,51
173,109,214,107
244,171,240,125
12,135,185,133
223,103,219,93
227,137,241,101
68,99,135,185
181,8,27,47
206,147,228,114
141,137,83,42
122,192,70,64
245,158,219,106
15,139,148,185
105,164,44,73
30,148,236,222
255,164,243,86
145,75,255,47
191,170,215,142
64,240,38,27
114,190,38,62
255,159,229,89
90,143,59,89
211,104,163,5
216,10,27,43
90,164,106,144
216,155,177,20
42,175,56,58
189,34,71,64
145,190,76,51
9,139,150,215
86,167,64,99
255,153,255,95
161,4,38,61
101,144,59,40
163,56,38,69
125,152,29,93
195,8,22,64
217,124,6,49
162,32,13,4
166,232,41,49
89,194,86,52
200,14,0,0
187,31,77,0
207,34,51,54
92,228,73,38
162,0,2,68
106,194,78,53
255,108,252,102
223,166,247,69
198,66,17,46
46,187,63,81
89,144,94,7
15,100,194,189
151,29,0,53
210,150,215,115
85,206,61,56
163,0,0,17
88,189,67,28
137,184,46,87
199,136,218,59
44,137,150,191
182,86,254,94
143,108,54,37
88,112,157,196
253,64,0,55
40,168,155,232
246,0,33,56
219,141,255,47
109,127,187,225
50,229,144,220
229,123,226,137
176,66,65,61
203,110,225,89
162,22,0,35
144,190,22,19
42,122,122,180
48,93,105,240
97,124,166,184
104,177,59,39
247,156,230,104
222,14,0,40
44,210,161,240
185,89,49,6
129,141,95,66
52,176,68,60
41,147,180,199
109,207,0,84
192,114,215,61
195,0,37,83
162,34,0,69
119,205,89,15
53,140,198,147
63,153,131,211
187,89,8,72
218,132,229,102
91,137,51,128
226,27,0,18
28,132,131,197
34,141,110,181
88,164,75,103
136,137,26,55
68,103,135,151
97,158,138,196
0,139,179,211
210,2,0,44
219,123,217,116
249,94,169,80
77,128,77,119
48,124,149,168
94,145,71,89
157,0,62,61
49,139,84,187
172,139,223,107
229,35,33,47
162,37,0,82
255,179,209,91
49,172,104,201
213,36,9,78
202,36,96,6
153,153,119,25
100,62,88,205
220,46,44,47
55,159,74,21
221,164,175,151
91,141,31,53
180,172,15,101
41,130,97,143
77,146,200,219
119,147,75,0
255,0,8,20
171,0,55,50
102,161,80,77
28,142,103,210
152,120,255,87
113,227,60,119
168,138,255,99
255,144,243,95
43,133,196,138
218,105,255,79
163,18,15,32
176,45,21,13
255,125,241,110
121,103,44,126
163,112,22,13
77,125,236,201
247,134,255,122
46,82,174,183
155,42,0,69
184,45,38,31
143,42,32,72
220,0,0,53
12,144,160,225
21,173,177,188
196,145,196,159
211,28,0,48
237,154,209,116
51,109,45,53
84,167,101,80
184,0,0,1
84,183,80,88
199,0,0,72
170,0,40,11
186,79,60,28
210,96,209,65
215,187,255,143
211,17,0,87
208,37,51,59
151,190,65,63
163,127,251,109
22,145,144,180
183,137,255,113
70,176,132,157
185,38,16,0
95,153,127,158
246,126,202,84
93,109,189,157
31,108,115,159
167,0,81,0
193,35,3,2
64,112,141,237
236,167,255,105
190,78,29,35
218,121,224,152
29,167,152,170
203,27,14,19
249,196,255,152
77,133,79,45
196,160,206,121
149,195,6,40
220,35,66,35
171,32,21,49
255,141,172,133
205,89,191,150
196,50,19,53
102,152,45,73
170,30,16,61
255,141,234,128
236,163,242,134
70,209,87,62
77,187,185,240
160,178,84,33
88,145,156,214
109,122,91,127
106,255,35,101
191,0,0,30
216,82,255,91
255,103,202,129
177,164,239,104
208,27,3,35
183,36,0,40
231,43,11,11
192,98,255,75
229,122,255,97
76,161,133,205
195,115,250,105
183,33,21,49
79,159,45,51
220,109,178,103
171,21,7,24
126,174,73,87
139,78,97,10
140,51,6,41
116,210,83,96
165,20,46,28
138,200,32,42
120,101,47,96
218,102,220,123
133,198,36,33
141,208,24,58
191,138,255,129
85,97,55,123
255,59,255,67
103,87,39,38
73,199,83,75
163,0,39,61
185,96,34,0
181,152,209,76
255,153,202,41
16,128,177,184
27,112,164,196
11,157,152,191
165,138,202,105
255,36,0,35
161,88,255,51
26,150,177,194
217,75,226,93
241,15,70,57
174,49,0,22
180,164,244,113
247,133,210,63
38,188,146,176
164,130,236,150
157,137,61,97
51,89,171,182
91,111,239,158
223,188,211,86
193,111,202,103
141,163,9,29
91,97,57,79
69,173,105,55
43,121,113,255
0,147,193,163
73,161,159,242
204,93,188,45
92,137,163,196
18,67,187,208
165,22,27,92
0,149,170,220
229,147,245,99
217,177,215,118
203,183,221,126
185,38,14,43
212,179,184,153
78,126,118,191
132,141,95,28
61,150,107,152
225,154,247,106
65,138,153,169
40,164,122,195
202,89,238,114
241,144,255,129
76,197,59,58
211,128,255,132
254,123,176,94
220,41,50,0
166,22,16,39
94,163,108,20
209,186,178,133
101,176,131,78
170,160,14,156
181,137,225,98
115,148,90,25
151,93,56,29
61,137,165,226
76,148,45,14
177,132,196,91
166,165,22,94
108,142,125,132
230,127,241,77
37,95,124,175
228,171,194,107
26,147,184,179
223,107,219,94
46,144,115,179
238,119,217,89
0,111,146,159
255,36,13,45
127,156,14,10
236,122,237,58
51,179,151,204
222,0,0,52
204,193,251,68
193,54,0,27
27,134,154,148
212,163,253,83
0,171,172,215
26,170,60,41
45,171,151,205
19,161,152,192
30,139,176,157
52,100,128,158
0,167,86,220
221,120,214,135
223,94,58,59
108,162,127,211
194,88,207,133
107,124,86,65
125,164,33,58
245,118,241,98
160,55,73,72
207,152,217,79
133,153,187,107
98,120,116,41
11,173,176,173
194,0,29,54
96,143,43,17
223,181,238,133
145,0,38,42
219,70,25,9
151,193,42,57
160,197,82,29
213,113,11,58
66,154,181,139
183,30,0,41
96,133,74,48
208,40,0,49
49,150,148,156
204,141,217,94
181,161,244,78
75,102,126,203
219,23,26,72
174,0,6,41
74,254,44,57
60,163,34,44
131,176,45,32
235,206,255,102
216,128,200,121
135,157,66,60
55,88,164,213
4,123,122,168
84,187,20,91
231,40,8,40
150,10,23,40
10,160,126,213
247,150,194,106
218,122,166,68
64,118,176,255
59,146,161,150
204,29,5,9
149,53,39,49
74,99,187,188
26,160,177,255
173,175,61,75
115,135,77,111
126,125,65,92
84,170,66,40
220,63,0,58
83,127,149,145
202,85,175,126
108,180,127,164
109,199,27,66
165,224,80,133
24,148,184,194
96,150,40,58
187,18,30,82
204,122,176,72
211,152,234,119
234,149,237,73
255,153,241,146
153,160,24,63
46,153,92,185
0,151,112,155
83,91,246,203
83,113,83,77
179,70,0,45
0,83,148,228
251,116,225,119
65,110,159,233
124,140,74,8
222,116,184,114
251,117,255,112
191,168,216,81
200,166,246,51
24,155,173,204
12,137,180,251
210,171,244,110
203,168,165,69
255,178,255,168
232,0,57,135
194,45,69,89
239,69,181,76
55,174,96,111
93,133,56,67
191,54,199,69
255,192,255,79
144,3,29,74
173,14,29,12
168,125,70,41
186,144,212,30
203,151,224,71
81,124,195,192
187,45,58,91
77,98,41,47
206,0,0,40
219,75,5,30
145,203,33,57
61,106,143,180
204,49,39,38
102,204,26,54
72,243,69,41
110,183,86,54
228,175,255,49
17,187,138,225
223,134,232,123
249,27,27,50
9,122,170,197
110,153,60,50
221,181,209,78
231,124,248,49
59,161,41,110
255,90,214,95
252,121,186,124
63,132,136,131
115,153,214,175
194,166,255,112
179,173,25,88
65,93,152,170
62,139,129,223
20,174,141,107
151,72,40,9
10,201,143,172
105,172,47,80
152,185,110,45
205,43,44,73
217,66,0,0
107,168,6,12
39,173,79,203
181,0,15,19
189,136,162,70
78,155,61,53
109,152,29,50
156,110,35,6
55,104,143,212
132,144,68,68
0,123,121,186
184,187,255,109
0,135,152,168
22,159,163,201
166,12,49,44
160,78,255,120
185,130,211,44
203,0,19,46
179,0,35,60
125,129,35,105
255,86,255,114
40,178,96,227
151,21,36,74
214,2,0,33
168,6,57,58
255,57,1,57
20,146,124,190
43,202,148,182
119,172,74,63
37,166,161,184
198,52,17,0
72,116,152,138
145,188,62,29
206,181,255,83
55,104,123,246
218,42,0,39
159,124,207,85
174,175,247,9
125,174,103,58
182,25,17,32
42,117,225,203
190,81,16,50
137,49,31,80
106,182,54,16
0,146,188,95
46,111,137,188
120,155,61,60
0,139,152,189
54,92,179,195
46,140,93,205
76,159,146,234
120,198,81,117
249,127,193,83
210,128,255,104
228,141,221,133
64,147,176,209
177,214,167,73
0,135,107,143
199,132,222,35
152,161,100,111
255,66,30,17
114,168,71,78
62,141,41,34
9,130,140,152
190,76,42,27
16,104,190,229
63,122,227,203
68,141,133,187
245,153,224,130
181,53,32,85
196,15,70,46
106,222,67,54
66,125,136,215
134,162,4,39
36,140,156,255
195,174,232,40
230,30,1,23
48,167,164,212
152,138,67,55
12,195,157,210
72,125,113,48
7,122,200,142
241,148,199,117
115,234,81,86
21,123,101,221
174,31,0,57
37,67,164,163
82,151,42,24
65,173,124,176
238,196,240,124
188,0,42,44
56,100,129,191
17,171,255,218
10,132,80,198
169,62,5,28
30,161,181,236
236,164,233,69
194,42,47,43
213,94,212,105
184,166,255,39
233,8,107,60
179,132,238,53
64,191,20,12
216,33,7,38
25,114,175,210
221,94,208,91
196,56,55,16
123,145,35,6
204,79,28,36
59,207,45,73
58,218,50,59
37,143,137,149
125,188,101,21
216,113,232,62
30,93,182,198
34,117,180,132
147,125,186,65
233,147,181,32
114,160,215,136
244,107,43,64
183,21,12,101
207,33,0,27
21,146,163,182
71,113,140,174
250,170,236,125
102,185,54,117
178,154,225,149
208,141,211,124
232,118,253,86
78,123,89,228
212,121,240,60
45,134,155,203
1,153,167,225
24,139,155,190
224,22,0,35
8,169,154,183
165,180,104,49
183,138,244,155
148,150,43,78
70,188,91,60
255,121,251,30
238,157,210,28
153,131,246,136
110,182,59,30
85,144,116,173
90,127,53,22
229,125,255,105
100,157,0,151
223,88,199,93
87,111,185,150
222,136,255,92
164,76,5,35
163,17,31,85
217,26,56,39
227,199,222,99
98,205,149,229
219,46,25,45
255,140,231,86
90,154,40,81
171,39,0,72
74,134,118,35
109,193,71,55
203,150,255,66
201,144,242,76
113,181,120,71
116,103,77,53
193,110,219,107
152,67,10,95
109,148,29,62
93,120,146,232
23,118,127,186
255,109,245,105
63,194,44,73
182,87,8,4
132,0,0,2
173,0,0,36
205,141,227,139
255,144,230,64
203,145,255,130
200,129,207,114
71,184,227,178
184,36,69,82
211,27,37,33
178,166,190,109
197,67,30,52
123,192,30,0
178,0,0,47
66,164,0,23
206,24,0,50
233,171,223,110
57,108,167,212
208,144,176,102
63,70,71,159
226,129,199,88
117,182,102,63
135,183,14,76
193,40,13,4
235,39,23,67
192,32,82,59
118,157,60,1
228,132,209,85
227,142,255,140
71,173,107,204
105,149,82,20
199,159,255,81
109,189,67,97
86,174,60,84
241,167,248,76
59,174,145,185
27,155,104,185
212,28,34,64
255,163,200,89
174,0,45,0
150,120,0,61
9,107,114,241
225,145,255,71
202,25,22,0
151,243,53,56
112,192,38,44
47,135,164,183
192,153,255,72
234,58,31,22
84,104,170,207
214,17,46,33
231,154,199,102
27,145,117,228
88,172,180,222
95,211,50,66
193,142,218,102
180,0,29,89
218,81,173,86
223,42,19,21
255,178,242,110
138,195,3,20
158,0,33,32
225,136,246,128
123,34,0,103
121,189,76,70
122,213,80,137
79,131,154,231
132,227,33,101
170,85,0,91
31,190,120,223
228,98,205,87
204,132,127,88
67,170,70,63
49,130,133,232
25,150,151,196
249,151,192,86
240,90,208,96
166,44,38,3
164,139,40,70
228,34,8,43
205,127,222,69
143,228,47,91
188,17,49,33
119,226,17,63
195,137,200,181
252,73,35,49
43,184,157,196
36,103,161,218
198,0,38,63
188,136,0,66
142,130,0,53
40,119,190,229
65,156,199,177
74,131,46,93
191,42,10,4
208,117,245,83
222,52,45,63
178,45,76,61
147,104,252,95
48,150,159,228
225,181,197,29
208,89,191,154
222,134,255,80
241,91,15,43
80,109,154,168
145,51,77,41
0,132,92,224
76,133,130,197
124,178,0,31
77,182,46,64
244,132,251,77
195,52,34,64
181,44,0,48
59,192,189,186
180,57,0,92
50,123,153,230
189,38,49,25
150,175,0,16
133,146,22,60
120,204,86,66
100,209,83,0
127,123,121,192
222,154,212,87
209,176,244,76
129,211,61,56
248,177,255,118
190,155,253,88
202,65,34,7
158,145,221,88
86,143,69,54
228,98,179,149
142,63,0,0
190,29,65,23
181,92,42,74
47,151,194,246
158,32,20,52
54,197,84,0
72,166,117,238
245,128,251,36
141,210,91,73
215,65,30,86
201,46,11,110
25,144,111,146
116,181,31,55
77,203,66,15
141,152,112,51
118,154,81,85
42,173,98,147
114,146,58,63
10,125,122,172
231,150,157,63
234,116,174,115
246,51,65,51
247,85,101,53
188,82,255,63
35,87,103,179
183,166,228,125
96,229,0,60
197,103,0,0
130,207,80,0
23,152,175,218
197,150,219,123
19,190,182,191
212,0,73,79
57,199,171,157
190,155,200,90
212,194,235,121
210,142,202,74
182,104,132,71
190,145,231,122
41,159,132,202
192,93,51,47
249,109,238,65
255,175,255,125
235,70,214,63
99,30,28,20
49,151,181,235
191,0,48,71
179,44,10,119
255,117,245,53
11,88,200,173
119,123,51,83
153,143,161,113
188,88,255,86
248,145,255,88
189,148,255,68
0,194,149,218
126,87,58,0
210,56,0,69
255,134,223,68
84,185,0,16
50,151,164,219
126,169,47,44
203,166,185,175
190,89,13,62
181,142,217,97
50,166,157,160
186,109,245,136
218,40,30,26
206,133,255,76
210,133,234,61
61,181,42,63
142,218,33,37
219,39,0,73
85,208,53,57
244,0,0,50
37,128,165,156
199,162,65,34
36,178,208,206
230,84,0,0
107,157,65,114
100,161,56,106
78,161,146,114
150,36,45,38
0,174,184,229
234,51,0,99
255,30,36,51
4,88,130,174
242,126,227,74
113,207,42,68
139,212,46,85
9,131,199,179
0,161,177,219
222,153,255,126
73,187,59,99
43,66,174,166
204,200,255,120
245,84,175,127
116,163,88,45
193,70,22,7
100,167,167,242
37,171,134,225
204,0,0,26
16,164,140,159
39,153,183,224
145,185,38,78
191,108,207,95
212,45,54,90
253,123,200,109
143,224,128,78
161,212,93,118
85,149,170,201
48,98,191,190
71,140,33,91
146,176,56,107
88,175,74,64
252,88,16,32
199,119,211,99
194,0,0,50
198,13,0,75
206,58,5,86
47,85,145,155
187,0,26,57
198,0,0,8
70,201,27,109
28,130,131,229
95,140,132,149
188,6,26,11
168,18,0,0
76,154,45,95
127,134,63,28
192,147,213,96
64,108,188,187
217,187,201,106
190,0,0,0
60,103,191,164
83,230,59,71
169,40,62,27
227,161,224,129
53,155,15,63
93,82,204,195
65,151,85,147
22,131,161,191
186,33,25,49
18,175,124,185
57,151,173,142
197,171,200,80
183,98,0,59
111,165,40,28
207,148,252,98
66,130,165,200
25,103,173,187
170,165,44,46
255,131,217,97
109,91,42,58
169,69,95,66
184,0,14,66
112,136,163,198
191,53,0,55
73,170,32,55
90,83,123,200
230,58,0,74
148,7,66,30
92,145,39,76
189,162,194,111
40,111,138,170
0,157,170,178
85,182,57,14
242,90,1,42
22,134,228,217
237,154,172,85
68,132,177,166
39,140,125,139
216,171,255,106
167,0,48,74
199,116,233,107
224,107,204,69
118,223,82,59
69,169,155,190
48,116,72,233
190,70,0,18
187,115,232,118
84,128,53,0
165,0,28,86
27,69,105,187
238,150,225,81
78,113,26,69
169,129,49,35
247,191,233,82
141,173,49,34
67,146,164,240
18,138,176,213
30,147,131,225
14,136,193,171
189,0,51,85
136,107,42,94
198,0,4,0
246,114,216,118
222,169,225,120
182,145,230,111
208,53,51,78
164,4,0,87
255,158,179,103
102,147,63,27
150,114,255,50
38,112,184,184
230,88,55,65
201,90,249,108
217,104,255,105
88,211,70,53
255,100,251,80
89,92,190,246
217,56,0,71
163,65,39,0
241,177,255,113
173,48,41,42
119,132,85,104
177,60,10,56
169,139,234,140
92,161,82,88
236,90,189,44
161,0,0,50
202,3,40,28
197,37,0,35
142,0,0,0
144,162,94,20
49,159,16,87
157,21,0,70
100,198,79,90
31,118,106,180
85,191,39,37
163,53,59,87
69,137,20,59
219,145,255,116
148,222,25,51
131,144,1,82
212,36,36,0
163,157,250,31
254,140,255,75
57,193,178,172
201,88,241,150
210,45,12,55
182,141,165,111
226,75,15,101
82,61,11,46
19,131,179,198
102,179,156,165
139,133,53,44
73,115,137,207
54,127,176,252
215,110,252,115
154,0,28,31
66,147,184,201
112,144,79,59
185,58,246,126
194,20,0,122
173,55,0,0
45,178,103,0
126,34,0,81
196,192,207,122
36,158,151,171
67,142,153,160
130,190,10,44
206,0,0,0
226,22,57,53
104,198,69,28
15,116,138,227
183,151,213,113
121,68,47,41
138,118,94,59
255,29,4,48
211,2,1,21
58,215,51,44
41,191,147,223
188,155,204,136
217,131,203,95
203,167,219,145
174,56,26,79
220,73,0,25
164,45,0,40
73,171,114,183
88,181,43,25
238,83,29,49
32,118,145,228
236,116,199,152
255,122,228,84
86,170,85,158
38,118,166,203
122,178,94,44
110,165,0,52
188,188,191,68
99,180,0,72
236,93,255,122
255,146,196,137
71,117,64,57
61,145,141,135
156,152,110,0
103,183,0,112
229,59,84,95
181,147,200,139
186,175,214,118
129,173,46,20
203,106,207,80
25,131,91,154
137,174,46,1
199,153,218,125
215,183,175,97
255,131,246,101
255,13,9,60
20,99,131,184
82,155,130,166
255,136,206,73
207,34,24,61
51,216,56,2
36,172,107,55
16,146,165,188
93,239,97,61
53,193,112,55
131,66,29,25
239,91,0,72
99,113,107,189
110,158,98,44
12,116,101,231
97,121,180,179
255,167,255,75
235,145,243,72
114,150,94,57
113,189,18,57
215,16,82,71
64,136,153,207
89,144,51,5
225,57,0,0
83,224,203,157
204,164,246,110
63,69,96,150
77,149,124,19
239,36,79,57
139,110,32,63
144,177,246,118
251,160,215,144
235,100,0,69
37,181,86,58
236,14,13,57
93,134,42,59
48,163,158,187
255,134,221,100
255,153,255,64
116,207,60,38
81,179,70,62
99,113,190,172
225,126,255,90
14,115,63,75
218,35,30,62
175,38,39,25
66,143,44,43
217,37,3,63
86,121,182,174
162,72,0,19
234,150,227,70
38,121,136,214
49,126,132,243
8,140,91,184
88,178,173,160
71,140,147,152
27,103,177,131
252,122,220,94
0,178,171,200
175,0,0,84
218,158,205,92
139,156,75,27
79,156,189,201
249,130,176,88
82,205,50,111
218,0,23,88
103,203,116,33
100,82,167,216
169,42,59,105
156,126,61,89
161,29,0,58
76,200,5,45
251,25,3,19
123,223,48,84
146,153,133,60
193,76,37,30
32,153,163,221
109,170,85,158
79,225,3,75
182,0,46,25
94,205,76,43
26,92,214,202
42,153,122,151
255,34,0,67
206,107,209,70
209,183,255,53
16,133,153,174
194,78,32,40
245,100,245,74
29,125,159,182
240,144,209,138
255,144,224,154
103,180,69,75
68,168,141,213
8,107,152,214
255,134,225,108
223,59,0,46
188,0,35,51
59,203,130,173
255,168,201,101
78,100,87,44
140,156,36,8
234,95,231,103
79,145,135,166
72,228,55,6
246,179,252,64
230,35,2,0
233,172,213,145
240,142,249,118
12,174,129,159
222,16,0,50
255,160,236,86
198,48,21,0
48,128,129,208
213,65,197,144
239,100,199,122
75,171,149,135
217,164,231,69
187,0,19,46
86,155,107,43
221,138,182,43
41,134,129,173
145,211,54,5
243,158,255,64
80,113,87,47
248,131,246,98
40,178,194,161
163,13,14,24
223,25,39,0
229,123,255,145
191,88,255,40
125,167,58,59
122,174,55,64
230,107,177,142
195,0,21,0
213,136,251,76
110,153,99,105
237,94,187,101
0,132,177,135
206,194,255,57
159,114,181,76
164,86,213,80
228,231,255,53
68,139,170,217
161,131,255,104
175,58,43,65
43,98,219,230
165,109,237,49
206,146,255,96
229,136,215,108
64,195,86,90
124,193,22,103
23,113,101,181
123,208,46,16
182,56,59,40
200,66,44,18
255,43,0,0
186,55,8,85
112,176,84,39
207,102,91,97
165,82,41,0
193,59,25,59
198,18,20,27
58,21,119,146
227,0,0,47
43,169,22,52
207,10,30,27
93,113,126,205
237,56,9,36
113,148,56,20
170,39,0,43
148,210,0,67
102,0,55,35
249,41,9,0
137,134,109,41
213,200,205,79
0,124,190,183
32,75,150,211
248,188,141,52
206,0,0,31
1,145,148,250
55,157,212,238
130,198,56,67
77,86,157,194
172,46,21,0
70,67,151,168
61,141,41,48
5,89,182,186
255,16,46,0
182,175,230,54
163,162,240,81
227,16,38,32
193,148,182,32
76,124,176,163
100,135,68,4
96,154,81,105
107,191,41,27
223,0,38,81
212,199,209,91
94,124,155,106
209,157,192,71
82,178,36,46
104,161,90,82
253,137,203,113
255,128,190,88
123,55,0,30
70,169,174,182
213,96,201,101
214,37,37,43
159,180,127,41
186,153,255,82
200,85,214,85
16,131,101,210
58,137,154,234
78,168,204,202
41,157,129,200
83,122,195,181
122,190,50,34
61,90,110,190
82,115,213,143
32,132,106,219
211,156,255,107
188,13,0,47
236,54,0,65
145,41,0,34
69,130,7,13
115,160,40,3
100,34,146,230
203,0,6,44
135,187,55,66
172,42,35,22
159,56,227,104
57,66,126,135
18,136,167,187
115,144,99,57
181,108,46,52
114,212,29,42
207,219,198,42
192,128,237,119
174,26,20,6
226,40,45,40
143,118,121,27
100,132,138,111
167,26,35,127
12,205,170,255
176,0,64,0
171,0,64,55
56,178,172,160
102,153,66,58
158,52,0,57
208,37,19,7
181,55,104,1
53,155,153,253
5,154,234,187
204,55,0,16
206,96,235,50
90,203,59,66
66,215,160,243
205,11,41,23
173,0,55,17
202,106,22,44
0,57,119,230
109,155,28,82
201,159,226,58
230,142,190,119
247,5,29,50
103,157,53,85
255,112,241,105
190,115,200,72
255,149,215,116
229,176,255,97
81,115,218,204
7,79,141,187
30,56,129,170
124,163,22,28
225,35,53,31
207,125,224,119
113,185,92,61
207,55,19,69
237,60,193,74
21,91,184,172
127,184,71,75
112,168,0,45
194,69,243,135
109,220,86,73
33,157,150,202
70,187,55,48
193,162,247,108
143,93,24,53
100,185,63,69
212,0,5,85
146,54,36,0
173,183,229,81
246,30,33,32
207,107,226,81
210,167,215,100
36,137,121,156
88,198,70,74
123,164,64,86
130,202,11,114
129,163,44,54
248,130,206,115
100,151,133,229
229,112,192,103
97,149,119,208
87,157,65,106
212,27,22,33
255,94,255,129
175,65,0,0
232,126,255,83
65,84,168,153
225,27,44,49
228,150,220,72
255,58,9,41
255,173,245,14
132,191,0,56
238,178,193,11
143,104,51,63
127,137,42,17
255,146,255,68
229,166,207,81
57,117,240,215
200,178,186,109
128,210,11,0
126,194,68,59
227,27,64,100
140,105,21,19
86,153,185,205
209,6,64,27
19,133,177,252
255,174,213,127
59,114,81,193
181,127,243,57
208,97,244,135
74,104,146,185
170,118,239,72
71,151,137,178
0,128,205,242
79,76,199,201
168,63,38,47
193,102,219,76
24,155,148,198
165,19,18,70
134,188,66,44
175,183,156,104
241,133,208,71
196,221,37,48
143,146,255,47
194,52,0,9
239,57,12,31
167,39,25,43
77,176,47,14
198,133,252,87
93,193,58,101
109,183,22,74
125,93,85,56
53,143,161,173
191,174,124,92
210,153,255,104
89,161,144,214
242,136,204,75
160,33,21,51
20,125,130,151
182,179,188,52
169,39,24,0
176,133,14,46
60,163,181,218
79,109,119,228
130,128,63,20
74,201,174,176
16,96,174,151
202,109,189,111
76,150,30,64
67,183,188,180
46,143,129,152
22,124,150,214
232,168,187,117
140,49,68,0
72,184,153,64
204,46,4,88
123,142,19,57
205,96,206,87
255,180,229,70
88,161,72,0
67,181,59,21
174,187,3,54
145,171,91,84
109,190,25,77
99,164,171,129
77,167,32,59
126,171,51,96
135,166,16,52
62,155,61,0
181,129,212,92
207,137,218,119
172,48,14,113
246,132,179,65
20,169,118,170
220,42,31,51
229,167,214,102
222,124,255,91
215,2,20,59
60,98,142,190
88,202,69,52
255,182,241,120
190,112,169,100
156,222,81,55
88,167,58,18
97,170,72,27
253,88,223,97
162,184,200,109
56,170,131,177
158,174,17,76
253,29,77,21
254,73,32,57
116,150,48,92
219,116,133,110
144,134,97,47
111,202,45,71
93,164,33,34
203,125,186,58
61,145,136,167
184,59,30,60
226,0,0,65
187,42,0,63
47,146,180,178
68,196,47,138
225,126,238,86
108,219,6,72
237,173,250,98
128,175,40,51
219,69,190,64
186,0,31,18
23,80,150,169
84,202,103,42
112,195,69,118
86,138,81,88
78,177,152,173
226,114,226,109
194,0,50,68
253,167,170,130
61,109,91,209
211,19,15,0
225,80,191,67
110,146,19,93
9,116,172,165
95,117,118,198
181,12,41,2
71,165,39,95
25,95,179,147
187,63,13,0
70,166,149,144
67,114,140,204
106,232,52,76
244,192,209,109
229,147,245,95
35,180,153,187
13,196,208,203
60,150,136,165
19,146,197,177
38,114,165,191
255,206,202,48
190,70,57,53
133,144,78,49
33,132,161,255
248,164,227,82
147,47,0,6
38,173,163,210
97,191,68,14
231,0,56,60
106,156,173,165
99,179,34,78
52,159,12,107
161,46,9,48
207,164,215,77
255,125,194,135
116,147,122,182
214,3,34,30
33,168,178,250
199,165,181,74
128,129,50,27
189,141,215,98
238,96,158,114
255,89,223,182
186,100,5,59
0,185,124,211
127,167,32,32
238,49,0,32
141,8,15,17
245,145,246,148
195,109,226,24
253,141,169,136
32,132,125,239
246,66,23,72
29,155,187,190
198,53,0,0
178,75,63,0
212,46,39,0
185,29,78,0
215,13,31,12
106,151,94,34
211,111,0,58
196,111,215,63
116,152,36,57
255,110,233,115
197,54,17,51
154,177,39,85
125,127,97,74
178,19,36,53
223,71,16,50
82,140,176,145
121,135,117,96
158,139,211,96
128,145,35,61
83,142,63,58
208,41,21,47
82,155,144,154
227,154,183,92
151,189,50,39
53,137,140,181
114,160,58,45
176,154,125,45
124,100,152,196
177,154,255,85
178,171,250,100
44,165,141,181
56,131,160,162
247,164,255,113
213,113,31,64
56,163,164,216
80,174,24,87
209,183,253,124
255,130,235,109
211,18,20,85
14,100,122,225
186,67,0,0
127,183,48,28
219,140,255,133
65,130,154,213
46,110,170,169
77,172,52,86
26,120,190,166
220,28,74,121
44,160,151,204
56,143,53,42
0,86,171,195
17,184,190,191
198,126,185,149
26,171,166,178
161,15,19,42
208,45,54,64
176,8,65,46
96,165,66,40
74,86,167,149
116,151,35,13
76,203,66,155
87,126,57,62
55,169,13,83
207,149,209,159
145,189,0,188
146,182,85,11
180,7,23,56
220,138,255,87
5,139,201,135
164,92,161,171
28,130,161,169
44,121,146,13
249,108,231,61
142,57,42,16
204,187,255,124
106,111,175,209
44,146,123,141
255,98,255,75
204,6,42,38
159,53,33,26
255,153,235,117
215,29,13,44
185,208,44,58
171,0,0,0
255,126,198,133
255,87,27,31
122,245,115,55
44,143,175,244
71,108,169,153
133,182,65,87
9,113,200,215
29,218,125,188
111,201,122,42
196,131,207,57
81,129,192,181
156,156,113,73
210,151,229,102
217,180,255,108
95,102,35,93
185,138,255,113
50,193,41,48
109,134,166,212
41,158,178,136
122,140,59,20
65,115,142,184
223,135,243,107
54,140,141,175
35,191,80,20
206,75,0,29
164,0,0,67
49,198,40,54
108,196,94,115
71,180,146,198
217,69,190,178
71,112,152,232
92,178,21,32
158,94,0,67
201,115,221,124
87,141,27,65
87,132,195,190
253,160,233,121
197,11,23,69
163,15,0,30
71,174,33,32
133,123,229,137
180,46,13,0
181,0,3,47
207,14,44,0
197,163,210,63
225,158,187,44
117,119,0,44
39,123,77,97
255,37,34,51
146,39,6,0
82,90,208,199
81,187,10,7
255,32,14,23
115,144,120,65
10,108,177,179
66,195,177,187
255,173,255,53
149,134,195,65
75,173,82,13
177,167,241,94
45,84,157,196
35,97,175,140
127,152,157,170
118,179,77,94
197,221,242,81
98,170,0,87
0,153,220,163
182,151,208,67
42,153,36,58
219,46,0,18
100,128,17,108
224,51,37,60
113,179,163,0
116,157,60,49
255,0,20,30
126,45,21,24
208,158,192,151
218,79,0,14
215,38,13,62
32,166,167,194
181,129,192,131
208,33,74,0
239,150,216,86
255,179,226,112
98,159,167,77
97,188,91,35
221,148,206,106
206,36,0,94
179,136,255,132
233,166,238,71
133,197,40,54
33,141,168,220
158,60,0,62
23,192,191,194
86,140,59,22
164,29,3,66
197,129,0,59
53,150,107,206
82,169,52,53
91,146,82,44
255,146,172,56
16,156,112,191
251,183,255,88
107,12,46,23
157,56,0,10
148,16,30,56
177,37,4,45
166,37,80,39
1,142,171,182
119,167,25,154
8,149,171,209
51,93,138,217
150,190,31,77
216,76,3,15
152,185,25,74
255,0,0,0
181,9,81,53
38,139,137,189
114,160,71,54
43,127,160,202
225,165,195,108
0,107,180,215
76,178,130,0
151,189,62,71
92,193,63,26
73,192,44,62
216,9,47,24
82,103,205,164
239,184,219,72
255,117,255,20
90,153,36,56
70,193,17,50
152,191,48,35
176,65,7,0
97,87,173,174
212,40,25,33
164,159,14,53
255,4,0,46
79,127,113,231
238,142,255,84
82,132,212,193
41,218,141,152
205,38,80,0
253,158,236,77
132,83,29,78
101,116,59,106
102,155,239,171
50,201,130,214
106,160,0,28
226,28,0,53
58,92,114,243
150,0,84,35
137,0,64,26
252,87,255,109
50,132,102,18
23,137,141,199
232,143,242,114
95,40,47,96
188,188,84,62
200,147,229,116
77,148,158,165
191,91,44,3
53,152,134,195
184,190,201,91
198,187,223,105
255,199,211,59
183,32,12,85
231,34,37,82
255,111,255,130
249,109,255,95
136,47,7,22
142,144,14,36
94,163,97,166
160,0,53,95
39,135,172,198
31,99,128,209
29,177,197,228
255,140,255,92
163,126,188,122
209,117,239,77
239,0,19,84
159,56,0,46
44,97,207,168
214,4,9,36
160,171,68,91
255,99,239,159
0,129,143,240
221,101,201,85
84,170,190,178
105,160,0,25
111,51,0,48
164,44,48,96
73,137,145,216
78,197,69,0
181,54,64,0
109,141,25,65
251,15,59,3
222,134,192,82
212,53,251,18
209,168,255,131
200,31,0,49
167,104,255,62
90,201,59,64
181,200,220,121
77,126,156,197
55,140,134,156
255,101,189,72
164,19,0,111
103,147,42,0
216,72,0,55
247,29,70,0
130,225,89,41
195,54,0,106
180,81,245,119
234,125,223,118
117,33,36,19
220,34,29,42
0,187,151,227
206,13,70,0
154,28,23,76
40,114,127,200
180,137,195,72
78,157,158,197
224,150,255,112
102,181,120,0
90,131,156,228
192,1,26,75
230,141,169,113
106,195,2,126
180,3,0,40
201,182,227,78
243,163,188,86
16,147,189,200
249,175,225,122
255,145,253,126
228,0,83,67
189,8,37,11
202,0,55,45
199,51,0,54
232,177,162,45
148,119,13,42
102,133,108,125
86,87,171,194
208,145,243,57
78,178,115,95
59,137,105,197
184,181,233,55
188,40,81,10
191,146,188,94
99,173,0,24
61,148,176,218
66,159,140,175
188,4,18,82
135,108,50,103
72,174,203,162
182,196,0,100
61,124,171,255
182,99,0,104
255,113,245,102
56,156,235,192
105,58,47,20
220,161,218,124
225,126,250,43
238,92,194,101
220,39,36,58
99,137,70,180
63,161,110,210
180,89,59,0
163,52,6,92
253,26,0,27
95,138,171,239
0,148,163,217
216,50,9,21
124,147,52,69
0,161,147,222
194,147,211,111
174,39,5,35
228,40,34,45
91,170,0,76
102,173,39,95
235,103,43,46
120,172,23,76
126,192,87,32
255,194,216,77
118,186,51,42
117,149,0,0
255,157,183,100
236,121,240,90
221,92,201,71
161,89,0,52
117,0,0,104
254,193,232,101
8,131,133,193
171,63,31,41
188,25,46,43
105,179,69,27
188,0,23,73
20,88,118,202
168,167,41,65
187,141,220,150
112,151,62,71
69,142,63,106
255,153,253,54
190,101,61,63
140,155,37,30
175,132,224,59
119,111,26,12
196,37,0,68
23,145,188,161
58,85,187,185
193,113,255,91
42,149,122,213
67,122,210,224
42,168,135,210
24,105,164,185
199,183,33,91
130,138,46,71
131,168,18,56
80,134,175,200
220,0,62,0
124,139,0,56
201,56,49,30
105,133,84,38
40,148,154,194
33,174,92,171
92,141,81,30
46,117,184,191
207,134,221,171
161,119,238,75
60,157,91,45
86,108,32,90
67,219,81,79
200,0,34,17
170,20,0,37
192,28,26,52
71,65,210,192
255,176,205,144
184,136,253,64
189,4,27,57
0,126,150,160
173,33,88,12
110,125,146,177
229,161,188,105
150,43,22,2
87,168,163,217
154,135,212,185
29,127,152,170
92,182,41,118
157,39,109,21
211,48,0,14
136,172,101,61
169,97,37,82
78,139,44,114
207,127,214,91
200,67,25,36
186,58,0,62
112,173,100,48
81,162,22,140
214,99,255,110
224,136,255,90
215,75,91,18
211,125,255,108
108,207,149,65
65,174,92,88
127,93,104,72
183,12,44,24
155,172,44,117
230,55,33,13
178,124,180,179
238,107,232,134
239,129,225,109
160,80,11,41
191,139,255,113
169,131,218,89
114,93,156,176
66,133,164,144
204,24,0,74
155,75,82,11
109,140,120,24
221,142,250,43
182,44,87,58
75,104,51,52
255,142,227,93
125,133,68,53
114,167,89,87
232,11,0,97
255,175,255,96
72,99,99,66
37,127,168,201
160,137,196,73
53,156,179,167
93,89,80,48
74,75,135,176
196,92,0,9
201,0,38,36
49,187,117,207
201,171,189,75
84,91,171,148
97,107,122,175
101,134,72,15
17,135,215,184
90,174,58,76
111,105,157,226
29,130,181,211
147,3,54,11
195,147,251,108
201,116,195,98
33,127,214,196
44,98,174,239
39,103,155,198
255,134,253,141
3,93,153,165
32,182,136,223
118,221,63,89
190,37,0,55
170,23,45,87
25,164,165,177
251,97,255,89
55,125,117,220
152,86,18,32
32,140,193,175
65,158,199,158
142,28,0,36
251,174,243,141
209,24,30,14
230,18,17,27
236,0,46,16
93,120,67,37
102,147,63,38
181,154,246,30
68,144,232,219
8,121,197,184
100,146,5,57
114,210,134,222
191,64,25,83
255,119,198,118
223,171,255,71
183,57,0,27
189,163,215,77
195,99,227,78
253,126,247,121
25,148,133,230
84,185,23,121
147,54,85,38
28,165,168,186
220,47,0,41
0,119,122,219
58,128,193,212
65,140,141,200
153,31,41,93
65,199,48,2
212,52,25,33
238,179,255,67
57,108,156,221
49,107,190,178
190,144,187,53
110,105,143,183
255,197,201,157
139,176,7,51
57,131,170,207
245,19,77,49
35,104,183,144
249,44,0,59
156,72,47,54
29,103,173,197
58,165,151,245
221,36,0,0
132,191,45,17
146,78,111,43
25,185,150,179
184,31,33,81
92,203,63,22
34,120,118,193
205,8,47,48
172,22,0,38
136,157,19,45
159,205,43,39
64,131,56,41
59,157,125,200
215,127,255,45
178,27,29,120
239,140,187,95
70,94,161,155
12,184,151,201
71,167,10,91
163,0,63,23
244,35,0,36
98,150,95,77
64,140,173,223
221,164,246,99
191,0,49,51
255,137,221,174
134,200,71,78
36,111,173,162
203,24,56,47
210,0,53,54
233,153,255,50
1,106,151,192
82,143,156,150
173,120,0,24
187,15,13,15
251,129,230,117
224,16,41,43
0,145,116,146
255,170,183,93
87,200,99,22
252,155,201,69
160,28,51,59
147,164,21,84
28,184,165,164
0,153,144,183
119,149,26,58
200,185,233,117
216,72,42,58
218,88,213,37
249,58,30,24
123,111,58,87
158,24,0,6
167,101,16,54
88,226,27,91
199,0,100,102
112,209,45,71
45,89,144,227
239,162,255,63
193,47,0,35
99,126,43,68
2,137,154,193
163,0,44,72
81,148,158,167
106,251,54,74
189,63,51,0
246,113,255,51
184,140,184,120
190,155,231,45
250,126,209,72
65,114,184,141
222,38,0,0
118,131,42,0
118,204,57,71
74,183,119,203
205,40,8,44
71,129,91,39
245,161,186,71
194,191,245,129
199,64,9,83
23,112,178,167
102,181,100,15
160,51,25,8
76,97,132,142
173,17,26,67
46,125,122,195
148,179,36,54
66,108,158,206
244,30,0,70
73,148,148,182
177,93,255,40
198,0,80,27
216,130,194,117
46,172,56,53
118,167,64,21
197,93,7,14
92,117,115,87
18,131,200,191
101,85,160,224
229,133,246,155
202,44,68,117
121,0,24,84
194,164,247,65
74,162,187,198
92,175,34,63
227,93,215,76
56,100,152,201
205,24,32,32
197,63,24,0
160,3,30,13
79,102,123,176
12,173,126,125
231,160,237,110
235,41,0,26
74,114,116,186
87,61,146,164
120,120,65,72
179,106,209,179
62,199,137,148
213,229,182,75
89,144,18,69
30,108,120,224
112,165,39,73
113,171,116,89
70,169,45,70
93,124,189,192
227,194,238,120
16,91,177,158
73,164,20,97
220,36,3,38
255,73,252,183
183,29,0,94
75,140,159,178
227,136,187,93
255,0,11,51
231,160,219,57
54,148,40,66
143,28,18,29
132,144,9,88
11,134,117,160
41,174,202,163
255,112,232,90
154,159,65,79
232,149,178,75
0,114,117,199
89,102,135,155
97,122,134,179
164,163,87,7
181,122,202,92
212,107,189,35
84,149,48,56
12,184,149,178
217,166,221,150
132,0,0,66
227,66,0,26
6,133,202,211
43,193,172,150
106,164,52,104
255,163,185,96
221,21,4,12
155,0,15,27
185,11,8,0
176,0,25,8
217,115,239,95
236,134,205,32
236,165,255,83
99,201,44,0
203,33,58,1
78,140,53,101
182,0,45,11
73,179,119,204
21,108,122,190
126,152,69,60
238,30,14,44
128,184,24,69
5,200,181,160
255,97,194,116
191,59,32,62
22,106,234,225
237,120,230,132
179,65,17,69
53,179,131,99
164,39,22,70
216,54,71,0
176,106,230,117
131,132,58,25
100,194,78,89
158,223,33,73
219,101,240,95
184,118,255,50
0,113,113,209
54,69,175,155
103,177,138,155
253,132,212,71
171,73,20,30
44,170,123,210
5,101,122,184
210,62,16,58
49,171,96,138
48,192,170,148
215,57,69,10
210,120,215,178
95,220,103,33
237,109,211,88
195,1,33,54
237,212,240,103
232,20,14,83
212,106,206,134
203,0,0,0
47,174,84,93
233,123,216,87
151,213,72,58
187,167,253,95
0,175,121,139
106,175,86,86
163,155,228,140
200,91,233,63
144,32,0,27
206,42,14,49
129,171,31,79
231,0,77,36
244,23,42,38
60,124,177,136
132,204,33,29
243,147,182,65
240,8,28,28
102,140,0,74
203,107,188,49
16,112,151,160
113,166,49,85
208,19,37,6
194,47,64,58
52,77,149,172
188,33,0,55
108,174,46,129
109,163,56,97
255,100,168,71
0,148,173,187
45,128,193,119
79,107,60,113
83,112,42,60
53,183,149,212
133,189,77,114
184,14,87,118
121,227,0,40
219,154,255,73
36,141,168,228
70,109,166,215
173,25,30,78
199,152,241,118
203,63,11,39
173,97,168,133
195,111,196,122
193,51,19,43
155,149,52,86
22,143,161,171
103,183,194,153
219,48,41,2
178,109,232,154
77,126,116,188
10,149,172,167
189,0,12,45
217,170,255,55
191,126,239,68
207,109,96,75
60,140,175,165
7,144,112,176
255,187,216,109
65,225,66,75
125,208,8,64
133,202,92,32
40,142,191,245
138,37,7,0
154,181,68,39
208,167,185,71
130,130,41,64
9,112,167,165
176,59,0,20
96,112,191,237
225,145,242,149
206,114,200,112
209,26,52,36
50,133,119,183
35,157,126,195
159,146,83,79
39,161,144,162
202,108,0,71
122,153,136,83
172,200,214,94
17,146,190,174
207,94,223,104
50,87,184,213
230,50,0,116
217,27,4,65
54,124,169,210
234,102,187,127
255,112,192,88
165,151,255,77
246,102,245,83
58,124,222,187
182,21,58,0
198,30,71,95
249,152,255,110
194,162,253,163
161,17,30,54
43,108,141,201
88,202,111,60
201,32,0,58
81,164,158,182
62,183,115,94
153,124,47,60
43,109,165,176
134,188,68,65
195,37,7,36
240,28,58,40
55,188,156,222
151,0,39,35
228,123,235,65
59,186,198,242
224,144,201,120
216,180,215,71
90,199,37,32
119,210,50,21
193,166,235,57
212,73,14,11
88,160,85,21
185,27,27,0
191,81,0,23
192,31,54,34
223,106,247,98
166,92,34,75
82,168,40,0
145,154,54,55
19,188,164,190
199,0,1,7
51,119,204,170
205,52,53,85
115,214,29,64
156,21,32,38
108,212,68,44
167,33,66,52
35,139,144,181
36,146,89,70
193,31,15,58
223,0,5,65
97,137,169,210
40,72,169,216
79,191,32,43
204,10,19,62
33,115,178,171
56,139,123,210
159,198,30,94
192,3,86,102
222,13,41,39
70,133,53,17
48,135,160,152
255,108,255,74
20,129,166,191
103,120,27,87
234,97,234,97
221,102,255,105
190,0,0,50
6,183,141,215
34,136,166,89
153,52,0,0
166,172,115,12
65,93,153,140
162,187,255,59
26,119,125,165
171,158,225,99
85,200,41,30
43,157,130,214
49,137,132,161
61,188,36,29
217,83,236,74
42,161,28,36
145,9,0,39
28,101,87,211
63,108,137,197
214,5,3,3
168,56,52,21
170,92,77,0
77,144,187,233
188,25,26,71
191,127,184,56
221,134,168,96
27,144,163,205
198,193,225,39
4,140,114,173
20,125,189,127
95,174,173,210
72,161,220,219
33,86,170,165
224,158,255,132
160,138,74,32
109,179,44,116
29,123,174,235
86,90,164,187
89,144,34,77
184,137,255,130
146,169,55,21
246,175,188,103
102,125,166,219
213,159,216,105
104,160,76,86
19,139,163,254
57,103,149,195
170,196,38,100
210,4,0,74
29,214,134,156
201,135,248,143
51,124,147,147
181,95,247,100
63,138,75,102
177,39,18,0
141,186,92,43
201,102,195,115
135,72,18,61
83,102,161,197
115,160,125,74
47,149,209,239
65,137,177,209
67,176,163,193
255,85,244,88
209,118,214,118
235,107,219,94
181,162,213,92
194,176,210,140
211,56,247,19
200,30,67,29
145,202,47,51
38,198,181,171
47,145,179,229
91,112,75,207
164,159,213,91
236,153,255,89
140,143,23,78
226,65,241,99
130,143,83,73
46,134,130,189
70,159,66,58
144,130,38,75
173,139,29,64
89,155,37,0
82,147,80,46
219,138,236,97
200,183,255,64
60,158,16,22
182,37,0,43
210,134,241,47
42,164,142,185
157,212,41,51
70,146,45,11
4,92,84,215
205,201,194,129
33,184,168,184
173,120,215,93
108,118,63,31
40,185,177,142
0,103,191,207
68,136,157,207
151,0,3,0
210,74,0,92
190,87,202,100
85,136,138,130
218,193,121,136
6,178,155,182
152,58,0,83
180,133,210,77
246,149,255,103
16,136,140,179
30,152,185,194
123,137,31,134
89,182,52,62
44,123,88,87
182,71,0,36
172,13,18,53
123,165,145,89
232,78,55,49
251,88,183,78
9,159,163,255
0,136,167,201
54,145,136,208
182,149,226,135
70,75,136,200
238,120,205,129
220,37,26,64
61,189,191,181
255,224,255,55
211,22,0,55
167,28,17,0
218,46,57,27
60,161,93,41
82,192,0,55
13,151,128,245
214,114,231,129
60,154,111,91
217,138,235,99
66,197,82,0
66,164,54,91
96,184,53,73
255,113,219,94
77,178,61,11
93,131,114,153
183,34,36,14
157,18,16,54
214,48,5,23
41,105,139,152
176,53,27,64
87,149,97,23
255,0,26,21
231,159,255,87
206,164,194,75
227,150,252,125
115,214,104,120
143,123,63,112
198,21,14,65
79,135,37,78
46,129,161,218
63,149,69,58
255,145,252,84
205,0,8,71
137,120,8,61
158,169,255,99
219,149,194,109
206,122,255,62
182,197,102,0
45,140,124,209
205,84,22,37
30,134,118,223
202,184,237,49
31,138,89,215
151,75,0,41
193,0,31,22
207,11,62,67
50,72,136,187
112,181,95,38
94,155,94,63
218,178,211,96
221,25,36,63
222,55,52,42
47,186,117,230
202,75,41,82
22,120,201,174
165,130,188,45
137,152,20,44
216,139,222,86
206,88,231,136
201,154,169,86
232,135,182,68
216,40,0,103
20,93,134,237
17,132,87,136
217,37,0,57
190,68,9,40
210,62,226,104
48,172,125,192
178,58,1,25
94,119,157,199
75,153,54,29
186,61,30,10
38,141,152,186
230,45,69,27
197,20,9,51
195,72,26,4
213,191,231,92
45,119,117,210
167,30,41,52
213,130,210,104
226,62,71,54
83,92,186,225
47,99,189,162
76,182,37,48
117,105,40,67
192,80,28,53
192,37,0,63
138,159,50,59
171,152,237,54
208,78,32,35
30,144,47,108
199,40,73,59
107,128,239,213
207,112,183,111
232,182,255,61
212,122,255,112
52,175,150,157
168,54,0,44
109,222,68,0
212,0,53,19
122,170,66,66
106,106,216,176
231,130,242,32
0,80,130,141
26,115,134,202
222,151,243,59
163,182,48,79
0,151,126,246
116,16,0,46
201,142,255,106
139,189,88,110
217,87,0,85
113,167,68,55
228,138,172,88
83,128,166,176
69,129,121,162
38,110,242,150
212,0,78,60
109,135,40,63
131,154,56,98
24,170,110,202
94,205,87,29
255,156,154,71
71,65,194,188
130,209,64,69
142,132,103,90
133,255,97,86
246,144,239,99
92,132,51,79
140,176,96,84
139,38,33,0
183,122,199,100
55,119,160,199
65,151,44,35
56,193,135,216
107,180,54,80
224,0,0,147
14,159,166,174
193,57,15,30
52,115,201,252
180,0,0,58
82,197,131,169
209,124,203,114
127,174,68,15
177,175,193,120
221,166,229,80
167,14,5,1
255,98,255,134
38,171,50,25
179,46,0,80
171,172,255,102
94,218,75,37
41,98,134,255
181,9,0,114
0,121,142,228
141,183,62,60
198,122,81,29
255,152,236,54
186,3,9,43
41,133,117,234
164,50,33,75
203,124,239,106
243,79,70,65
182,71,0,36
133,158,20,64
39,135,174,163
255,71,246,90
182,0,59,44
230,136,226,118
190,113,215,97
218,43,60,2
197,42,52,30
85,95,144,192
157,120,101,62
128,219,62,23
115,184,40,58
94,157,78,61
226,0,0,47
212,15,0,113
26,145,215,145
75,202,65,92
202,150,246,117
216,30,61,29
238,177,255,161
220,153,255,186
28,129,182,255
203,69,52,89
65,170,87,68
162,4,31,65
0,152,167,224
202,89,220,74
76,212,85,75
162,137,236,57
180,56,61,0
76,198,143,120
60,139,184,228
234,0,26,82
0,159,147,229
143,171,73,94
191,178,216,106
203,13,54,10
86,156,117,39
84,177,53,20
201,0,0,0
24,51,218,161
5,68,161,174
193,42,0,15
88,155,38,29
102,117,177,182
99,126,46,65
199,154,173,121
55,127,109,213
39,159,113,255
236,101,219,99
25,174,69,9
223,147,255,119
144,168,0,75
88,145,133,143
65,199,35,55
15,120,140,221
176,45,60,31
173,29,0,50
175,151,168,145
71,172,155,143
156,124,232,139
207,5,5,19
65,185,175,150
238,131,232,115
206,131,178,60
121,174,39,49
168,149,94,65
63,187,118,176
210,122,217,96
112,184,81,60
225,41,49,52
30,116,145,223
106,123,139,227
45,81,183,205
155,53,22,73
213,197,183,81
167,32,0,53
166,102,233,73
225,0,30,0
126,197,6,48
205,0,54,32
150,79,64,0
93,217,15,0
80,184,216,198
255,5,0,9
222,136,233,126
206,180,188,101
0,126,160,238
192,5,33,7
140,210,66,57
216,20,63,45
173,111,218,146
138,178,64,44
20,152,136,155
19,109,111,186
26,149,187,161
242,27,34,78
209,126,255,153
122,143,10,95
80,213,0,123
100,182,43,103
88,163,53,52
120,170,69,111
0,169,91,212
90,185,74,97
204,35,10,68
255,152,255,108
79,109,163,255
193,22,18,28
236,106,229,96
17,172,110,149
68,156,63,105
52,151,152,199
114,132,5,86
199,11,42,0
56,134,177,229
213,41,24,1
173,0,45,92
101,98,97,106
189,172,218,93
149,128,98,99
247,140,216,121
148,87,69,50
86,206,91,40
185,0,39,28
174,136,18,63
88,152,23,64
20,126,159,167
200,223,210,151
205,133,241,103
42,192,44,65
169,171,230,82
193,0,19,48
147,86,12,0
139,184,62,117
96,212,43,50
222,44,0,3
49,152,161,183
14,124,199,165
90,143,166,255
220,72,228,50
184,130,184,107
155,213,88,61
197,142,204,43
202,31,11,15
72,166,194,147
249,128,255,66
190,157,240,117
215,129,192,124
193,156,193,50
164,200,63,120
112,245,90,16
109,158,13,16
152,151,172,132
0,154,163,209
153,3,0,62
199,16,60,63
230,118,227,82
54,137,176,177
7,93,194,144
54,167,150,170
151,26,23,38
61,108,103,181
113,199,99,51
148,223,33,42
57,164,122,221
0,159,233,167
73,155,167,255
55,181,23,79
227,174,191,87
193,155,245,76
140,169,1,41
239,153,254,143
95,207,23,71
207,61,0,151
221,50,63,106
87,146,74,81
45,112,112,82
181,79,19,20
21,199,136,214
113,153,81,62
255,117,223,102
17,151,158,211
71,212,20,14
194,34,5,50
216,190,255,126
87,96,140,188
120,107,99,25
17,176,172,189
66,134,143,96
255,116,255,79
211,14,0,20
91,152,19,37
28,170,199,147
130,144,12,61
61,95,162,191
40,64,136,187
222,9,35,72
66,126,99,227
102,142,63,78
41,97,152,162
254,127,229,120
150,74,0,62
254,2,16,11
210,116,221,52
162,15,49,61
108,218,79,41
185,0,55,89
196,61,78,66
27,110,176,224
157,67,32,85
192,32,27,49
37,170,178,219
85,148,162,196
149,14,70,52
154,200,120,70
203,107,23,57
247,0,49,27
237,125,195,98
48,169,96,104
151,210,86,0
227,22,0,27
163,142,72,42
255,155,212,58
192,108,255,55
105,129,10,40
8,158,185,225
6,142,144,168
234,127,201,144
141,125,55,66
124,185,17,58
54,163,158,227
222,152,210,82
37,195,79,1
231,42,0,68
227,212,255,144
230,110,241,88
250,68,6,70
247,161,251,133
55,169,139,160
182,0,54,20
193,34,0,120
230,168,224,89
85,152,174,160
0,138,212,123
198,51,50,46
54,86,189,192
255,114,226,95
118,176,47,63
251,19,29,35
0,162,130,185
118,169,105,56
121,131,76,19
211,68,0,0
104,194,45,115
152,132,173,221
2,144,145,127
113,169,0,67
93,174,85,61
188,58,18,80
238,140,229,117
229,24,0,51
245,25,9,73
226,47,14,81
185,88,2,68
184,0,48,2
232,2,42,25
255,163,211,122
3,157,145,182
36,172,174,188
82,184,120,193
36,153,171,223
75,90,167,207
165,25,0,38
0,175,219,208
80,171,80,61
188,122,181,83
250,96,217,79
157,160,45,51
60,134,64,44
127,100,56,101
94,255,21,98
101,197,87,0
193,100,196,59
247,145,247,125
240,186,234,79
255,96,255,61
214,179,213,109
172,166,62,85
190,51,40,28
99,167,36,86
0,152,143,171
233,136,246,72
47,128,149,164
123,164,45,90
231,176,211,61
135,196,42,13
103,186,29,62
210,32,32,61
173,25,39,60
104,215,53,51
50,70,133,205
40,148,163,186
43,133,165,221
190,22,0,16
16,153,214,190
133,174,60,45
36,103,160,169
79,117,153,134
185,46,29,70
234,210,255,45
49,145,146,165
213,124,238,109
221,125,255,104
34,154,132,197
202,137,250,110
21,107,207,202
84,123,98,51
230,137,255,140
228,168,214,114
153,18,2,26
169,145,205,95
148,191,89,49
227,90,246,43
4,129,236,227
100,142,142,203
63,173,180,222
49,105,120,156
218,0,72,81
112,161,88,46
232,203,255,50
52,152,148,176
210,182,240,118
110,176,51,66
54,138,168,202
173,54,36,64
239,143,190,121
153,40,74,13
174,5,8,27
55,132,147,210
92,142,42,3
104,202,37,54
234,131,206,86
209,0,0,0
125,155,84,51
87,182,38,41
89,120,170,213
197,180,212,85
209,158,199,24
132,137,62,0
172,61,16,20
189,187,216,118
182,109,151,58
255,83,22,33
150,138,187,90
207,18,0,43
86,149,85,77
109,160,95,53
239,154,189,82
41,93,162,163
198,62,0,49
221,89,4,66
211,84,56,22
169,46,0,0
79,189,58,59
115,151,83,65
136,161,28,54
248,113,237,112
128,0,0,1
248,129,227,104
193,93,219,83
180,42,56,13
151,132,80,27
221,16,0,26
86,177,48,62
222,137,204,115
86,120,157,171
201,157,200,106
199,166,232,91
53,152,174,236
92,226,59,56
228,155,255,72
99,165,68,37
201,172,234,109
205,181,20,65
94,138,52,84
24,139,211,245
63,130,205,236
79,136,93,64
20,101,142,206
83,242,76,72
169,111,234,129
55,142,19,39
243,148,222,87
125,129,86,72
167,101,74,52
237,159,237,113
61,163,44,0
66,182,239,126
66,183,67,34
225,60,0,11
207,123,197,44
82,181,66,47
227,125,163,100
11,113,203,154
250,110,255,110
108,145,90,83
46,143,169,204
40,170,151,167
85,158,50,129
211,102,41,1
150,0,60,70
59,153,173,195
43,124,175,137
140,133,61,48
55,201,63,66
46,195,65,86
16,115,179,198
95,138,59,112
180,5,67,15
36,136,197,195
223,38,47,43
185,56,14,0
54,84,106,165
32,99,106,182
213,171,186,177
86,135,138,189
136,136,103,86
199,39,21,57
22,107,136,154
57,106,94,209
190,9,0,22
84,159,31,0
203,57,10,0
38,101,137,192
22,157,154,178
83,153,112,205
203,85,22,54
237,255,154,101
181,79,46,5
0,127,186,201
112,124,48,13
178,183,65,108
186,0,48,38
234,82,211,103
86,145,22,46
53,196,29,73
121,149,46,50
32,109,120,181
45,110,159,182
197,198,208,101
214,137,187,38
82,152,125,168
109,148,187,166
45,186,166,174
81,164,101,46
89,150,67,23
32,105,122,157
225,63,70,28
61,140,152,200
197,13,66,54
201,1,27,28
9,98,151,98
139,219,55,25
195,57,44,0
91,148,12,32
183,35,29,18
94,198,44,56
172,172,215,65
196,77,0,60
49,156,196,165
113,139,93,102
172,170,229,142
206,99,232,73
125,65,31,60
80,127,192,156
195,137,186,76
255,157,247,110
229,135,202,111
90,157,33,99
202,139,197,130
254,36,0,64
152,162,255,79
135,148,51,47
212,56,59,88
40,121,127,197
0,185,193,252
72,126,120,169
242,0,0,53
0,179,138,145
255,128,187,58
172,67,1,0
13,103,185,195
200,1,35,70
188,36,63,58
212,141,161,80
220,0,19,83
255,137,209,94
211,94,163,155
153,3,0,0
77,189,94,11
0,142,173,176
191,142,255,140
92,143,152,156
109,188,43,32
201,133,197,102
55,129,84,226
102,175,18,38
194,15,0,41
117,104,29,92
154,0,24,34
227,96,199,117
199,12,59,54
29,163,93,15
215,12,44,0
27,136,147,197
54,116,137,186
177,170,237,137
74,97,146,145
189,50,28,44
148,36,27,91
127,255,88,38
37,147,110,198
102,140,200,106
91,183,85,60
202,29,46,86
192,40,44,32
190,9,36,11
255,78,239,149
207,53,81,90
245,150,199,127
199,132,198,98
64,134,117,223
252,121,249,135
11,0,182,164
206,175,188,43
160,150,32,58
203,112,255,90
175,26,49,0
220,34,0,3
214,62,13,3
179,117,204,148
74,172,32,95
74,118,70,172
247,79,233,160
128,113,66,36
66,209,71,30
160,109,255,145
41,126,145,162
212,10,2,53
102,128,186,155
204,44,7,34
88,195,36,45
119,241,84,25
105,125,17,53
224,118,188,77
242,204,204,110
188,50,39,62
232,48,0,0
203,5,0,45
225,19,55,52
216,164,66,38
0,98,199,173
39,142,205,123
148,120,76,68
155,83,32,60
127,122,83,25
88,180,44,88
244,175,201,117
191,6,13,33
112,63,42,100
249,156,206,42
159,74,7,89
160,165,50,32
126,193,0,70
0,146,212,215
210,191,172,70
213,21,0,66
120,107,114,209
200,180,195,57
66,146,110,232
226,162,212,87
125,113,106,172
129,124,39,25
49,137,134,172
203,10,7,0
19,197,93,149
147,104,69,57
175,28,0,98
209,89,20,10
240,115,255,78
143,165,101,19
123,69,0,51
194,60,0,58
11,112,191,162
35,113,204,114
9,116,180,208
81,229,71,66
51,187,83,61
115,183,61,51
35,136,181,183
49,138,151,184
42,201,42,51
83,74,137,131
164,0,18,60
221,147,220,66
231,105,177,103
102,186,96,67
189,11,0,59
87,108,94,46
123,196,16,2
141,221,27,85
37,154,11,46
225,121,255,107
205,9,50,48
87,85,168,200
84,149,170,253
238,30,169,99
110,123,54,106
212,56,43,100
205,70,0,30
193,129,206,80
129,227,41,69
209,50,43,69
231,12,29,0
120,148,36,82
0,97,168,210
116,176,62,87
187,129,255,37
52,110,162,209
118,166,0,72
59,103,122,227
226,186,202,65
158,51,56,87
36,132,139,119
54,133,0,43
165,149,221,117
106,164,52,83
144,149,60,50
206,15,52,0
176,59,12,47
186,172,175,51
63,128,143,164
136,146,62,37
38,157,148,201
140,139,15,2
62,149,163,135
202,0,0,62
146,171,56,93
231,138,219,128
206,45,42,102
59,80,152,159
150,167,77,62
158,210,112,8
121,120,30,58
174,109,85,121
187,27,21,33
243,1,0,31
204,177,217,93
171,10,20,30
86,189,159,41
57,113,175,187
47,152,153,224
191,128,255,66
179,131,255,90
162,0,0,12
42,103,109,176
76,157,163,222
16,140,51,85
77,81,33,40
128,182,29,26
54,108,112,128
55,187,75,1
124,212,36,44
125,181,85,58
59,201,183,212
180,139,255,141
220,63,75,55
34,170,135,218
229,127,213,44
167,121,249,75
91,134,154,152
62,167,85,53
0,149,191,213
73,111,165,141
164,0,19,35
165,83,8,86
41,123,133,226
186,90,255,98
0,138,200,191
220,0,0,28
207,0,0,31
197,81,23,117
0,139,136,145
187,2,77,30
221,142,212,109
54,117,106,206
106,180,174,141
174,35,24,34
188,126,209,68
219,121,216,173
209,40,46,45
236,112,230,89
235,156,226,87
110,215,65,107
120,135,58,30
140,153,112,0
89,177,58,66
154,17,0,0
119,157,160,229
238,56,213,89
127,30,0,30
0,110,150,176
241,162,194,117
236,26,37,73
255,8,37,47
136,0,0,0
236,100,244,115
176,196,191,43
255,159,224,138
145,114,60,105
147,148,86,77
156,0,6,39
150,195,37,94
111,191,103,56
48,150,184,168
170,38,11,19
128,181,63,31
173,115,214,25
89,221,76,95
48,86,101,166
247,161,255,132
255,175,255,63
77,158,179,198
66,199,111,13
219,112,218,96
253,82,63,5
41,127,106,197
118,169,51,82
85,134,98,19
100,154,102,45
149,0,82,40
29,133,144,139
123,188,36,86
0,150,170,204
121,0,1,31
0,218,179,200
18,127,157,184
24,141,144,179
70,181,83,65
12,109,190,214
164,59,20,0
225,127,230,99
129,128,50,17
193,53,48,45
223,104,226,88
150,1,53,5
161,44,13,25
105,144,57,31
107,110,37,60
255,158,255,108
253,126,239,75
255,109,255,111
109,185,0,40
213,96,243,80
178,146,255,103
30,95,151,161
244,120,209,45
210,85,22,20
67,184,163,197
151,58,103,8
0,110,132,202
84,166,11,28
127,154,40,69
223,82,0,9
121,186,25,96
88,156,176,174
246,119,173,104
245,154,230,91
38,159,121,182
170,181,203,93
100,180,86,37
88,95,77,0
181,0,13,43
184,41,0,32
84,127,51,0
235,160,223,101
150,109,233,82
20,99,161,172
255,150,214,102
253,116,255,135
208,0,0,62
253,80,0,59
98,170,40,60
221,157,248,57
112,117,51,72
255,71,208,67
23,155,188,211
191,235,255,147
190,70,0,62
188,0,101,0
105,200,84,68
42,178,145,165
216,113,218,104
116,146,58,71
94,117,202,171
23,165,154,153
137,56,35,42
206,85,255,153
41,67,180,195
211,158,229,93
181,118,92,46
122,145,57,95
199,22,37,13
213,134,199,32
48,105,161,199
33,132,133,194
38,178,76,125
95,40,0,39
217,34,9,38
90,139,162,179
194,189,249,125
75,118,163,187
198,51,63,79
74,146,138,182
212,51,0,28
81,104,170,153
123,182,59,37
164,57,48,41
193,29,41,42
159,72,0,33
23,165,126,230
69,193,0,135
59,103,218,166
219,24,0,2
190,75,58,90
193,41,39,41
213,80,85,0
217,14,15,61
178,54,43,46
185,160,229,49
244,190,204,17
125,195,31,60
144,156,112,39
42,179,139,230
255,144,217,98
202,143,174,103
207,130,255,88
93,126,181,196
232,179,236,104
77,173,58,64
72,97,92,47
176,134,71,0
227,134,255,22
122,155,36,39
207,40,68,3
82,107,128,219
192,30,0,88
46,133,158,157
186,29,0,30
183,62,46,77
68,192,66,44
68,129,130,192
255,140,196,130
36,136,34,131
50,167,187,194
178,36,0,66
210,143,186,39
64,154,164,191
21,188,161,92
44,130,116,216
71,195,47,117
199,22,10,0
107,125,86,108
37,106,187,199
195,43,52,61
179,72,0,62
124,146,35,96
255,162,255,100
227,205,212,42
93,115,83,70
231,28,22,29
255,129,236,94
186,160,208,161
178,46,56,94
91,154,81,59
35,129,105,182
184,132,238,102
210,135,206,87
137,123,95,68
255,0,25,75
68,96,155,190
167,208,227,81
75,104,96,45
91,130,104,224
122,145,15,44
241,149,197,58
161,223,78,49
232,34,60,30
88,177,71,11
255,139,250,28
229,160,232,78
140,19,53,14
38,151,169,207
187,98,255,53
215,5,17,64
123,154,27,21
84,157,59,82
126,116,39,67
219,199,242,128
46,159,142,194
53,70,128,125
60,103,113,205
178,10,7,68
207,29,44,98
34,157,169,177
47,216,55,204
255,146,161,136
182,55,79,31
83,136,197,255
215,100,224,117
200,35,9,63
137,167,202,150
230,130,240,125
73,151,123,235
31,67,139,196
201,166,238,107
147,149,93,53
226,141,171,87
72,195,72,71
218,65,25,0
186,163,235,76
169,59,19,67
62,87,170,176
15,132,136,191
66,175,0,37
94,87,200,224
214,159,239,51
154,65,5,22
197,38,0,30
223,0,0,64
232,99,197,68
159,41,33,22
255,102,254,68
241,131,255,60
246,115,221,135
111,155,140,208
191,0,38,20
165,6,0,3
0,104,109,196
120,143,61,7
176,132,222,90
183,0,48,26
255,195,214,135
95,153,92,58
222,0,34,30
141,170,0,72
135,153,17,52
51,154,78,60
225,157,193,114
22,139,134,181
223,214,255,61
73,229,112,65
101,160,160,133
210,150,255,125
202,83,15,35
66,134,53,61
188,76,0,25
27,84,245,161
61,88,147,205
58,119,170,195
191,20,2,68
224,142,234,135
88,112,70,0
225,119,222,104
119,164,28,68
253,142,232,132
233,128,229,116
235,194,211,75
127,129,64,0
243,143,239,99
157,58,9,68
177,179,70,10
89,162,86,59
115,209,117,0
36,154,140,228
248,99,210,106
198,0,24,55
49,137,240,246
152,119,226,155
255,161,200,82
137,164,28,43
226,159,225,100
111,179,67,58
255,112,255,148
226,177,229,48
121,167,116,0
5,203,164,235
255,31,52,51
96,150,45,74
177,109,255,87
39,115,202,124
33,136,169,162
255,132,230,68
199,156,211,120
254,133,198,67
39,101,124,249
165,235,71,38
72,82,146,233
91,171,60,84
208,100,246,34
239,120,228,32
74,114,187,174
189,111,199,101
121,162,58,24
195,100,4,0
219,30,0,0
191,92,196,90
44,115,147,239
236,134,226,95
220,151,191,87
194,138,218,43
150,214,49,84
157,146,47,6
85,190,14,118
189,64,24,66
52,126,161,216
229,70,255,143
112,146,90,94
222,24,1,30
63,143,92,192
192,16,16,60
207,130,215,86
0,135,155,203
40,149,156,182
255,57,51,33
19,169,210,220
132,163,38,52
197,121,209,78
67,160,99,44
10,107,170,212
155,152,216,123
233,103,255,62
146,209,18,0
255,141,253,102
6,122,155,179
199,85,217,74
179,0,11,17
90,103,140,148
189,3,18,13
212,109,201,120
211,64,0,44
196,47,70,23
114,46,8,53
205,98,0,59
220,182,154,14
205,126,221,53
215,150,188,68
43,128,152,222
57,129,168,168
136,164,51,92
219,30,71,102
74,110,70,37
204,79,0,29
31,109,189,198
0,157,120,204
80,191,17,56
90,198,66,16
250,168,255,118
37,170,151,194
180,0,7,86
32,122,162,245
64,152,98,218
56,180,62,19
150,159,69,63
58,125,150,148
217,65,32,46
83,197,89,112
78,153,176,168
231,91,0,3
204,130,231,108
137,0,0,49
106,175,0,75
34,160,148,197
106,117,85,78
45,159,124,172
205,16,40,31
107,121,124,168
27,123,118,206
106,149,83,70
44,100,178,207
6,94,134,166
173,56,36,0
155,23,14,47
15,168,215,148
235,22,0,50
201,131,17,0
255,151,197,90
180,47,82,74
48,152,142,154
0,113,157,205
26,89,193,202
249,140,225,95
69,70,134,197
246,96,18,49
221,188,222,105
230,26,25,25
52,141,175,194
50,166,70,96
147,178,68,30
174,3,50,0
124,0,0,72
44,125,241,201
218,42,56,43
200,58,0,83
144,0,8,29
202,51,0,21
163,68,29,52
205,136,199,143
101,161,20,54
221,169,234,111
113,188,36,37
254,119,255,39
217,19,40,56
193,164,182,83
176,0,17,34
29,125,153,176
241,129,243,147
172,152,245,125
107,168,67,77
161,145,108,88
123,182,218,195
197,87,0,85
236,163,255,124
209,99,21,90
102,109,161,151
172,35,78,26
16,89,172,255
0,125,115,156
94,96,31,35
117,188,77,37
116,117,167,211
90,239,7,80
123,134,17,87
36,151,220,161
217,12,8,65
223,164,198,19
194,2,46,18
255,144,186,37
128,164,47,27
13,149,137,197
47,119,180,155
172,134,115,17
209,49,13,40
198,74,0,18
221,154,157,90
175,109,15,0
196,159,210,68
164,0,54,65
127,162,48,106
233,81,23,36
62,87,127,227
23,129,199,186
126,177,24,53
38,169,143,177
178,93,10,42
8,154,133,194
94,169,71,89
103,162,74,55
198,8,0,77
74,155,33,0
8,159,131,174
191,161,201,79
225,177,149,44
207,170,233,132
102,145,73,23
247,58,16,14
72,127,164,122
47,118,151,132
179,129,248,107
157,167,10,5
124,122,43,119
90,157,56,69
212,33,59,30
120,147,85,52
247,24,0,53
149,153,58,36
214,161,231,61
165,113,48,45
98,123,150,205
140,0,0,3
104,192,115,173
192,14,50,75
86,94,149,195
106,162,57,96
68,118,216,176
0,186,91,194
243,122,177,109
179,255,43,88
159,255,93,11
27,112,144,199
232,59,4,33
67,95,174,158
142,30,56,14
112,161,8,89
147,186,53,20
228,163,204,143
211,45,0,68
62,133,148,133
73,205,53,30
132,175,40,85
67,143,107,57
215,0,77,82
161,78,0,0
38,142,173,213
163,20,58,89
197,35,9,21
114,101,120,184
205,16,61,44
228,0,66,17
110,201,43,93
105,181,96,122
201,95,45,0
212,200,239,63
226,129,219,61
200,0,4,77
232,29,0,62
101,201,50,43
226,128,251,102
110,155,82,77
202,209,206,84
93,166,65,30
31,114,173,169
114,133,0,29
80,104,59,34
236,78,34,54
92,99,73,113
69,149,139,175
102,168,39,63
152,204,84,32
213,99,194,22
175,52,33,65
120,179,36,25
166,183,86,83
53,105,180,193
191,51,46,34
119,227,164,136
177,37,58,0
198,18,30,92
216,31,20,56
31,155,138,217
172,130,202,101
137,108,68,54
169,86,227,130
218,135,255,41
255,172,191,150
128,159,116,80
192,59,18,0
220,157,255,103
86,153,35,66
61,141,209,216
183,4,28,25
75,207,44,42
48,170,142,172
98,167,95,80
115,116,0,114
57,99,123,143
145,46,47,77
142,16,21,77
230,41,0,34
153,127,106,82
20,118,130,203
160,0,0,44
185,149,246,128
180,50,42,49
184,37,34,0
126,198,69,57
180,88,0,0
119,195,157,14
111,187,86,81
223,114,0,65
53,80,169,205
104,131,159,132
203,185,217,164
18,145,72,119
66,169,107,55
211,80,248,46
127,155,86,48
104,126,162,215
224,193,255,96
65,156,174,145
72,136,127,188
182,27,14,62
169,146,178,55
111,135,48,8
255,130,255,83
212,136,215,139
87,152,134,215
167,64,63,68
40,170,245,170
7,145,196,198
50,177,175,186
234,187,191,118
171,146,187,72
172,78,255,81
88,194,15,30
255,153,227,53
189,120,254,53
209,37,103,37
161,2,2,51
61,186,187,199
182,119,187,142
66,127,122,201
170,12,68,67
179,2,11,103
138,161,55,66
178,61,20,79
132,181,80,51
27,104,110,205
246,118,255,135
215,92,246,129
171,5,18,91
144,141,38,73
101,111,53,85
19,156,107,255
255,135,208,94
207,73,205,146
63,151,26,61
168,49,7,83
2,119,202,188
244,161,197,80
217,122,255,129
34,190,194,154
96,107,200,219
47,125,150,209
24,127,198,140
133,170,49,58
105,149,70,52
255,174,231,42
173,94,0,102
255,117,203,58
96,126,64,84
142,187,23,111
125,191,89,55
232,59,91,34
238,211,164,97
179,45,44,10
117,166,76,15
106,146,125,195
160,122,255,18
121,138,72,6
246,111,208,109
171,79,20,53
0,151,176,186
145,38,0,18
77,172,40,119
122,217,9,55
100,165,62,50
85,180,22,58
174,152,255,79
157,188,80,49
234,138,225,55
249,122,228,117
41,100,159,215
255,136,156,64
249,161,255,76
228,169,195,79
71,167,72,35
141,111,108,37
124,144,104,54
206,87,248,107
73,158,55,36
171,114,230,141
229,52,9,27
199,154,174,94
45,109,141,215
0,88,164,193
133,162,28,75
131,162,94,168
217,170,217,86
231,13,37,16
210,209,215,119
6,107,90,177
196,50,41,28
0,128,141,169
255,143,205,51
255,132,247,0
5,146,159,187
107,130,113,71
94,187,78,0
81,227,55,42
194,0,40,61
54,131,121,176
255,135,213,57
101,185,73,76
26,138,146,123
220,148,229,153
127,218,132,87
230,180,246,97
195,0,0,60
150,24,21,56
103,164,189,156
61,165,41,19
58,100,190,165
236,217,255,105
132,129,140,202
41,130,167,243
255,134,238,26
114,152,24,0
130,144,83,72
141,213,29,62
67,90,149,171
78,214,26,53
1,125,159,179
235,1,35,1
234,26,44,42
82,139,33,80
34,165,192,170
109,199,52,38
209,194,235,41
166,67,0,98
85,117,128,121
185,152,255,185
254,123,224,87
239,186,255,138
196,52,24,76
148,150,214,79
105,153,54,67
173,64,62,86
111,206,47,0
42,181,159,112
0,192,148,200
156,124,44,49
79,179,91,105
253,208,207,87
221,180,206,111
108,128,34,85
155,48,37,49
149,178,26,29
240,102,177,48
33,167,77,188
59,126,132,138
200,86,159,97
234,39,0,51
255,178,223,111
225,136,255,126
206,118,200,49
183,96,255,48
178,52,58,80
43,92,127,180
229,60,74,34
141,119,149,226
163,0,22,63
81,136,25,25
32,126,122,227
240,149,210,80
231,145,213,66
54,193,127,201
113,165,46,29
232,162,255,164
20,162,159,138
255,27,19,35
228,92,218,59
238,119,216,134
189,13,0,6
232,158,185,86
156,46,16,31
134,172,59,14
50,162,76,151
149,31,22,51
126,163,12,43
154,18,87,50
96,104,36,75
109,188,62,74
89,124,171,219
93,146,50,52
251,31,78,28
108,173,106,96
193,0,64,16
206,115,245,84
101,142,158,169
184,95,48,74
255,133,235,52
34,136,139,161
87,143,13,62
68,141,27,71
95,112,146,168
100,204,94,136
245,163,220,159
152,14,60,4
135,174,50,20
149,185,81,78
139,193,0,71
164,124,170,121
98,147,138,199
127,147,73,59
165,144,219,107
133,155,37,47
23,148,192,255
169,8,0,35
176,62,0,0
243,148,237,139
27,79,116,194
93,198,30,33
34,141,198,192
71,117,182,236
243,146,227,91
154,21,62,46
197,0,27,10
112,180,209,196
65,80,122,163
119,189,27,112
118,172,131,160
70,121,135,221
125,156,117,75
43,160,137,175
145,129,255,91
244,52,0,0
204,115,235,139
194,18,7,5
178,15,18,37
127,151,255,71
87,169,148,193
111,117,167,227
70,155,153,198
210,88,0,23
201,11,19,0
232,133,172,102
232,58,46,70
190,53,18,31
213,166,236,75
194,0,15,67
105,43,0,57
86,175,62,36
204,53,0,33
240,36,76,59
167,62,26,35
113,178,30,97
173,177,255,89
47,202,200,217
207,0,34,0
201,123,212,93
235,182,223,118
158,106,59,81
178,78,46,47
247,135,255,96
139,31,31,21
107,132,0,73
149,35,0,82
56,134,148,130
94,173,29,49
22,106,133,189
187,39,19,26
222,34,62,22
94,177,37,62
188,45,35,61
227,59,39,0
218,163,217,120
173,141,254,74
218,21,255,72
86,100,183,227
156,29,37,42
170,9,22,28
32,117,78,94
180,37,50,29
82,199,38,52
53,59,146,190
208,64,81,114
34,129,144,241
211,138,206,78
147,58,0,29
216,178,255,113
221,127,240,113
228,164,181,115
206,74,0,50
132,94,157,84
212,12,0,88
187,121,195,97
252,151,240,80
55,150,147,230
4,111,149,203
64,129,150,168
33,151,175,226
66,159,158,195
179,36,21,21
255,182,255,68
205,151,172,106
77,98,149,235
4,97,145,193
166,0,18,15
239,175,209,86
20,120,192,217
171,114,145,157
87,136,159,198
59,126,181,184
138,153,98,80
14,111,183,160
157,156,45,42
74,144,198,243
242,53,8,22
68,111,190,209
166,162,223,166
80,226,80,81
84,132,101,31
51,127,161,182
91,166,43,48
205,99,210,61
255,187,189,121
197,146,216,61
123,208,58,89
218,119,200,67
219,81,6,88
201,66,0,38
29,212,151,248
194,0,27,63
59,211,129,157
112,122,67,81
213,159,193,124
30,122,226,112
38,148,78,58
44,101,123,202
37,121,124,201
146,176,56,87
92,178,12,74
153,161,95,64
129,134,169,219
57,138,125,164
225,108,190,121
250,160,234,139
94,140,25,55
207,139,231,136
249,105,177,80
224,167,238,65
127,170,62,62
141,160,24,123
160,5,0,67
240,99,24,60
33,100,157,170
210,52,76,12
17,136,137,169
110,183,93,30
65,152,172,204
105,202,54,84
89,141,112,83
252,25,196,109
49,112,148,213
148,56,39,80
171,72,95,26
200,40,0,18
62,104,177,190
76,140,156,164
199,42,34,84
162,12,26,0
39,168,146,159
74,190,214,205
179,0,16,18
199,44,5,64
45,107,133,234
185,20,52,38
200,206,185,81
233,137,247,109
249,147,234,109
85,170,143,106
153,60,95,0
176,193,217,37
0,100,174,179
61,185,168,173
155,19,12,0
195,117,201,59
91,129,72,62
55,202,79,63
49,186,63,58
208,166,255,43
38,138,146,184
160,73,188,56
119,154,50,58
59,116,117,189
125,138,45,35
35,145,176,145
219,0,47,76
145,160,33,36
94,167,49,57
61,100,179,201
192,80,235,83
157,104,93,3
192,24,30,61
223,163,203,105
26,130,178,220
139,52,0,62
59,124,157,223
74,147,165,178
255,108,234,62
189,0,21,0
191,47,58,57
164,118,217,62
98,175,123,57
224,69,34,68
191,49,42,78
30,224,5,95
30,122,138,207
217,112,246,109
93,188,35,23
232,187,195,84
189,70,16,43
178,130,165,92
87,211,10,68
152,175,94,45
54,85,193,157
239,136,194,54
92,101,71,0
169,182,67,18
52,138,102,27
5,101,132,207
5,128,166,178
135,51,0,82
155,47,45,0
227,34,59,46
199,0,56,0
132,128,62,61
156,0,8,96
0,135,161,232
182,172,255,49
255,133,209,142
198,26,35,38
222,73,165,107
246,64,0,26
240,0,33,7
147,187,34,79
120,215,81,37
176,20,50,37
54,96,118,224
96,123,65,10
17,29,94,192
80,177,31,57
68,197,134,239
204,43,33,54
193,54,28,74
198,207,223,116
20,151,160,182
161,42,23,11
189,126,243,68
221,29,39,23
172,8,88,18
214,46,30,31
0,216,154,192
86,189,62,73
254,90,178,142
255,126,248,117
173,182,254,116
163,135,207,83
159,54,9,64
88,149,58,23
87,181,143,189
246,149,255,105
205,148,242,68
192,204,255,77
35,107,128,150
148,197,59,2
62,168,140,196
196,108,225,85
187,138,238,31
226,177,165,106
105,163,60,112
53,161,168,164
2,132,155,208
1,119,171,167
206,91,208,105
56,124,115,197
111,139,12,43
160,20,8,0
202,78,15,29
239,158,227,134
121,17,0,81
178,153,221,114
82,153,38,22
221,129,185,68
19,94,215,210
197,28,31,13
210,25,0,82
217,0,16,73
220,154,255,70
173,54,32,61
204,106,228,33
162,0,29,28
249,90,255,94
176,81,0,17
255,126,247,148
43,112,121,151
166,68,56,34
47,154,188,182
239,93,255,81
255,56,27,60
53,156,0,85
135,172,33,122
181,78,21,104
158,35,39,20
209,121,255,112
124,189,36,41
179,167,231,25
241,128,255,99
129,111,74,42
73,119,160,178
130,177,32,68
246,129,239,56
232,163,210,98
40,128,199,213
143,38,0,4
66,125,184,150
43,131,168,213
101,168,68,35
230,197,189,160
109,180,57,64
102,215,99,41
215,154,192,145
83,180,87,19
127,150,57,56
66,129,180,189
12,117,118,198
252,14,35,60
10,176,182,158
243,99,255,101
234,9,0,54
92,185,73,105
215,105,248,83
171,97,192,108
41,174,152,189
255,109,255,91
28,137,112,160
80,125,0,50
196,179,172,79
99,177,111,50
117,215,0,52
188,197,39,2
206,74,0,36
111,170,66,58
160,122,46,60
186,146,236,118
164,184,23,73
216,82,255,33
50,117,82,207
186,0,0,49
120,115,80,70
68,132,178,165
131,104,24,0
162,71,73,66
118,195,75,32
44,131,141,209
82,119,193,193
181,129,198,88
29,139,172,141
200,180,186,125
236,101,167,118
172,238,100,64
216,197,179,145
188,0,38,4
174,0,79,30
69,115,147,198
233,119,207,103
249,0,42,18
99,113,108,224
68,180,0,116
219,0,81,109
149,82,43,38
255,112,246,27
9,157,186,142
205,25,15,68
231,139,232,39
130,174,69,60
107,151,148,251
216,19,23,47
37,162,125,223
196,0,16,12
82,132,169,152
227,196,255,76
195,118,197,110
255,98,63,64
208,0,32,68
196,37,17,45
0,160,147,246
146,19,74,5
51,136,188,232
121,17,25,42
32,133,122,188
255,172,255,58
211,186,255,124
153,150,65,87
30,102,175,223
85,201,117,154
86,158,150,153
87,194,117,217
173,144,37,32
210,81,255,74
130,45,98,49
190,53,0,69
128,164,70,49
240,155,173,62
201,177,227,67
42,132,206,177
142,189,42,69
226,122,205,167
255,107,246,115
0,144,205,212
152,148,68,31
206,34,0,52
206,155,255,104
112,156,220,123
148,47,0,44
210,137,240,147
164,148,248,99
255,179,195,125
196,28,40,0
190,94,255,111
102,221,35,46
192,96,220,103
218,9,27,28
42,166,122,220
156,0,26,48
59,130,167,186
90,204,47,74
183,39,54,49
202,118,238,90
236,22,0,75
82,141,32,79
204,159,208,61
222,107,232,125
104,198,12,24
93,181,90,0
176,59,196,94
96,114,138,157
53,86,146,215
242,162,255,130
195,147,192,120
253,102,224,143
99,183,0,45
196,165,30,77
64,198,77,14
253,157,245,114
200,149,220,129
89,142,68,93
234,0,67,0
166,183,45,80
239,140,211,66
207,141,203,49
105,187,49,0
43,134,187,239
126,89,183,75
0,149,134,170
81,218,85,72
185,0,4,1
130,115,65,55
210,93,30,70
239,197,232,112
162,0,29,75
196,21,34,0
197,175,211,78
133,181,30,107
93,128,61,80
215,109,237,92
248,121,225,35
58,160,128,188
255,42,9,23
197,109,199,74
246,133,174,74
236,37,19,29
234,116,219,63
22,160,133,156
208,139,208,94
124,206,19,38
118,172,66,48
143,61,38,7
49,159,57,82
204,26,53,31
202,33,49,32
21,127,116,233
240,0,67,0
43,80,208,160
14,141,187,216
234,181,229,101
82,148,220,217
237,57,0,43
80,196,119,35
234,0,55,24
30,100,172,193
32,156,137,141
81,205,24,64
31,155,81,194
223,36,47,24
221,159,213,96
221,157,223,135
68,120,153,183
201,37,50,74
83,179,70,85
167,195,254,72
255,128,255,90
120,180,111,43
211,177,170,61
193,22,7,27
218,137,186,109
19,168,147,197
174,192,236,93
241,142,184,83
153,26,1,47
156,7,37,44
204,179,199,91
213,65,52,34
169,31,0,43
48,78,192,204
180,130,238,88
135,117,49,73
210,138,242,88
220,141,174,108
123,199,100,56
173,199,86,87
152,135,120,248
84,168,108,156
209,42,0,75
127,143,125,39
255,96,255,98
40,120,162,189
50,146,148,246
178,24,7,17
167,72,55,1
51,169,153,253
144,87,125,200
177,13,38,62
213,40,0,93
113,112,112,65
238,60,49,54
183,113,171,81
154,63,52,16
78,196,32,29
193,65,46,83
3,106,144,197
191,49,16,25
200,56,0,56
236,154,247,130
110,174,103,75
255,137,210,60
59,153,134,213
255,133,253,130
112,192,49,68
175,162,198,107
77,123,134,237
51,151,86,34
138,43,68,27
218,3,10,94
57,202,206,201
19,89,165,250
19,98,165,154
24,127,148,175
255,115,235,126
214,0,60,6
62,171,151,155
71,209,137,167
198,85,74,19
147,0,43,66
172,132,226,41
255,172,217,134
96,217,37,19
129,61,0,81
72,136,165,205
122,189,104,60
122,203,198,57
222,223,255,73
65,92,237,197
255,32,64,31
227,22,9,28
61,181,46,76
197,11,96,37
235,129,231,164
185,25,66,51
82,139,126,225
132,157,22,64
125,185,0,61
209,152,252,55
232,127,219,93
177,104,0,35
108,173,21,10
21,83,104,192
100,178,123,139
226,11,0,49
165,60,11,94
173,46,5,34
181,161,237,66
189,56,50,79
109,202,87,53
255,103,251,75
103,202,33,90
211,141,255,100
237,135,163,182
141,142,33,81
31,220,143,220
146,79,169,73
136,190,66,42
193,68,44,53
105,172,24,52
159,180,135,30
86,132,229,185
173,0,55,26
79,123,70,138
227,86,205,109
138,183,16,81
124,180,89,64
68,137,140,235
255,165,199,115
223,23,5,22
109,114,43,58
122,154,69,90
219,35,12,0
226,100,244,117
53,149,160,168
40,122,164,204
63,105,202,214
154,28,60,55
219,48,37,28
81,213,113,93
140,2,4,0
120,124,59,8
202,145,231,115
182,190,240,116
187,13,34,34
181,17,0,65
74,183,61,96
166,168,57,75
134,167,22,70
127,171,74,80
87,151,59,106
137,164,58,101
186,41,50,0
2,138,175,193
183,122,251,95
205,138,197,89
61,125,179,172
217,150,255,106
255,169,207,85
207,166,172,94
239,65,17,55
166,165,227,138
64,180,0,78
129,51,0,11
59,126,123,179
233,157,198,102
38,136,55,2
48,125,116,198
253,134,211,82
175,6,11,36
99,139,58,27
213,107,243,107
162,89,2,53
51,229,137,192
244,45,6,53
216,17,23,37
218,30,12,65
46,106,161,196
154,148,27,51
57,51,194,227
4,160,154,199
211,119,209,130
115,196,95,11
212,30,57,17
255,102,222,17
25,132,66,49
181,0,28,0
144,22,22,0
46,131,124,215
133,159,12,17
167,143,204,135
200,117,247,154
209,66,0,65
196,137,207,125
23,141,109,151
245,96,233,102
198,168,245,106
249,130,232,115
233,85,23,34
228,162,191,91
37,158,171,134
103,188,96,84
113,183,54,39
171,155,255,85
197,135,228,69
170,39,8,46
229,47,56,30
149,33,38,52
99,166,68,60
186,92,255,77
151,178,48,90
20,152,96,149
90,178,43,99
222,119,222,88
80,146,154,175
81,124,159,167
184,10,28,6
113,233,57,52
138,178,58,80
199,71,27,64
186,60,33,18
241,131,255,97
52,96,166,172
202,85,0,73
186,47,62,0
80,138,48,26
192,142,245,112
239,199,150,94
58,94,181,197
23,167,158,161
188,119,253,87
74,103,95,149
240,32,25,79
89,170,144,197
171,0,0,58
34,132,141,204
203,109,124,24
207,131,219,69
38,166,144,205
41,164,110,220
48,172,156,195
133,198,40,43
109,189,48,75
177,124,231,102
65,155,115,193
101,118,61,40
105,183,89,26
87,153,108,57
141,195,102,22
0,131,146,192
95,189,56,4
168,55,0,41
233,135,240,122
170,12,0,74
173,79,232,60
28,139,138,147
37,124,47,43
14,127,170,202
232,97,75,54
213,39,24,114
127,120,58,78
46,129,149,207
10,145,191,154
190,154,208,74
216,174,225,138
227,79,12,91
29,140,177,224
120,51,23,25
193,151,233,114
226,12,0,21
83,157,129,201
91,106,146,178
108,149,156,189
186,64,56,9
0,110,155,124
131,126,60,93
123,199,193,91
130,180,82,63
80,152,181,213
97,255,42,43
229,131,236,56
203,156,255,97
205,33,11,4
45,176,148,188
0,70,218,188
156,148,43,73
255,80,21,29
193,11,0,64
80,115,107,239
48,85,130,147
37,130,218,208
134,115,35,67
188,24,0,31
35,145,145,159
220,94,0,0
197,56,30,51
236,11,4,60
89,125,53,63
57,115,133,255
196,30,24,51
239,166,191,137
76,123,152,167
86,182,58,82
117,174,102,38
228,141,255,139
95,106,130,187
72,149,137,157
155,53,32,38
161,23,32,30
58,121,190,183
121,6,18,106
221,132,204,87
197,0,0,67
255,169,255,64
189,44,11,72
255,130,206,57
248,141,244,146
54,147,122,177
145,192,56,16
67,129,169,188
149,159,114,70
197,137,212,148
157,158,16,25
31,98,109,120
234,123,211,102
0,126,177,181
76,118,57,86
236,4,2,40
98,144,51,78
182,92,0,84
73,211,53,54
113,185,44,45
114,213,40,72
219,49,2,43
174,71,14,86
147,0,41,1
133,146,82,50
82,124,43,67
230,157,187,159
255,152,191,108
171,0,6,23
107,216,100,42
73,158,0,112
91,161,66,24
202,71,0,0
75,148,159,163
171,64,176,91
204,175,255,105
204,49,62,31
90,210,69,125
89,190,118,14
57,188,158,161
105,170,41,58
134,135,99,62
78,114,146,148
45,85,110,247
132,97,154,235
117,144,3,128
200,4,82,35
234,34,47,31
105,167,61,23
239,73,5,1
255,2,7,40
0,120,95,221
212,139,220,63
246,186,244,65
184,29,54,68
17,174,191,243
77,161,162,226
110,137,73,116
146,201,7,26
219,145,230,42
18,164,194,166
255,157,199,66
104,209,71,38
212,55,89,95
184,54,56,76
141,206,68,79
69,131,147,172
101,126,47,24
197,96,208,100
131,181,57,48
133,123,131,45
136,192,40,102
116,133,47,60
234,146,200,95
54,174,153,176
179,73,0,75
48,161,137,189
179,130,216,143
16,170,160,157
45,111,169,140
42,106,164,157
153,119,64,97
150,210,27,91
80,155,88,68
211,171,216,125
221,130,255,99
207,44,48,69
214,195,187,65
119,190,58,20
195,138,220,112
173,36,14,60
159,44,48,29
182,16,39,69
49,150,131,208
98,186,37,118
134,233,59,38
187,0,2,23
96,193,29,110
186,0,33,29
64,222,57,35
48,195,96,6
175,13,12,29
99,170,86,80
140,135,85,63
162,183,199,68
28,142,214,143
200,147,241,89
116,205,44,0
202,127,235,119
218,145,255,77
163,155,241,88
185,44,11,76
210,22,11,3
247,123,223,86
171,128,225,85
22,144,163,162
156,212,42,129
181,23,88,10
246,0,53,107
150,209,50,74
58,197,131,237
140,207,40,0
207,43,24,55
143,183,33,81
46,135,134,207
192,0,22,27
68,158,119,158
40,138,209,165
69,118,166,175
53,126,177,239
146,41,36,51
53,137,152,181
145,196,69,30
178,168,226,83
9,138,162,230
7,151,149,189
44,123,174,184
64,162,52,90
139,93,72,163
88,130,164,172
251,94,227,64
196,8,36,84
180,1,50,25
108,120,82,18
236,140,219,172
120,153,82,43
123,203,84,15
119,235,42,51
30,145,153,208
169,84,0,0
189,103,45,0
73,157,118,185
255,153,207,62
197,78,8,86
42,172,47,47
197,41,0,81
201,107,196,73
220,13,30,83
176,124,251,114
220,71,14,23
203,160,255,102
21,211,126,155
228,192,233,73
242,79,53,41
104,114,123,169
54,119,109,172
50,110,147,200
151,191,84,44
66,131,150,163
18,76,155,161
191,120,217,124
90,183,84,32
90,143,183,161
98,174,74,76
52,81,95,170
173,145,244,128
172,0,0,35
134,132,162,217
186,132,29,67
244,100,225,106
232,69,209,56
5,137,151,250
255,22,52,24
232,163,253,41
141,204,64,92
247,189,255,70
195,155,37,38
234,107,237,72
216,170,254,73
64,156,208,181
23,169,196,193
134,148,101,60
231,93,223,108
230,130,240,65
101,4,19,55
136,78,73,92
182,0,17,64
200,150,193,49
181,40,18,33
233,78,192,140
13,166,161,88
69,162,161,200
28,151,152,171
39,124,162,220
197,154,220,95
15,89,181,186
125,199,44,98
71,123,18,82
220,45,81,79
170,127,206,99
117,160,40,47
254,136,211,73
255,98,236,89
103,185,130,195
198,173,195,128
128,0,0,28
75,130,131,160
71,75,182,225
0,159,116,157
179,125,33,65
221,113,202,105
51,126,163,187
183,42,0,68
134,235,88,87
164,106,238,45
200,139,235,126
255,97,255,70
128,6,4,110
238,132,255,69
223,0,0,82
198,52,72,77
222,139,239,163
160,0,0,22
4,153,175,185
70,113,157,122
86,196,38,41
64,176,46,0
222,190,255,117
198,135,255,119
38,108,178,236
194,17,0,20
75,209,53,52
50,92,140,191
255,168,255,75
245,61,25,13
41,151,193,168
90,197,22,54
255,123,255,111
135,117,243,139
17,125,190,199
46,154,123,151
48,194,136,153
145,163,74,55
181,127,178,103
42,121,67,162
255,116,228,104
231,2,62,31
119,147,27,28
222,122,255,33
5,156,160,232
161,5,49,51
54,140,203,196
238,148,255,41
78,131,192,249
255,175,241,110
124,202,96,84
255,65,167,112
115,168,68,81
114,175,0,90
96,102,167,198
255,122,234,76
104,133,30,54
82,184,47,0
132,128,68,79
214,18,52,69
158,14,72,41
242,143,251,118
134,142,42,0
140,125,62,35
96,173,24,100
112,173,115,31
188,138,232,90
178,105,255,103
190,174,252,117
16,98,194,184
155,31,3,28
46,63,171,168
76,173,138,255
140,129,32,0
184,0,59,25
223,128,255,35
58,127,25,34
15,28,163,208
112,108,65,55
42,91,160,136
53,243,26,89
166,0,0,34
69,164,121,75
14,104,169,214
229,128,255,76
188,50,14,10
134,141,84,2
237,133,215,88
248,102,255,84
215,158,203,69
79,88,128,208
11,119,181,205
75,112,162,235
0,127,142,203
31,128,132,200
148,171,84,80
136,140,31,21
96,168,29,59
232,71,66,79
125,183,26,53
158,35,0,44
246,162,255,93
110,228,144,65
146,64,16,71
128,199,55,25
44,173,128,174
220,9,0,44
125,175,61,28
193,0,50,52
237,149,245,93
177,4,33,30
21,168,173,187
255,172,193,38
128,173,41,70
255,111,202,69
75,153,119,205
192,39,14,0
32,150,137,112
138,0,4,48
42,128,204,142
198,114,213,74
34,99,210,198
49,140,146,227
70,144,148,246
255,191,204,109
57,93,118,217
224,113,247,110
65,138,94,128
18,156,145,168
255,161,164,91
145,193,36,96
208,138,211,110
237,179,229,106
230,152,188,63
192,169,173,155
35,109,153,210
198,34,0,3
255,112,255,98
33,92,143,231
3,104,145,223
233,130,255,79
201,32,9,50
5,132,111,125
96,187,40,69
245,81,232,96
158,44,58,5
36,131,171,255
216,99,231,97
159,34,42,38
198,0,11,2
128,51,70,57
49,171,177,218
75,209,75,34
209,70,29,25
200,23,0,65
67,127,147,201
79,208,15,85
66,106,190,225
122,186,72,26
15,154,183,176
179,206,64,60
185,134,186,85
139,122,118,175
224,125,224,51
135,161,44,46
63,106,198,136
233,114,223,34
38,126,193,160
255,23,49,45
174,72,11,53
28,143,181,163
84,136,218,241
81,146,163,205
158,145,26,131
205,21,43,48
21,98,206,255
202,73,44,0
162,23,44,16
73,91,209,157
70,154,9,74
59,166,78,97
210,84,26,30
27,143,184,154
206,115,237,102
240,154,219,99
176,39,69,0
103,173,68,10
35,100,154,204
248,156,246,74
180,123,221,23
83,112,125,179
74,168,0,110
81,144,170,213
134,166,108,58
34,123,133,187
64,184,132,192
215,171,227,47
214,61,0,90
50,113,89,204
93,138,160,175
180,45,32,22
74,162,0,14
13,96,165,248
120,196,87,64
0,129,216,166
39,190,122,192
205,42,10,25
177,32,28,10
47,97,197,163
255,147,247,41
178,0,0,71
200,0,14,20
189,80,15,69
235,7,0,52
167,70,0,14
249,142,241,53
129,185,133,34
43,177,117,207
151,3,23,40
91,148,68,41
195,155,235,9
53,182,186,190
63,181,35,26
170,31,0,0
222,61,87,39
126,205,65,84
84,113,62,112
130,152,37,27
0,124,227,210
255,92,191,147
246,6,0,38
28,140,220,190
238,141,248,117
78,149,47,11
86,192,87,58
56,162,137,191
206,0,9,45
255,187,142,75
255,63,34,15
81,158,144,195
190,175,182,107
0,145,186,230
197,136,255,128
181,125,181,66
78,223,100,64
162,4,20,73
107,163,44,61
44,136,184,205
49,123,141,136
152,45,35,80
104,163,72,30
120,164,57,71
32,106,142,157
194,152,251,109
42,132,173,196
208,192,193,61
112,151,88,29
39,141,132,193
143,158,35,52
229,200,255,107
223,147,197,41
179,25,0,65
200,123,188,122
250,162,224,52
67,171,60,0
210,223,224,42
94,162,121,215
170,0,0,41
170,56,0,36
122,116,3,26
57,109,174,190
255,145,225,76
130,98,76,66
84,201,176,193
176,130,205,114
67,162,3,0
36,185,155,163
180,51,0,72
130,216,79,50
226,7,5,48
167,28,45,12
75,91,198,204
7,122,137,196
250,31,30,69
195,30,0,58
237,165,227,46
255,126,255,40
148,26,113,40
7,104,161,168
184,0,0,1
232,33,0,17
203,15,0,24
208,67,9,0
47,125,112,196
167,59,12,45
194,71,251,80
26,150,177,157
85,183,50,60
77,115,182,210
92,145,90,68
84,135,76,70
67,149,153,154
157,48,16,92
38,122,186,246
234,182,228,98
163,180,236,109
216,105,124,0
214,151,225,133
165,4,7,74
212,30,0,40
207,101,54,92
246,154,233,75
253,124,188,119
131,95,51,15
141,160,62,75
0,113,218,182
188,127,255,83
95,154,53,79
56,70,124,117
159,57,16,111
200,96,225,77
19,95,157,216
233,134,221,94
214,161,192,48
250,128,7,64
248,68,21,73
198,47,55,118
39,175,0,95
60,121,153,190
210,195,227,69
221,130,230,79
138,15,36,91
199,86,255,108
139,125,49,57
233,32,11,42
255,186,244,132
234,29,9,3
190,41,45,0
202,80,21,51
94,171,41,53
117,151,17,27
153,0,26,50
124,150,3,21
218,157,176,124
128,113,0,1
227,162,203,111
231,36,38,59
217,100,158,149
172,84,5,45
231,153,252,122
35,108,170,174
0,141,135,233
100,255,76,69
194,8,13,62
149,191,117,68
207,132,242,108
84,192,26,51
222,128,224,119
202,177,229,109
3,158,173,198
229,136,255,87
158,30,28,32
101,148,93,64
189,143,191,131
176,26,7,14
130,205,29,1
98,204,87,21
31,157,158,237
77,173,99,73
27,124,105,195
123,152,118,84
153,0,9,73
252,163,255,121
80,150,143,202
187,158,250,71
206,136,241,97
180,117,205,118
59,155,139,110
135,157,62,114
62,129,195,175
244,61,47,93
245,209,198,79
64,132,129,193
172,138,205,83
134,103,160,78
163,131,28,45
131,105,1,48
31,142,43,104
92,131,64,48
69,161,121,168
119,202,64,34
89,133,130,220
60,148,170,195
97,198,80,68
212,48,0,70
151,126,47,56
29,130,109,197
207,145,255,94
152,178,46,74
206,68,40,43
240,131,255,70
210,134,206,135
8,94,178,151
16,155,174,154
116,148,131,56
34,149,71,51
195,109,215,158
95,138,112,70
210,121,234,126
233,114,230,132
104,182,75,63
182,170,229,108
126,178,43,0
88,149,97,9
134,165,56,9
170,18,0,2
99,187,48,215
150,132,0,41
182,41,0,51
104,118,88,41
195,0,71,89
222,96,242,58
181,133,206,16
94,145,140,189
202,0,0,72
140,21,44,24
255,95,209,68
66,125,204,249
32,134,106,193
192,0,0,27
221,105,255,82
207,21,27,0
110,150,166,185
5,163,141,160
207,162,45,11
54,139,133,160
38,104,154,195
178,14,68,54
159,36,41,26
243,109,222,96
236,79,185,70
102,167,82,42
222,47,0,79
179,35,30,60
101,154,67,17
228,104,250,105
233,38,22,22
220,205,244,74
175,0,21,33
218,153,255,153
67,192,60,61
133,159,69,23
152,177,53,96
89,157,75,98
84,148,105,51
216,20,28,1
168,8,0,25
58,138,179,160
96,181,58,5
79,180,45,30
157,144,52,40
243,108,241,78
188,63,60,0
70,170,18,103
41,127,108,175
38,193,141,147
229,0,21,90
34,170,128,118
187,133,197,120
255,67,38,53
179,176,0,34
105,228,115,64
200,195,242,77
229,180,255,66
7,121,153,187
232,23,37,0
122,124,114,83
171,130,236,89
255,186,221,64
255,137,221,103
105,235,68,51
98,119,41,11
148,15,39,92
151,0,23,65
121,188,57,51
78,190,30,115
46,175,155,213
255,156,208,95
232,146,200,66
255,148,216,106
198,0,0,13
255,154,224,124
197,33,0,0
0,130,136,167
96,226,38,57
26,99,191,213
209,164,255,70
170,6,47,35
130,119,88,66
180,33,4,26
232,122,213,118
5,99,128,166
101,128,59,121
220,0,24,29
36,160,232,178
80,171,71,92
85,159,199,204
138,25,77,33
173,155,255,117
17,106,131,148
255,135,239,142
0,110,144,149
100,105,167,167
138,187,107,95
219,166,233,68
188,20,0,46
223,169,255,71
220,193,255,85
105,153,104,41
56,144,148,140
114,126,183,187
228,133,255,83
28,156,171,165
206,28,20,31
220,111,229,139
103,173,82,70
210,70,61,41
159,136,47,23
255,151,193,82
61,78,170,190
13,145,122,189
132,112,255,74
207,153,255,71
69,166,69,75
223,189,214,73
123,244,69,72
55,175,9,39
83,202,12,54
188,168,240,72
71,180,41,104
174,150,69,42
211,148,238,94
101,152,14,86
192,220,51,17
82,170,16,91
222,2,26,74
38,131,186,146
194,145,220,81
213,42,31,9
70,201,163,164
244,122,227,102
115,123,60,57
178,9,31,25
89,162,163,187
141,56,39,8
66,157,37,44
120,96,72,64
65,195,47,40
66,123,84,68
61,126,21,110
194,1,0,2
228,0,55,46
0,135,169,152
116,199,0,21
104,194,0,29
229,101,198,71
153,38,7,48
176,63,0,47
135,0,14,30
24,189,170,231
93,230,12,1
224,0,0,65
52,93,161,188
120,145,182,101
134,0,12,9
20,139,199,248
178,56,35,70
255,159,250,101
98,133,14,13
83,183,180,136
60,143,176,150
198,178,193,73
94,179,45,105
252,120,249,121
168,59,7,0
189,31,43,3
99,124,174,128
93,141,69,23
179,198,5,104
107,121,126,224
179,155,223,163
213,149,255,105
178,49,58,2
164,91,0,18
136,134,100,27
242,171,219,90
75,137,129,187
44,103,178,166
246,172,255,52
74,184,80,57
114,174,41,99
65,144,121,228
57,191,162,156
95,73,157,177
91,198,61,49
255,216,155,79
196,68,40,56
49,92,192,193
104,103,32,87
123,204,7,40
190,159,255,48
209,46,39,88
107,211,18,77
10,151,135,80
55,137,156,179
169,130,45,115
181,12,48,77
179,142,147,89
228,47,47,86
123,160,73,77
119,188,64,66
102,203,39,98
79,72,150,170
191,35,9,19
215,72,255,117
173,58,32,71
150,0,49,48
203,188,220,105
72,176,185,188
106,169,36,18
50,132,146,186
182,76,10,75
255,60,61,13
98,180,80,52
14,76,101,179
221,53,0,3
47,122,177,177
255,98,168,36
54,103,122,165
239,191,255,128
249,206,226,138
208,36,7,0
114,185,81,11
190,37,34,0
55,136,118,221
242,91,240,69
60,164,149,172
176,131,175,121
143,43,20,0
199,191,255,82
137,0,38,21
56,191,80,23
54,174,62,79
121,128,66,101
0,163,162,255
224,111,216,76
203,129,226,145
104,151,77,54
190,0,41,63
151,173,49,34
201,68,46,40
98,137,33,68
32,125,133,168
32,124,149,243
38,145,48,71
255,0,87,76
233,85,255,108
11,118,201,174
60,133,167,240
30,138,180,172
223,108,215,141
151,9,34,7
117,193,44,34
30,90,149,176
61,105,180,206
138,70,63,12
108,126,182,190
255,169,198,127
177,149,255,110
44,186,188,203
85,216,9,74
184,111,248,70
142,25,0,26
242,151,218,59
123,76,43,30
235,149,248,57
109,181,65,53
166,170,71,45
139,4,12,109
198,180,208,104
60,133,255,191
217,46,59,28
117,199,30,39
192,5,0,16
98,161,64,83
35,148,162,194
46,55,139,185
82,181,8,75
197,168,239,122
165,57,0,27
136,162,72,39
184,148,246,56
83,186,61,64
220,29,25,45
251,115,184,66
196,59,21,0
209,100,254,76
184,0,4,77
156,161,45,35
69,104,197,158
247,94,6,38
209,56,40,40
170,103,255,64
156,137,72,19
133,227,64,82
214,9,24,84
83,135,111,189
226,91,199,112
202,51,45,9
91,107,84,82
108,137,73,32
30,150,161,177
0,150,160,132
167,61,8,16
36,125,142,194
0,135,119,215
53,125,211,157
133,161,12,82
176,75,44,0
213,21,18,85
255,119,196,86
105,71,181,156
107,116,16,58
202,0,0,18
169,3,0,28
130,135,70,125
184,12,26,0
132,194,76,55
137,11,0,12
168,33,0,87
66,196,72,36
199,21,0,9
0,119,139,201
137,188,99,19
213,124,223,75
180,27,0,17
37,180,96,176
228,90,0,33
120,53,0,67
233,22,48,57
103,143,12,65
192,218,196,118
75,204,26,70
147,118,220,47
200,44,24,57
17,91,122,209
228,187,197,84
222,166,215,113
170,127,198,66
225,129,226,56
239,129,240,89
8,146,168,150
173,50,33,72
255,150,214,51
73,184,41,49
242,39,0,14
95,173,30,17
221,101,238,94
102,213,80,84
112,209,49,11
184,0,38,25
115,194,4,17
218,33,65,100
39,122,176,184
83,99,159,169
92,107,143,156
191,110,217,106
255,94,87,0
190,185,234,65
220,57,35,36
14,114,234,127
64,147,34,159
94,180,152,197
119,216,97,66
0,148,147,221
185,149,70,114
4,128,202,168
217,45,4,70
255,203,221,96
46,137,127,223
172,40,43,8
255,168,203,80
216,155,248,71
175,23,21,78
195,44,5,26
0,90,146,148
52,130,177,170
166,156,255,111
191,124,240,51
151,187,45,52
205,25,29,33
224,38,47,39
55,108,198,133
65,179,174,206
186,0,10,10
127,217,67,72
255,119,208,84
135,137,33,33
223,52,10,48
159,79,0,41
90,111,149,234
41,125,194,148
212,96,53,114
3,130,115,205
11,146,227,208
136,126,101,30
159,10,15,55
199,23,8,0
137,165,13,47
110,133,74,45
194,31,31,52
171,0,35,44
221,33,16,32
119,161,56,66
131,196,24,115
212,75,9,38
96,138,67,39
184,41,0,37
216,133,231,91
253,174,223,169
151,0,46,28
148,133,116,45
37,138,83,210
79,197,74,24
189,191,247,40
249,24,2,1
181,26,45,15
255,84,0,80
222,169,193,63
58,136,145,165
162,112,233,30
181,32,13,50
39,103,156,181
171,93,238,71
255,50,1,96
176,0,10,5
228,123,223,128
0,170,140,255
96,28,15,41
229,183,169,57
230,159,255,108
77,153,206,158
176,20,37,0
97,49,43,23
136,189,96,44
95,139,38,31
163,73,12,54
71,142,56,65
154,0,0,115
164,55,44,0
86,202,27,56
52,100,119,176
217,142,183,74
121,61,50,83
115,187,77,36
199,90,168,84
74,131,123,228
169,29,30,59
15,79,130,202
151,136,61,42
119,162,65,91
83,203,45,64
46,176,174,223
127,188,58,55
247,164,255,127
44,119,115,161
85,131,150,197
96,146,118,5
123,70,44,52
68,206,47,84
192,40,71,51
61,135,187,193
59,96,144,165
205,169,250,68
10,108,109,140
185,4,27,0
131,220,73,102
62,148,126,186
231,44,13,88
228,147,212,101
84,96,193,233
114,162,106,199
219,36,24,41
255,186,205,104
248,198,193,162
117,116,92,115
224,139,228,64
181,52,17,83
166,140,39,0
221,160,255,81
14,139,127,151
79,152,194,204
31,112,133,156
225,154,247,148
192,118,204,75
41,184,179,120
206,149,210,123
73,165,162,181
177,0,50,35
41,187,171,199
116,139,135,165
0,131,131,178
211,176,255,79
255,189,167,53
204,24,51,69
13,91,219,137
45,126,167,212
142,131,56,62
222,8,13,0
122,146,71,27
74,157,29,54
109,173,38,94
112,173,43,61
152,54,37,28
103,186,32,78
27,190,141,221
140,60,0,127
108,131,85,42
200,34,43,71
159,17,36,3
223,115,204,105
83,186,46,13
83,121,169,180
147,47,82,52
132,174,4,74
52,145,60,44
93,200,83,59
177,62,0,67
241,143,235,75
154,101,3,3
168,161,38,28
196,120,255,103
121,205,69,19
74,118,157,152
129,55,19,1
211,30,34,22
179,155,251,101
76,159,21,13
110,211,70,85
161,28,0,67
182,34,1,26
138,45,17,61
47,162,116,114
23,144,116,188
42,211,138,149
154,149,18,94
214,112,217,76
185,62,14,13
231,36,47,61
208,110,203,26
129,129,38,54
192,99,211,107
136,177,69,58
222,134,229,135
72,227,121,138
255,168,254,104
248,121,226,69
245,167,239,124
152,117,96,65
121,205,52,48
149,143,99,69
67,102,194,141
228,123,230,95
196,16,35,15
29,123,142,202
0,124,152,181
197,132,227,65
198,72,14,70
116,135,70,107
124,115,89,5
222,48,11,47
151,166,42,108
144,134,63,8
10,84,155,244
255,12,1,33
175,179,12,109
70,158,163,137
199,76,15,23
56,198,186,235
242,48,42,60
255,158,166,109
222,87,0,28
255,138,181,87
115,203,40,27
236,103,24,70
32,144,166,178
222,61,253,142
196,110,255,113
198,109,13,83
3,47,135,169
129,133,37,61
223,22,31,63
23,120,163,189
59,99,184,214
141,45,36,81
167,77,0,44
106,112,46,54
17,105,172,187
35,123,134,187
116,189,94,0
197,111,242,139
82,195,76,48
157,255,79,81
18,155,179,206
255,1,0,71
255,170,247,129
82,108,78,158
184,36,22,75
229,65,12,0
255,100,228,71
218,172,255,121
0,151,211,160
71,188,47,43
89,213,44,69
94,128,150,233
55,130,157,216
145,44,47,70
212,14,19,33
0,205,209,173
234,179,245,103
154,31,37,27
201,16,54,0
211,65,6,16
95,107,111,221
32,142,176,154
29,154,166,233
239,146,185,116
174,0,20,0
204,67,255,112
120,163,181,183
96,156,83,74
63,167,58,74
105,127,50,20
226,160,255,124
36,127,130,238
111,199,70,29
196,0,0,43
72,185,44,21
163,142,237,108
255,142,228,73
127,176,105,0
209,81,55,8
188,164,233,83
238,126,211,122
123,132,163,107
247,131,255,79
152,89,86,79
226,46,0,68
238,200,193,74
233,132,65,8
131,166,32,95
237,110,235,63
236,178,234,158
0,141,133,156
230,162,222,118
234,150,229,95
155,29,54,24
6,108,136,192
241,104,229,114
42,103,124,150
24,117,129,177
100,177,37,26
223,145,180,113
0,180,170,197
221,126,202,109
44,121,146,166
173,36,0,33
98,134,40,55
63,115,178,127
244,99,197,140
23,216,114,191
155,160,107,58
53,118,162,163
189,31,19,49
0,166,117,196
211,125,255,116
66,109,149,255
114,131,2,49
190,33,0,68
72,171,61,30
94,174,69,49
145,130,204,108
42,110,182,201
192,193,48,61
106,229,51,36
138,201,57,76
143,122,255,104
39,170,47,117
105,82,121,209
219,34,7,14
126,132,94,92
95,186,213,198
157,26,58,0
0,95,177,196
66,165,75,47
39,86,174,222
83,195,94,53
206,167,241,89
160,145,18,78
67,190,48,41
196,121,247,134
77,155,50,106
129,190,76,86
255,193,255,97
42,118,111,213
10,115,97,157
119,250,42,0
136,52,0,0
194,62,49,73
85,160,84,20
82,145,65,41
219,128,210,98
66,120,2,86
165,1,0,103
174,0,22,21
18,195,162,176
47,226,167,199
129,174,0,42
171,116,15,90
29,137,119,222
100,183,103,48
152,94,9,55
255,180,220,114
182,147,245,131
206,130,239,64
198,169,229,83
40,119,155,188
63,94,136,218
198,95,236,72
15,123,164,203
140,145,43,86
92,93,92,99
102,96,83,75
196,26,0,49
188,140,226,101
178,91,24,63
223,159,211,90
209,26,0,8
240,150,237,79
10,101,140,197
89,133,67,75
207,59,39,0
82,125,189,184
19,49,174,196
50,183,155,193
255,182,239,91
162,123,255,122
132,179,68,92
174,153,108,88
95,140,101,70
143,118,32,55
227,111,204,102
187,70,4,64
240,157,228,110
62,131,122,199
154,88,44,22
255,199,214,102
131,155,28,86
187,0,36,0
123,127,74,5
100,95,119,54
179,16,0,62
56,114,115,212
217,62,255,61
180,84,63,42
41,203,152,181
197,109,4,0
227,132,255,61
85,181,50,80
187,86,216,78
227,149,255,126
226,124,193,88
181,4,11,36
18,154,182,161
96,205,0,22
163,64,0,114
237,0,7,0
63,144,16,108
178,27,3,87
203,35,0,0
197,81,211,75
249,128,190,64
208,68,24,43
17,101,210,213
73,131,150,162
196,58,0,64
255,103,234,110
0,144,157,217
159,58,48,107
199,151,231,75
150,73,71,23
180,120,222,112
60,147,60,36
189,131,45,36
205,47,44,4
62,188,234,195
143,167,187,109
207,18,0,26
255,146,215,83
145,153,46,108
78,129,155,172
54,67,174,152
106,91,145,195
90,161,67,37
86,153,30,63
217,43,73,1
60,187,185,188
229,139,199,142
245,68,62,15
70,136,140,134
118,153,22,33
184,57,6,46
221,123,255,77
96,174,41,42
76,125,181,200
255,127,196,82
62,115,88,80
90,64,155,201
73,89,165,194
227,175,255,106
221,68,0,65
187,27,34,18
91,200,86,36
232,168,194,82
143,166,17,23
204,79,29,11
232,76,47,48
171,0,53,0
252,118,243,61
202,116,34,35
163,14,0,20
190,28,23,88
197,161,225,117
120,162,56,50
34,166,128,171
84,206,145,189
250,149,162,90
64,126,157,233
255,162,161,79
255,136,191,63
246,184,225,69
171,153,255,110
182,35,4,42
193,125,188,58
220,165,237,69
103,188,48,57
78,181,9,0
0,108,161,197
99,206,61,75
0,93,149,163
203,122,221,60
207,133,42,0
5,133,138,168
194,151,251,130
250,177,239,58
211,0,0,39
41,140,77,255
255,148,237,82
225,132,227,116
54,156,164,221
141,176,50,110
191,58,9,51
68,140,89,255
0,77,168,163
75,175,36,57
73,174,184,205
130,132,112,93
158,52,33,74
174,101,59,35
177,71,66,76
145,33,18,79
117,180,18,49
12,188,74,61
95,162,52,58
63,110,179,185
255,154,255,122
176,148,239,90
101,255,44,54
167,44,49,49
51,183,137,174
90,178,25,60
124,87,54,91
99,157,59,65
228,77,225,100
206,8,1,55
79,123,0,56
88,103,49,59
28,153,167,161
19,185,201,215
176,60,53,8
88,162,108,58
113,182,147,192
220,187,238,66
118,213,26,26
148,137,1,42
53,71,176,171
193,144,252,61
173,32,40,60
207,0,63,61
14,101,188,209
151,126,42,0
215,75,1,96
150,183,46,83
132,23,55,80
34,191,130,160
47,149,175,223
14,103,168,170
169,208,23,29
255,109,198,130
186,75,20,88
38,161,71,38
119,121,48,31
231,11,17,1
110,173,68,12
162,125,244,63
167,0,40,47
81,122,129,140
165,192,15,79
243,120,229,56
239,112,225,78
62,170,47,60
125,143,156,199
185,43,24,0
255,220,248,108
112,204,66,100
170,24,47,68
204,57,0,49
216,188,255,103
210,135,220,100
33,161,161,160
205,3,0,25
62,131,151,121
143,152,45,59
127,101,135,53
211,150,255,153
163,134,61,42
32,102,72,148
186,36,0,74
193,122,200,71
255,96,255,99
217,164,235,113
215,154,212,84
189,14,7,35
49,130,142,211
119,153,175,199
144,20,0,37
2,215,139,156
233,80,18,94
87,184,0,14
226,0,2,3
62,124,171,233
5,122,190,199
24,110,210,143
233,43,0,69
45,151,144,164
121,155,135,202
59,125,160,221
76,114,181,168
166,70,0,5
89,154,0,63
80,114,209,203
212,53,0,28
84,141,129,187
7,94,121,205
122,148,0,57
79,146,103,27
255,160,231,109
173,55,37,14
73,152,50,108
64,168,179,208
35,80,177,219
206,124,197,79
196,148,183,47
90,121,177,202
189,109,219,100
0,86,108,201
89,197,34,36
153,124,39,17
139,178,56,73
200,105,145,126
98,165,7,32
13,138,170,171
61,137,81,59
60,166,72,81
53,172,156,235
163,0,0,74
104,131,221,120
199,23,104,22
255,116,255,120
213,56,37,43
41,129,187,155
100,183,10,104
100,69,122,187
178,54,0,0
0,149,193,182
109,177,61,92
220,38,66,33
221,106,255,100
255,176,233,86
202,165,163,108
157,190,90,119
193,170,189,118
43,118,146,166
241,92,17,96
181,36,18,25
183,130,159,153
62,161,97,76
161,0,4,57
77,136,141,204
26,139,162,180
47,69,145,225
184,49,59,34
87,235,66,9
21,109,251,143
248,133,255,78
77,175,36,78
179,197,66,12
90,148,43,149
195,187,255,69
240,97,244,99
190,105,201,93
88,135,191,154
25,151,225,205
228,150,228,140
188,50,43,37
68,170,12,23
155,171,27,0
163,192,237,132
250,32,43,77
71,111,139,157
0,163,99,221
83,103,172,197
58,142,90,179
216,173,241,153
204,31,18,40
182,130,231,69
40,138,120,172
89,180,42,47
255,133,205,90
238,154,255,59
187,43,12,19
174,35,34,14
159,74,27,36
150,42,37,41
5,47,175,174
187,46,0,3
179,44,49,0
225,32,18,32
28,188,142,215
141,140,255,80
114,148,20,45
255,138,255,98
131,169,69,45
195,127,239,117
60,129,145,148
195,0,37,0
29,115,160,194
201,152,254,179
137,160,67,46
74,133,119,204
163,0,17,52
58,164,95,240
177,0,24,125
118,156,20,72
226,0,58,22
169,35,0,57
227,191,217,90
189,0,59,67
80,138,45,55
252,95,228,98
52,144,144,153
196,91,220,76
49,138,144,181
203,48,21,47
30,127,169,155
255,143,239,85
101,107,38,66
171,0,21,0
168,18,12,77
149,196,90,54
79,165,128,217
245,158,255,77
112,118,28,62
239,144,228,89
138,187,69,60
48,135,214,162
89,148,102,0
141,187,42,48
159,141,255,68
78,151,27,76
151,112,43,58
226,149,205,79
125,64,10,1
63,49,124,152
123,156,83,22
129,144,24,19
230,166,210,88
179,193,88,71
128,196,14,84
230,89,0,46
134,91,51,29
73,166,89,240
6,127,160,188
65,162,146,255
150,16,0,55
129,162,53,54
216,69,228,147
183,36,61,35
175,179,5,94
69,162,100,84
123,194,80,74
108,183,94,28
77,105,24,13
188,7,0,3
143,123,189,88
221,28,36,6
195,140,229,93
238,125,215,85
79,145,162,185
197,49,63,25
168,124,255,108
255,102,249,89
203,157,240,73
206,4,54,10
164,42,25,58
175,0,32,42
87,158,57,47
33,148,229,202
255,133,255,105
81,139,118,199
204,177,202,91
22,201,153,229
177,47,13,40
106,215,38,76
180,98,220,124
79,149,184,186
102,170,31,90
57,102,164,165
228,39,83,25
207,0,70,32
235,205,210,95
9,163,153,190
217,67,32,96
68,176,97,122
55,125,21,63
193,53,18,5
93,105,230,232
255,153,187,130
91,162,63,99
47,89,193,158
237,110,255,125
211,56,0,15
232,22,83,37
209,0,0,55
255,99,241,104
198,129,214,75
239,14,43,26
250,138,188,107
231,0,94,10
91,181,105,38
209,165,233,8
249,72,30,48
54,145,142,155
215,26,63,32
169,25,42,12
206,78,227,110
138,130,25,39
255,139,247,115
30,143,153,170
64,128,86,171
83,102,165,166
230,18,32,58
198,89,158,103
57,100,135,220
185,64,32,0
114,164,108,122
7,146,178,157
75,171,64,85
74,191,106,33
223,120,191,160
196,135,202,118
11,123,108,162
111,119,25,108
171,198,58,80
60,144,57,59
82,126,81,34
201,48,25,18
64,207,92,29
7,136,202,210
97,120,76,25
183,172,197,123
210,144,232,107
165,100,25,86
101,115,35,57
181,132,92,21
204,152,251,39
209,65,95,14
133,146,70,48
237,49,0,44
111,171,76,121
56,124,154,191
125,104,93,66
41,71,177,219
255,17,11,50
219,160,188,96
255,146,211,162
255,135,205,99
82,166,155,223
192,0,35,15
226,174,215,121
54,127,213,192
19,193,181,198
33,198,116,67
165,0,20,59
245,165,166,100
132,180,29,84
113,167,142,193
82,173,200,133
226,134,206,79
129,138,80,86
36,179,126,142
188,192,188,85
205,220,46,104
98,203,45,44
207,39,0,0
80,131,34,89
255,38,61,21
60,143,189,167
57,131,185,230
219,166,249,113
221,30,54,79
95,192,78,55
255,117,195,103
255,116,216,107
42,154,162,199
225,145,222,111
0,122,149,191
109,200,13,57
167,195,36,35
63,118,116,174
73,137,140,180
130,157,17,85
207,74,6,39
170,14,10,44
198,52,68,40
255,12,0,29
232,156,238,128
161,55,29,64
194,176,226,61
42,162,146,213
41,167,155,164
251,166,255,137
38,146,184,141
210,91,250,97
157,186,68,88
171,130,255,131
149,70,0,30
90,136,227,144
198,82,15,11
235,58,4,20
125,33,11,33
42,118,164,203
81,89,185,144
18,148,127,193
28,122,153,222
57,181,212,120
113,153,29,44
226,162,252,136
64,111,175,138
117,166,78,54
203,41,37,43
150,25,32,74
0,121,101,249
22,129,198,209
58,151,78,25
138,133,21,116
179,52,2,40
80,201,79,45
108,164,74,89
202,0,55,27
24,111,157,166
41,195,68,100
207,155,251,89
216,161,189,79
76,183,52,54
94,134,107,229
129,93,88,69
141,206,63,23
86,135,31,84
200,53,13,17
161,179,72,67
181,145,192,113
217,163,226,112
255,0,10,26
146,38,12,3
163,14,45,64
247,115,253,111
185,0,0,88
184,54,0,8
204,0,43,0
177,1,32,78
235,176,194,78
77,168,50,135
205,31,43,0
72,189,75,98
176,132,221,84
202,98,62,93
130,168,29,54
122,101,52,28
199,91,216,65
255,130,185,106
76,166,191,246
115,181,96,82
22,143,136,169
93,118,126,159
32,162,136,209
147,107,18,44
222,15,4,28
44,170,152,159
239,74,255,105
68,127,114,171
