f1,f2,f3,f4
161,206,112,102
153,109,135,159
140,139,98,132
59,130,114,180
198,192,148,198
125,122,138,80
58,115,83,128
199,82,120,113
168,120,153,92
98,89,32,172
152,145,126,118
48,95,203,198
80,147,84,131
76,84,126,111
185,143,79,192
87,130,101,160
124,104,136,197
135,125,171,120
94,27,120,134
166,168,129,137
144,132,167,170
42,143,110,134
67,85,195,41
117,198,92,176
179,33,193,119
192,86,115,183
184,42,114,169
167,128,60,126
123,139,151,76
167,135,164,75
96,91,120,102
145,101,33,156
38,203,157,233
106,47,128,112
71,93,94,111
216,214,77,117
87,163,123,166
130,165,176,197
148,161,102,184
157,146,170,91
220,155,34,133
109,105,104,156
108,142,63,42
138,116,96,108
168,91,185,133
175,155,98,73
134,153,175,134
150,145,147,112
159,89,111,113
125,108,99,110
176,105,77,115
122,145,141,162
172,50,148,54
146,181,175,172
120,99,42,50
125,156,177,179
74,139,125,77
149,150,172,86
164,149,170,145
136,126,118,174
125,219,90,152
147,126,98,162
178,71,147,124
131,92,182,122
38,204,116,199
166,175,109,102
65,111,141,113
108,131,83,167
185,166,75,76
156,133,201,114
101,155,129,192
230,69,113,176
183,131,66,143
112,98,94,157
67,175,101,172
86,178,70,122
101,192,51,129
183,160,40,111
145,104,66,103
136,127,98,125
213,83,165,141
218,170,186,99
136,117,188,150
135,133,119,135
152,186,115,190
165,110,167,105
159,49,93,150
75,140,113,187
171,60,87,113
138,94,116,142
56,103,95,90
150,157,112,117
158,126,80,232
152,48,141,120
179,97,220,225
121,85,47,121
126,106,132,157
100,103,135,140
129,167,206,96
220,105,119,116
154,86,112,186
191,154,109,122
92,133,112,157
81,88,111,153
143,153,138,53
138,199,109,128
133,152,98,160
238,143,180,71
100,183,71,148
96,134,105,61
154,118,129,82
214,153,135,242
67,208,165,142
152,144,140,132
146,125,110,211
163,203,113,63
33,125,211,129
136,171,125,129
155,99,92,111
162,132,104,149
98,134,103,85
88,110,104,131
132,211,147,135
169,154,143,101
182,71,94,104
82,166,199,101
150,134,158,175
83,98,44,140
67,130,151,88
66,193,121,171
128,189,176,192
146,107,92,124
151,101,168,158
6,124,191,91
54,137,124,99
73,164,135,177
186,162,71,197
160,109,134,143
143,132,44,24
167,160,91,94
118,63,88,84
121,157,134,159
133,143,129,117
165,160,116,107
168,174,120,128
104,4,108,69
110,107,169,195
73,111,130,124
151,111,114,152
97,134,138,96
87,177,65,110
129,93,65,75
161,134,110,109
179,131,153,108
111,151,141,85
129,95,71,77
205,79,169,126
149,208,135,148
126,171,152,78
190,164,93,146
113,152,118,141
152,161,138,100
130,149,135,112
120,152,45,106
122,150,129,109
88,154,103,108
86,97,171,104
130,99,150,162
137,149,131,224
120,109,114,134
186,121,198,111
103,164,111,134
148,170,208,134
122,114,85,156
79,120,153,195
131,166,109,154
158,89,139,158
83,88,152,117
122,134,134,62
136,173,97,154
173,139,211,155
28,142,78,153
183,131,145,153
161,140,126,92
196,129,112,136
98,83,199,156
138,170,152,142
124,112,42,125
70,138,153,113
126,182,146,140
113,205,108,104
97,197,58,127
219,111,79,144
86,157,101,148
101,90,115,122
96,133,108,123
186,227,137,0
91,79,200,154
101,84,157,110
89,199,71,94
183,81,138,126
159,56,180,83
87,91,92,117
156,100,217,125
106,135,55,62
121,84,150,116
162,131,129,168
186,66,67,123
56,108,90,190
131,96,75,143
142,131,209,108
68,101,174,99
133,187,96,160
98,114,129,105
120,128,65,204
100,215,190,152
120,169,107,148
107,80,124,114
155,143,167,190
102,38,99,136
132,150,187,98
95,90,60,114
85,123,109,47
105,74,120,181
185,101,97,97
87,125,138,114
116,148,109,182
116,109,88,108
160,153,99,128
127,165,142,78
129,193,80,141
112,130,101,174
123,148,192,138
97,137,87,213
74,173,128,155
106,171,144,216
189,176,138,175
83,130,131,43
163,176,50,212
51,155,138,10
108,123,116,183
98,123,81,27
166,60,153,175
152,131,156,132
208,93,104,99
126,216,158,122
58,147,184,107
133,225,169,65
178,166,219,121
186,103,209,164
144,98,201,94
28,167,59,57
138,108,110,130
187,126,146,68
110,154,67,93
110,78,68,124
72,149,121,200
209,185,125,145
68,83,101,155
85,177,101,173
33,56,101,178
148,88,171,102
199,160,66,111
61,239,153,133
130,94,137,75
96,183,232,155
133,108,134,153
138,0,158,97
84,81,122,97
189,142,163,96
161,122,164,111
110,85,61,120
107,187,21,211
96,102,19,147
147,167,132,165
172,121,130,194
141,71,161,129
91,115,142,175
84,97,169,178
166,160,200,112
83,157,154,100
130,106,72,92
124,101,118,158
95,195,156,130
121,100,97,90
107,156,147,95
99,133,69,89
158,103,183,195
162,142,216,180
0,170,168,158
135,118,239,135
96,94,23,137
120,77,114,153
70,141,187,116
169,99,106,141
165,122,45,128
139,145,114,131
97,181,82,157
92,45,138,37
156,143,130,117
180,124,139,183
98,102,137,104
199,95,90,235
103,168,174,167
82,83,20,105
198,110,119,101
83,232,143,87
0,93,151,173
139,89,152,67
206,121,105,85
103,108,109,159
119,166,131,67
165,125,161,78
106,160,129,116
116,150,104,123
83,164,111,104
69,111,82,121
188,162,94,40
93,153,163,116
78,113,173,126
145,109,167,55
159,167,168,192
94,61,130,83
113,7,133,178
121,150,140,109
182,118,192,74
102,112,102,55
177,124,80,114
151,106,134,171
143,68,124,113
118,193,116,182
91,76,154,164
74,106,162,184
208,80,182,129
106,139,69,91
95,120,155,199
96,96,89,111
76,92,141,117
113,141,118,120
202,126,126,157
150,156,141,129
194,159,121,147
140,119,60,146
160,156,122,94
81,157,159,179
108,121,42,116
79,125,101,149
180,78,116,75
93,142,154,164
103,77,79,61
184,193,134,122
152,191,105,36
176,38,174,75
102,0,68,128
108,170,81,149
71,123,178,149
117,119,104,182
95,41,253,157
107,110,73,98
154,113,136,78
125,94,150,161
141,144,136,120
143,88,164,149
198,96,123,157
78,153,163,113
118,73,80,70
167,224,170,106
186,142,105,105
106,108,145,85
92,126,106,100
117,73,92,154
71,95,184,182
137,166,71,175
146,97,96,33
125,133,116,94
176,125,41,150
98,177,51,145
126,72,125,164
196,172,121,145
143,131,152,107
92,124,43,137
94,169,150,84
89,140,85,119
140,108,99,117
100,158,109,90
153,104,115,199
100,155,143,104
145,117,85,147
20,137,130,65
66,74,115,188
202,119,109,115
179,144,147,218
128,144,157,80
112,105,155,159
182,107,97,155
160,105,255,105
162,95,116,194
70,109,153,112
141,110,93,137
100,135,195,83
140,93,90,144
126,81,149,103
137,177,49,124
173,156,169,159
137,153,127,158
91,146,110,174
157,135,146,146
68,191,81,185
136,170,70,131
136,132,123,89
80,109,113,31
152,139,106,65
138,151,142,90
104,146,87,122
145,97,154,141
60,110,95,166
179,169,179,165
218,145,179,95
92,153,133,159
93,135,193,136
133,141,158,132
110,130,154,138
180,79,116,189
162,119,146,128
211,83,65,108
103,96,121,68
83,164,27,103
132,83,201,178
103,56,123,180
204,93,117,109
177,161,151,129
137,144,112,146
159,110,188,64
157,113,88,38
62,115,123,133
148,111,70,122
135,200,136,160
124,67,136,207
144,93,122,176
103,57,185,59
94,143,86,143
190,119,69,136
80,133,133,180
176,144,83,79
132,14,81,92
77,159,204,105
142,92,121,91
77,83,171,118
136,95,199,132
121,102,193,44
149,121,62,137
177,112,154,113
137,108,175,122
97,186,26,131
115,167,255,56
180,111,144,88
142,85,132,126
160,117,116,176
108,155,148,209
128,160,125,83
181,104,111,118
105,76,90,152
78,123,156,107
143,159,35,167
150,138,132,71
112,171,180,161
110,134,136,185
118,115,125,71
144,106,154,108
164,128,150,194
50,85,102,160
97,110,166,90
57,154,185,106
142,171,43,121
98,108,155,69
177,198,131,227
45,80,82,76
163,89,212,167
86,119,115,129
101,82,70,107
129,128,123,83
139,207,106,139
96,0,144,184
170,157,120,155
151,64,89,56
124,168,145,47
141,180,172,114
117,114,174,92
102,145,213,148
171,210,222,87
182,165,117,80
33,162,192,112
121,138,172,112
158,166,68,75
167,129,84,192
52,248,139,159
146,125,5,78
100,114,91,125
177,186,59,156
160,112,115,151
89,114,163,113
174,156,78,122
112,101,131,69
129,146,130,1
168,80,63,78
126,95,130,145
103,188,106,123
43,134,122,71
52,100,183,124
150,134,77,132
115,111,123,135
66,174,125,161
88,145,97,137
17,152,50,128
86,117,114,96
72,128,132,142
110,76,145,152
116,128,31,150
93,133,95,105
141,118,61,56
60,152,75,124
57,138,70,159
128,132,110,98
118,93,189,135
97,112,89,141
233,26,88,86
145,156,62,173
129,136,127,146
162,156,90,94
160,150,149,170
117,167,104,75
125,159,58,150
96,108,158,159
99,77,77,179
160,88,146,127
71,139,166,164
183,24,131,170
188,108,6,73
187,161,94,160
158,78,88,119
140,121,124,101
94,133,62,71
102,129,112,157
93,53,103,75
110,64,112,89
81,143,128,141
139,140,199,165
107,131,144,150
101,79,115,90
65,104,133,115
57,111,118,115
164,137,67,128
123,151,80,184
110,176,81,109
147,102,149,61
201,174,219,139
199,132,169,163
134,109,193,195
130,106,112,153
82,169,119,143
139,255,174,122
78,190,163,163
52,96,88,169
139,128,158,189
127,112,167,121
160,108,149,134
145,129,181,139
141,175,198,145
179,81,122,131
121,98,69,72
148,60,123,68
89,192,40,85
255,96,92,139
108,125,120,94
56,142,183,154
134,171,69,146
126,87,135,154
141,115,113,195
221,195,148,148
108,162,174,109
209,52,174,67
114,148,154,68
123,211,121,92
130,164,79,79
195,191,139,222
77,126,53,143
108,0,177,92
154,116,114,191
137,144,131,155
164,92,92,143
82,114,184,175
174,93,142,111
178,130,81,132
164,138,102,150
98,132,147,115
115,54,93,142
122,183,130,52
129,32,143,102
61,142,127,119
197,177,112,92
136,75,139,168
114,134,41,122
131,119,111,127
84,204,137,113
145,42,128,113
157,164,134,176
152,115,156,101
101,94,118,67
130,48,175,84
189,100,21,196
121,138,109,177
101,155,133,133
127,94,122,152
70,181,143,108
205,122,93,193
160,107,135,90
142,110,171,167
32,92,202,157
140,136,166,134
200,187,199,196
47,98,189,124
106,86,104,95
125,83,175,144
99,68,83,129
67,135,123,92
185,83,154,107
165,162,133,84
105,141,145,186
153,48,119,172
129,182,167,121
49,118,116,122
215,97,112,93
122,148,112,173
78,110,83,167
141,175,83,159
52,114,157,212
126,157,132,116
85,157,97,140
93,151,155,121
122,185,172,184
134,133,105,106
111,71,146,122
0,166,99,135
96,156,106,192
126,113,173,147
67,167,191,106
143,34,194,60
157,112,146,106
164,143,175,161
105,89,153,90
94,50,150,135
112,84,120,152
140,83,185,119
87,18,130,199
187,47,102,120
184,220,127,100
118,183,169,54
96,122,123,101
108,47,139,185
144,132,186,56
123,108,77,94
96,95,102,159
128,104,129,107
89,194,164,93
152,151,38,152
122,125,157,87
107,84,136,124
69,114,46,137
48,90,133,176
182,126,65,101
122,127,167,149
112,38,107,160
211,143,158,134
130,44,55,101
195,86,254,134
116,120,167,121
143,106,132,155
135,108,90,176
122,144,139,163
121,200,97,87
122,165,130,128
118,107,51,147
121,170,162,110
112,129,146,107
65,106,54,51
164,114,86,147
175,88,63,148
166,87,64,98
160,139,188,127
215,151,134,175
142,63,176,108
139,43,157,208
138,56,147,115
91,135,39,125
138,93,130,122
186,30,149,94
102,151,152,115
51,145,117,85
75,108,120,200
61,218,18,140
237,195,63,166
170,207,92,99
158,157,137,97
145,148,182,140
87,117,189,49
141,205,94,127
62,171,141,112
94,124,145,156
52,93,97,123
190,123,154,62
154,121,110,144
88,21,170,159
163,78,139,99
106,72,138,195
112,166,160,189
168,177,189,87
103,108,77,69
103,81,93,81
83,107,138,117
172,112,121,87
129,140,154,139
105,169,80,149
192,207,103,174
81,155,135,56
237,194,167,180
122,101,104,94
106,55,169,132
112,107,207,181
160,107,142,167
121,104,169,155
191,218,54,120
66,167,195,61
113,112,144,96
134,141,129,153
106,213,146,117
34,43,174,53
108,70,122,45
78,158,94,156
124,87,55,155
100,179,180,121
152,105,77,122
114,104,128,55
170,110,125,99
70,147,124,202
141,203,143,172
89,101,215,206
127,179,77,145
50,204,157,147
107,88,95,117
190,84,76,135
87,114,101,95
107,91,166,117
200,103,114,202
154,70,121,167
170,161,154,149
122,61,101,135
46,196,173,129
96,140,144,184
157,84,199,159
74,184,146,193
138,73,89,165
188,162,75,92
56,113,128,46
85,155,126,149
145,255,203,92
118,110,152,103
109,69,92,129
144,22,113,119
160,111,192,123
161,48,73,165
39,111,139,89
132,73,97,69
125,118,122,83
137,59,179,77
84,66,141,144
125,80,162,77
106,114,141,173
129,138,96,126
119,64,99,134
56,100,160,181
171,172,134,96
61,70,177,192
86,171,100,148
139,176,84,112
30,134,214,134
126,135,200,154
183,181,99,155
114,136,87,116
149,36,70,161
152,128,104,158
141,226,229,123
104,141,146,172
113,70,39,169
138,82,107,204
93,184,134,164
145,67,107,193
94,130,145,99
73,125,117,142
173,134,86,109
194,118,175,88
98,158,104,86
223,47,184,151
155,123,57,167
152,118,72,160
123,153,215,30
78,130,134,168
138,194,132,116
31,106,109,148
186,107,157,157
203,136,65,129
112,123,105,60
122,146,94,159
126,93,149,155
23,59,115,94
68,102,149,136
133,99,115,100
92,41,141,57
87,72,173,55
124,58,224,86
80,119,73,92
151,199,111,175
119,92,156,167
212,119,141,135
131,119,164,144
121,162,81,104
184,123,91,98
91,131,105,158
135,93,118,169
102,63,103,101
0,90,117,144
105,224,124,186
152,145,126,67
91,139,204,86
109,95,70,156
166,131,126,176
104,88,153,135
130,119,185,106
145,185,128,74
137,196,97,93
145,147,148,194
89,142,93,124
114,97,121,134
110,72,167,138
97,184,165,191
65,163,143,103
46,93,214,65
138,61,150,112
153,81,92,148
130,86,143,92
83,73,183,179
115,99,108,49
133,108,113,147
179,141,139,145
207,45,184,137
179,130,143,163
145,89,188,89
87,132,152,129
58,136,116,99
82,114,87,113
97,143,69,118
79,69,145,138
78,134,233,192
152,130,114,120
149,80,116,29
66,95,86,155
108,170,172,114
103,110,87,199
190,52,71,106
57,143,137,163
111,193,187,106
139,31,118,116
169,169,128,107
108,164,157,220
120,66,194,146
70,42,129,16
57,56,103,204
225,168,120,140
130,167,222,133
160,137,86,162
117,81,100,121
110,128,130,221
189,182,154,23
73,95,199,145
150,113,145,53
137,60,106,162
169,118,203,107
170,123,129,78
141,143,59,133
132,115,142,127
163,76,100,164
246,49,114,152
107,182,89,153
113,51,64,171
84,178,135,161
82,125,85,97
139,110,84,153
95,83,129,112
157,122,153,73
180,150,142,190
241,141,91,124
110,89,96,70
137,144,218,148
139,109,85,215
72,99,128,188
132,146,202,108
126,54,84,154
69,73,166,69
109,193,135,139
143,127,131,116
127,25,153,112
167,207,111,203
122,157,111,156
102,126,66,80
150,117,81,106
70,105,49,171
82,127,173,128
71,108,104,177
82,79,102,77
133,159,118,156
109,108,195,122
104,82,189,180
53,98,103,113
85,90,105,141
109,169,116,95
153,103,113,133
152,213,200,90
110,54,155,150
42,81,138,123
141,124,149,115
97,70,150,72
99,111,145,142
162,156,155,54
175,202,85,133
89,156,154,126
159,113,127,98
238,137,112,78
134,118,117,156
60,83,79,151
117,121,214,43
76,137,147,104
220,168,191,117
159,93,179,140
103,121,112,170
173,125,134,151
53,103,109,143
110,127,160,61
165,136,103,45
34,19,193,131
138,143,103,160
206,123,165,138
157,151,158,71
198,224,98,187
164,152,185,136
96,244,123,147
115,142,117,90
101,200,126,151
137,149,75,125
127,129,139,149
201,98,84,129
134,96,172,175
158,101,120,85
84,78,201,180
212,148,208,120
128,143,186,164
151,143,114,121
135,103,105,184
106,151,173,225
127,181,176,171
77,160,196,98
97,72,165,145
162,121,121,50
155,131,184,100
115,139,126,157
130,128,106,103
104,115,103,180
151,102,100,188
35,154,213,96
40,102,120,142
118,229,195,133
238,99,171,99
163,181,175,196
115,96,128,131
77,102,116,193
148,178,129,121
89,72,96,76
188,146,195,195
139,154,204,187
170,107,129,103
92,144,117,119
109,127,206,166
110,58,94,134
156,85,116,104
88,193,117,128
138,214,78,138
133,126,137,169
127,157,138,240
177,109,93,102
182,147,149,212
53,63,96,166
172,124,95,91
188,169,120,48
178,139,158,147
215,154,76,111
180,75,151,99
54,108,109,92
143,129,221,146
153,124,146,115
149,108,96,69
86,108,112,197
101,168,127,215
106,151,138,133
56,59,39,28
109,156,139,196
106,101,167,134
57,109,171,87
139,101,173,116
123,89,160,177
88,103,221,117
122,111,106,128
47,106,153,190
98,169,181,102
77,152,135,154
154,112,255,177
27,30,123,171
118,164,158,43
198,126,126,170
150,143,204,149
156,141,122,228
125,160,118,164
113,147,131,85
96,152,154,185
83,131,114,84
87,209,123,155
164,100,101,91
174,139,181,109
161,168,105,67
134,84,66,195
45,47,154,108
145,72,169,111
170,141,83,147
92,144,124,103
50,172,145,130
193,178,75,170
92,104,151,121
135,131,185,158
169,94,124,147
106,141,106,88
102,112,58,125
68,130,76,170
151,179,23,182
62,93,121,95
137,93,94,147
141,201,12,123
21,126,85,30
119,146,63,181
146,153,174,159
92,83,86,167
192,133,90,179
178,50,179,113
102,65,131,121
172,97,71,127
83,64,202,128
133,69,130,148
38,109,224,71
170,67,173,130
110,140,192,206
169,151,99,48
83,143,157,179
98,60,157,127
185,75,138,36
42,140,69,88
80,123,83,80
107,203,160,156
196,87,73,143
157,187,167,172
122,83,124,56
149,19,65,168
100,84,69,154
218,131,141,60
151,150,178,98
124,178,161,122
122,194,95,156
123,61,157,109
183,115,145,91
119,110,93,81
84,87,151,184
148,143,139,83
91,94,179,89
114,173,157,94
114,136,95,138
198,128,154,80
73,155,160,67
200,88,108,150
159,194,90,135
146,178,107,158
106,146,58,120
68,99,175,181
83,191,121,170
143,137,55,127
86,141,149,144
127,134,61,98
157,69,167,92
98,177,168,118
189,154,104,116
168,124,101,110
49,111,46,118
155,148,133,93
206,150,89,167
221,181,146,135
122,126,98,171
97,157,151,168
138,119,75,101
168,222,106,160
128,79,171,73
60,137,165,65
106,127,65,48
115,127,43,109
90,145,162,129
131,161,155,123
127,121,150,100
114,127,139,119
157,139,142,141
137,62,200,69
135,199,168,100
70,140,140,63
158,175,106,92
122,136,96,166
116,198,136,95
127,153,41,126
139,146,89,155
194,176,74,154
89,120,148,145
113,109,119,133
142,132,64,169
174,88,135,97
222,81,131,139
110,71,187,103
147,147,118,134
141,105,194,144
180,117,89,93
89,121,139,152
78,120,188,163
148,124,215,119
74,194,210,113
81,113,100,124
110,135,95,152
110,107,31,144
99,140,145,77
105,69,93,103
154,122,109,80
23,140,174,106
46,93,81,87
93,92,149,87
126,142,48,151
189,71,156,157
106,85,91,74
109,141,143,109
113,161,93,129
107,102,127,119
201,143,156,185
126,131,193,123
182,117,99,158
87,108,129,159
145,109,140,75
79,188,182,120
153,92,115,144
67,86,39,109
147,143,112,125
164,118,98,182
41,93,187,121
182,125,153,152
128,100,135,137
212,153,180,164
185,100,136,126
87,69,124,173
56,79,112,197
218,161,161,225
179,144,137,87
19,164,119,172
165,124,129,134
186,99,5,131
51,105,143,188
100,70,58,156
145,122,83,100
121,122,69,147
131,149,156,97
144,176,167,111
102,157,163,109
143,119,97,121
133,69,44,50
100,159,135,158
69,116,103,157
61,91,176,88
97,61,165,145
82,143,76,155
145,67,121,83
104,140,99,116
107,172,58,105
145,140,121,26
142,159,78,197
91,109,81,116
135,169,70,122
109,205,179,142
100,186,145,160
203,162,119,164
163,180,78,170
176,125,120,129
86,126,141,178
158,162,124,149
223,85,102,174
100,87,73,104
117,103,137,149
106,22,164,100
156,88,123,184
101,172,101,161
163,154,187,182
172,89,163,73
147,68,154,91
114,118,113,94
186,141,95,118
191,122,161,152
122,142,136,121
97,81,60,127
184,141,112,219
67,119,100,65
106,189,189,101
117,81,137,66
51,99,51,110
142,135,131,140
109,126,56,118
35,119,84,87
144,82,82,116
44,132,108,5
162,69,178,141
79,163,57,80
198,116,130,93
61,170,212,100
149,237,99,176
153,119,115,173
149,179,126,176
164,75,169,183
102,102,104,86
162,172,52,119
103,122,38,114
161,215,130,69
202,126,59,67
156,90,193,99
122,151,133,171
80,34,130,151
139,57,151,130
145,88,185,128
153,135,165,190
127,104,60,42
166,119,33,50
87,107,181,71
138,134,73,135
67,148,93,158
114,92,82,186
108,190,122,144
77,226,140,106
142,161,155,119
146,141,112,131
133,42,130,185
107,113,85,224
168,132,114,89
181,104,39,85
107,133,162,176
168,31,149,118
141,240,116,134
105,109,98,86
133,136,76,166
86,64,118,157
117,117,92,137
33,47,117,187
90,165,23,82
146,230,57,114
144,107,113,108
86,101,94,101
70,122,62,106
115,250,103,122
142,137,120,171
122,95,156,105
170,148,129,152
100,112,155,48
71,126,180,133
95,36,108,207
105,117,132,132
87,86,117,162
147,89,134,139
145,215,103,221
199,171,137,145
92,150,114,120
189,144,77,154
138,55,132,43
105,212,85,143
37,82,99,81
87,211,88,53
116,166,209,129
133,97,115,166
45,149,214,194
125,78,151,152
182,161,95,147
130,137,151,98
21,174,160,174
120,111,209,187
187,215,115,82
85,159,151,100
106,101,181,161
169,48,62,77
147,80,103,88
150,207,216,117
94,107,106,110
66,141,147,186
44,117,145,126
145,90,131,227
96,156,107,84
121,173,149,119
174,62,111,121
43,59,136,192
53,81,148,161
106,105,68,123
189,135,147,143
164,155,155,203
168,134,127,28
74,126,165,197
173,125,186,97
176,122,166,77
164,100,69,138
156,195,171,115
61,112,171,113
152,102,138,117
177,112,128,41
34,102,186,100
85,151,111,138
151,73,162,122
145,223,150,111
155,153,197,188
114,40,131,120
106,85,173,124
151,86,135,67
91,125,90,99
58,212,156,67
10,89,104,161
122,197,54,214
91,176,143,150
97,77,93,161
84,111,149,109
153,75,137,105
132,70,130,107
108,137,19,122
60,98,129,197
192,80,159,128
72,30,102,127
125,115,78,183
127,102,130,127
122,50,145,209
110,141,147,122
37,100,50,159
220,89,98,177
53,123,36,63
55,75,204,136
104,48,135,167
63,158,141,102
98,156,184,134
153,174,81,161
180,155,196,79
210,127,196,155
214,106,151,86
68,164,122,144
168,183,143,89
166,94,150,96
126,190,174,140
95,174,166,98
114,143,51,201
113,141,152,114
106,128,105,93
131,127,111,140
73,201,146,150
141,63,150,44
143,149,150,62
152,102,190,175
133,88,120,153
166,172,79,196
161,164,111,150
75,114,94,98
161,75,166,128
119,165,155,194
86,125,168,156
156,120,187,114
87,150,185,165
146,135,149,146
149,132,128,104
74,161,196,78
122,59,133,149
128,141,110,162
95,131,183,148
83,169,143,134
160,139,50,177
131,178,169,161
104,131,149,182
69,117,19,179
98,180,188,162
89,170,142,155
84,112,148,195
178,109,110,128
146,150,95,122
158,151,144,171
66,83,94,179
180,140,85,94
88,114,136,126
61,221,178,120
189,92,55,158
123,73,193,105
107,149,142,136
154,116,120,110
103,157,93,122
117,123,157,116
156,237,96,116
142,160,81,98
128,95,68,170
108,189,156,67
99,193,1,128
185,151,120,165
117,109,119,143
70,150,181,45
63,155,126,83
171,102,76,132
109,96,54,69
157,129,141,185
92,136,83,120
94,121,139,85
97,118,90,169
151,91,188,135
110,128,201,151
154,95,163,179
129,114,130,200
169,210,135,174
132,135,163,105
100,77,133,113
156,107,132,97
137,94,161,78
172,173,59,132
179,102,132,72
67,104,171,69
98,132,62,207
171,122,65,215
96,147,69,108
180,158,244,203
153,125,85,120
137,68,140,154
187,146,170,104
190,233,71,165
100,161,74,255
147,135,204,111
160,217,82,192
167,106,111,103
74,165,92,109
155,76,101,173
110,91,199,143
147,153,136,107
168,111,83,116
221,132,117,78
137,141,130,149
108,217,124,246
93,161,188,124
120,75,141,88
117,167,139,109
108,127,91,146
168,204,14,10
112,152,174,193
115,112,97,196
149,113,148,173
139,151,174,129
169,115,55,144
136,169,209,180
88,153,195,167
71,130,96,109
227,149,156,135
66,194,156,143
170,117,140,169
137,131,124,130
162,115,110,142
161,137,167,168
138,76,103,127
103,203,101,114
162,126,138,90
36,157,105,100
61,43,151,171
93,64,84,103
141,210,102,144
82,90,112,139
130,63,99,142
140,106,156,169
117,146,215,116
149,207,140,137
204,255,134,135
111,172,154,141
145,103,76,37
74,152,145,48
140,149,138,103
85,191,149,155
126,127,94,115
190,150,139,118
64,114,77,88
180,106,143,121
109,137,138,103
162,102,106,95
158,90,62,149
174,183,122,87
140,115,117,171
66,166,94,147
120,52,160,157
73,60,149,148
106,150,100,67
135,93,147,151
75,58,126,123
97,61,165,150
139,135,181,71
52,83,152,136
222,235,157,116
129,116,152,44
112,138,156,130
131,111,161,108
205,180,156,156
176,119,134,200
104,138,144,42
142,147,166,79
89,65,124,131
46,183,44,133
161,66,214,78
127,110,110,127
93,109,137,182
176,191,118,93
157,80,39,71
130,90,161,187
158,86,141,157
91,102,192,163
68,33,142,150
173,177,73,173
182,114,223,116
69,184,98,255
28,49,106,159
108,91,103,110
116,46,68,178
138,145,144,56
99,84,136,153
129,140,42,119
220,85,169,156
111,193,120,144
123,49,101,86
130,61,138,86
147,121,133,92
135,223,105,147
156,118,175,89
155,96,116,171
132,106,73,167
149,160,156,177
110,211,146,154
109,188,66,146
136,158,170,117
127,81,182,60
168,86,69,101
174,162,98,90
64,15,190,57
135,241,129,181
125,107,120,150
139,139,98,55
161,60,92,89
131,112,133,131
115,147,132,54
158,61,92,71
123,228,145,125
139,145,80,117
151,183,110,105
160,90,115,163
101,168,146,118
178,138,79,104
114,193,107,158
159,165,170,137
114,171,143,98
80,215,111,129
88,131,34,81
174,72,134,122
163,130,224,73
54,87,185,209
169,150,145,133
90,84,104,173
149,184,92,128
175,145,153,99
120,91,185,106
169,60,154,98
168,189,133,115
149,209,112,163
109,138,107,117
115,144,201,114
111,116,170,197
37,135,186,49
172,117,150,82
161,83,136,123
146,122,147,172
58,36,106,34
103,109,128,130
185,85,98,174
140,109,163,110
93,93,89,154
74,119,69,75
168,96,100,150
161,146,200,101
75,101,132,132
72,140,75,157
149,170,124,147
54,154,87,95
133,127,85,177
136,117,162,161
81,172,76,184
32,76,77,88
135,178,28,212
179,76,132,89
34,88,95,188
127,70,74,158
116,80,81,220
42,146,157,163
189,104,111,185
138,179,76,89
78,142,168,119
79,113,41,110
69,182,134,169
106,139,167,57
130,114,129,76
105,176,149,158
63,97,113,159
88,159,84,162
85,125,59,87
118,96,82,215
144,50,158,119
104,157,89,126
65,180,145,179
119,135,122,151
80,94,142,164
142,153,145,145
56,142,91,108
87,152,96,131
156,142,134,93
136,74,140,111
162,32,124,165
128,138,114,181
98,104,206,115
49,82,122,103
84,138,124,124
192,181,162,165
115,144,170,67
75,1,91,154
108,161,101,131
125,112,174,212
125,120,91,108
89,125,158,146
160,209,82,99
134,103,119,127
117,87,152,202
145,102,97,162
105,105,189,122
110,181,59,100
118,94,167,147
106,161,140,108
144,113,115,185
122,126,155,173
218,0,118,146
113,118,195,171
175,194,108,121
60,107,125,71
98,104,132,217
101,181,158,232
158,206,150,144
134,75,137,127
133,134,117,156
138,107,116,159
100,71,162,194
96,116,113,144
116,187,114,39
130,46,171,187
89,137,144,162
111,142,152,117
202,32,103,151
117,102,57,140
108,129,196,143
128,208,196,138
84,118,102,150
93,146,68,103
118,104,145,194
86,106,184,56
51,98,136,232
191,139,59,239
138,130,124,85
121,167,142,152
93,129,77,132
101,133,111,206
145,107,123,186
85,62,121,121
52,111,165,205
149,67,119,105
201,170,149,157
189,135,107,188
32,180,174,174
160,136,171,202
74,65,84,96
165,111,163,115
182,124,172,105
133,46,91,75
75,82,114,160
250,105,72,227
131,46,174,108
127,156,142,39
131,94,110,106
146,106,142,141
128,94,177,84
114,158,221,139
118,145,93,132
179,84,217,139
137,118,108,142
164,165,173,138
131,60,99,98
131,89,168,126
87,111,104,79
221,181,115,126
151,87,149,169
118,61,166,104
149,104,196,156
68,162,137,114
203,175,104,104
101,150,149,212
71,70,108,131
141,145,201,117
141,101,139,127
81,155,135,182
100,159,99,71
158,54,105,105
166,90,146,110
112,112,91,133
108,162,160,82
140,186,159,135
151,173,126,165
157,0,158,183
137,108,184,131
159,118,61,133
144,128,185,120
108,173,61,81
87,223,98,115
61,177,159,106
121,110,30,88
133,143,68,162
173,106,127,98
89,154,91,162
145,93,122,122
153,184,96,95
139,55,110,144
166,101,75,153
130,175,134,210
154,143,45,131
189,81,153,82
153,57,155,98
115,91,184,144
55,41,80,118
72,78,151,96
102,51,181,120
102,137,96,142
108,144,144,91
84,107,121,214
136,151,133,152
96,198,195,133
193,178,112,110
0,105,105,105
79,78,23,98
90,152,104,210
144,125,139,146
153,161,151,129
107,164,171,202
188,76,41,63
191,88,59,114
136,170,87,182
218,192,43,123
146,156,186,160
157,163,38,111
131,98,141,135
236,184,169,174
83,108,114,236
111,53,128,87
92,151,67,94
103,47,76,173
77,23,206,94
167,186,161,127
128,165,43,208
102,93,133,168
123,100,111,121
92,161,70,112
163,66,187,131
238,130,107,143
115,113,148,127
205,125,223,130
103,122,81,147
91,210,146,133
108,104,109,124
125,52,178,124
78,120,82,145
93,149,171,124
205,100,119,122
96,73,141,83
152,98,110,66
149,139,166,143
147,179,118,75
181,64,131,157
124,115,228,139
174,117,156,177
155,97,131,139
140,110,128,113
205,175,98,152
87,161,76,167
118,67,10,147
68,185,95,80
80,169,128,171
120,129,129,159
87,152,164,46
142,137,158,181
126,107,75,163
158,168,98,161
115,114,59,137
127,163,157,129
110,177,135,154
140,222,100,156
79,82,131,35
126,162,185,144
28,123,211,87
164,143,175,118
205,79,166,115
103,100,122,227
117,143,115,140
68,107,98,27
184,95,132,113
62,150,76,144
149,114,78,119
156,112,71,137
112,29,144,89
177,92,104,88
113,108,55,77
116,93,130,113
122,114,104,78
148,95,140,137
132,94,37,127
100,188,131,178
197,113,102,133
105,88,168,105
103,109,104,88
162,143,61,91
119,122,131,112
116,79,72,43
118,117,157,152
121,88,130,185
131,27,112,82
156,162,80,183
168,20,129,131
136,177,101,124
124,111,81,95
66,155,88,96
103,63,197,183
70,110,110,69
132,194,157,62
162,92,167,78
166,137,130,138
151,187,24,194
89,69,228,138
115,133,165,80
131,58,38,31
132,131,149,105
57,185,183,104
98,120,85,188
152,59,105,146
106,149,167,172
54,152,153,131
61,151,117,187
113,210,109,182
109,137,176,139
80,137,154,146
83,74,177,160
121,139,149,147
76,135,130,62
127,146,71,117
156,96,204,68
84,121,0,179
139,152,138,84
168,109,112,164
158,145,93,112
90,166,116,61
92,99,146,91
66,86,165,205
155,116,112,139
112,83,153,124
77,154,87,124
130,91,137,75
96,159,144,132
76,129,111,69
185,84,140,180
150,119,91,117
122,157,143,137
98,167,71,164
145,111,93,91
123,157,59,209
191,133,126,97
166,46,188,169
184,141,76,66
127,108,49,130
120,110,146,52
162,131,137,140
145,122,106,102
95,105,120,135
97,70,92,77
123,127,150,61
140,83,80,96
113,106,149,196
118,72,191,149
135,177,98,126
146,139,46,46
139,106,37,167
128,165,94,117
186,135,100,112
221,152,149,140
118,127,120,70
139,139,146,109
109,191,108,79
196,156,123,104
153,144,174,90
150,150,118,150
186,83,68,136
117,122,26,136
173,100,122,100
152,73,125,92
102,100,166,176
65,34,62,162
148,90,79,199
142,101,138,75
119,102,91,203
100,117,141,152
129,57,118,71
119,123,127,112
155,169,127,148
170,140,99,136
156,139,184,151
89,59,39,75
65,150,135,96
141,76,132,195
90,62,170,126
125,117,150,68
63,104,121,27
173,109,161,182
222,137,112,144
102,180,101,60
94,112,89,185
137,44,187,84
137,137,157,216
57,111,115,145
139,96,175,145
104,212,185,129
156,125,151,166
105,86,143,111
135,166,195,126
25,78,140,135
136,189,139,159
132,83,139,153
121,65,123,148
61,161,187,111
207,93,74,122
74,105,116,66
166,116,126,133
158,135,199,113
161,111,184,96
45,126,162,202
151,125,110,170
116,140,72,123
176,112,54,131
68,79,154,150
100,113,133,87
159,148,198,111
63,87,51,105
149,110,129,149
101,140,170,126
133,94,139,75
234,88,217,116
207,71,146,113
154,231,130,142
144,129,125,142
154,70,116,123
141,95,85,142
91,121,104,99
53,107,114,112
42,145,151,166
84,116,151,99
142,140,152,196
106,80,66,174
145,101,152,131
75,178,161,101
135,64,152,128
177,175,158,21
141,136,134,111
226,187,212,122
117,138,188,98
84,116,117,163
177,141,120,117
171,112,131,91
73,90,106,85
91,165,104,122
141,117,129,164
106,125,110,109
131,122,122,68
123,62,144,115
87,190,153,91
197,135,107,115
120,119,105,132
158,185,195,113
180,65,117,147
126,111,207,134
85,138,64,76
175,92,163,192
99,119,72,28
153,201,135,144
141,106,157,72
95,87,167,150
162,152,68,156
210,84,82,142
118,153,163,51
110,85,91,126
106,118,141,122
59,108,181,173
110,65,199,153
87,98,96,161
190,69,122,115
201,120,177,156
147,161,230,177
147,95,155,75
165,248,108,99
106,106,102,65
150,159,155,34
123,147,164,144
151,41,169,115
102,153,184,96
82,122,164,164
163,172,114,214
116,162,101,122
143,129,134,86
18,183,137,100
127,139,59,125
148,76,139,48
155,52,92,175
92,120,189,139
91,143,88,151
186,164,35,202
86,97,177,56
201,104,124,77
181,44,97,102
154,132,88,97
82,95,78,144
151,152,102,161
134,173,184,173
177,154,143,122
166,129,184,122
81,108,220,133
66,176,184,120
175,148,73,112
165,142,45,176
163,139,208,201
95,140,118,62
107,182,103,162
128,153,76,242
168,144,52,96
122,185,68,169
89,51,169,103
86,73,185,155
135,88,110,92
151,77,162,161
144,191,140,101
136,146,113,65
99,60,135,82
75,174,141,132
112,183,196,66
36,135,56,116
105,186,179,157
115,97,79,91
138,165,163,156
74,107,113,94
137,76,217,145
73,81,70,99
121,126,93,156
123,178,114,50
76,185,185,154
45,148,90,217
110,197,96,136
186,131,148,62
184,119,127,138
105,191,211,128
157,164,162,75
143,167,116,84
121,94,206,114
106,109,87,180
154,236,122,185
226,138,151,124
137,94,123,146
149,121,78,149
143,145,168,101
62,162,125,97
184,171,105,200
163,124,139,123
97,138,186,85
74,209,108,77
97,131,159,119
75,128,128,136
163,44,38,111
137,99,58,138
37,120,193,99
82,78,75,130
84,127,122,148
106,114,195,112
117,125,82,104
80,80,117,167
55,133,85,143
54,105,67,100
9,158,122,145
107,139,114,118
120,171,92,96
98,60,140,116
57,113,82,75
123,147,172,67
107,155,137,117
157,149,159,60
88,97,128,129
178,71,33,137
199,193,102,104
122,118,191,131
65,185,96,67
181,120,154,124
221,155,114,112
132,67,197,101
124,105,106,161
124,127,122,127
121,112,137,176
122,111,146,187
160,56,165,95
162,51,102,124
158,146,160,126
121,154,111,116
99,162,80,172
137,116,102,45
163,163,171,190
111,39,71,167
146,80,195,174
149,110,170,145
206,155,43,142
122,162,231,163
167,138,135,131
79,121,151,106
86,87,134,135
168,119,209,94
103,85,121,69
96,55,176,162
134,85,152,37
157,105,131,133
182,136,135,182
169,152,68,53
217,76,152,125
119,142,130,231
80,104,145,50
118,90,127,163
119,116,136,157
234,63,201,159
161,216,81,164
135,110,63,36
179,127,127,146
76,98,137,57
127,78,46,120
140,113,97,111
138,95,119,105
119,98,172,134
90,139,103,54
204,99,171,151
141,83,166,189
193,130,80,95
129,103,180,126
68,161,142,120
102,150,180,145
113,65,153,237
111,125,168,144
157,162,128,128
152,55,125,141
182,145,122,170
120,120,88,190
54,77,17,127
129,77,117,90
187,101,116,151
78,196,160,100
99,95,134,68
144,102,158,147
177,74,49,136
153,96,123,141
134,103,129,82
181,192,176,148
150,145,163,141
135,97,153,117
98,150,95,148
180,28,48,8
164,136,49,121
78,154,232,139
44,115,87,96
119,118,146,110
142,187,113,79
154,90,152,149
163,165,161,111
149,136,164,133
133,68,180,95
154,96,129,173
50,117,140,44
81,85,53,182
110,131,162,114
106,113,221,162
148,147,88,130
169,163,50,112
57,175,100,109
125,67,163,124
83,119,121,138
170,175,112,189
125,134,168,115
133,88,116,102
85,160,116,149
127,40,77,94
44,137,156,42
151,124,129,117
153,136,69,101
93,120,194,140
48,24,104,188
137,101,122,157
49,129,143,69
150,134,103,145
167,181,150,88
131,191,113,112
96,121,130,192
170,122,103,166
96,188,83,174
117,138,178,67
113,76,100,55
113,118,140,140
114,185,109,96
175,142,140,143
152,151,234,91
84,218,56,187
144,106,130,134
138,86,128,55
141,108,147,127
143,143,77,124
45,168,164,106
101,77,123,121
180,140,99,148
133,157,65,136
69,190,113,83
147,151,135,180
94,182,62,146
91,151,107,164
136,156,143,155
98,78,117,119
115,96,140,123
221,114,138,57
153,106,113,105
122,114,130,153
172,117,183,111
179,86,144,160
216,173,133,139
151,135,65,174
147,155,150,82
166,140,66,148
119,85,126,188
123,181,114,67
116,122,95,206
82,175,53,42
162,142,190,133
70,64,168,118
107,141,60,50
175,152,162,105
212,176,136,133
255,148,172,163
157,174,106,202
115,95,119,178
84,99,154,106
146,215,76,52
163,119,116,25
149,152,188,103
179,143,154,106
150,145,96,126
183,167,24,63
200,98,94,127
153,159,146,147
122,121,161,133
68,163,139,116
103,95,92,111
59,83,134,210
112,128,126,119
116,124,118,95
88,194,95,76
157,149,91,63
144,194,127,170
137,117,144,160
183,158,90,112
59,127,153,181
109,161,185,153
14,57,120,103
109,139,11,182
46,126,184,194
95,128,54,160
112,90,124,103
157,100,127,116
139,135,153,51
155,143,107,75
135,172,151,123
174,85,102,147
114,147,112,121
163,115,106,135
79,163,77,98
85,115,127,205
91,210,167,106
118,157,68,125
73,103,92,140
129,191,133,97
106,86,160,152
97,174,198,115
155,126,0,233
106,76,159,129
89,138,153,134
165,88,71,133
105,187,70,113
100,140,141,52
68,159,129,212
112,148,178,123
136,86,174,140
1,142,157,145
134,188,123,152
134,157,103,183
77,97,171,211
75,96,187,171
178,160,129,216
114,106,123,72
65,177,140,112
104,6,143,135
103,179,167,93
139,140,105,174
189,108,111,201
179,208,31,110
101,71,147,98
192,130,82,122
199,169,165,95
118,93,113,77
131,97,177,184
137,116,23,177
120,154,140,172
150,159,78,18
135,126,102,35
76,100,120,142
85,86,98,117
190,140,63,125
85,147,184,95
146,73,193,111
127,89,153,106
218,105,157,14
136,129,149,140
217,157,151,146
83,166,137,181
119,140,165,202
100,172,57,163
133,104,120,133
111,79,110,63
62,199,191,160
98,125,167,138
159,126,44,156
53,136,132,125
174,142,75,109
203,193,169,99
116,21,82,82
57,95,98,118
97,127,115,113
156,143,173,155
143,146,100,125
204,220,87,228
102,211,86,213
147,143,132,175
148,150,194,151
177,161,117,140
213,126,164,143
116,108,131,78
130,134,157,106
131,179,139,110
113,93,81,44
93,105,114,123
105,176,143,106
143,218,89,119
100,130,145,135
111,115,129,169
114,87,135,146
84,92,98,192
144,181,45,123
157,118,177,69
134,128,205,129
124,123,118,81
138,82,186,72
77,164,180,162
132,95,162,157
200,215,134,72
73,126,119,49
133,125,108,70
148,98,120,88
136,121,109,108
160,165,227,182
148,136,139,155
73,84,157,139
111,172,141,194
123,96,142,124
134,129,123,157
85,150,67,174
45,127,128,93
97,231,92,129
114,148,91,178
76,129,96,102
156,129,156,182
124,135,123,82
136,143,160,155
172,115,116,137
87,105,45,163
111,174,90,142
137,108,84,141
99,194,183,139
99,128,60,65
166,167,79,162
162,150,205,170
143,207,82,204
193,89,127,158
154,71,127,200
211,114,136,153
192,149,149,99
184,168,85,134
117,100,125,174
135,111,112,107
121,98,163,105
115,158,134,122
162,126,153,173
155,163,175,141
87,92,60,174
178,230,120,103
128,148,97,180
132,143,150,172
163,188,49,160
99,172,170,108
142,139,171,83
110,80,146,146
155,158,133,130
133,203,127,91
126,218,200,128
186,79,55,89
71,93,224,160
95,212,218,121
116,158,141,123
157,86,103,86
117,144,120,117
72,145,155,184
196,157,99,205
145,126,96,143
126,190,102,121
187,64,207,201
86,142,140,162
140,128,64,108
58,151,122,151
170,162,197,57
175,125,137,141
104,158,88,192
162,59,91,95
94,164,185,202
178,118,118,138
134,92,75,185
132,176,179,130
85,114,211,126
163,130,179,111
175,168,147,116
112,191,87,134
147,119,127,143
117,84,155,166
71,109,149,86
155,133,80,148
27,156,176,159
65,132,98,134
82,136,117,137
99,114,192,63
81,184,150,141
118,104,141,111
139,156,25,125
99,221,149,170
128,201,95,46
158,75,108,140
3,90,156,74
122,138,115,140
55,128,142,109
189,149,194,82
113,76,139,142
189,118,105,131
210,165,81,132
165,110,94,141
151,148,147,194
218,85,175,117
113,149,148,133
63,149,166,108
167,112,141,178
81,146,91,146
84,131,91,124
167,99,54,139
64,97,172,94
177,117,177,144
146,40,170,101
172,166,75,82
48,151,153,115
101,144,207,179
123,111,123,93
151,67,164,152
205,114,135,89
162,73,92,109
110,196,72,90
172,98,119,102
72,112,77,125
97,155,183,151
109,95,168,77
196,162,117,76
74,131,123,116
110,202,60,58
131,106,98,173
88,126,154,138
71,158,82,40
130,116,56,165
60,90,137,210
98,58,128,72
176,50,187,98
106,152,147,142
184,105,109,123
153,153,156,173
127,165,102,109
75,121,136,41
74,46,125,114
187,176,170,50
171,156,105,200
79,75,183,108
118,130,127,156
121,163,125,135
46,147,243,101
122,78,99,92
50,102,124,92
146,147,156,117
163,155,169,61
137,137,144,115
178,115,250,54
160,119,154,150
227,133,157,181
110,150,110,169
141,117,194,109
64,218,194,167
83,164,78,154
63,125,155,121
125,126,177,38
122,145,138,145
200,184,113,114
97,87,86,168
114,97,122,115
82,101,192,151
60,116,114,154
128,218,54,84
91,179,194,155
97,75,151,83
125,180,172,70
0,98,118,144
81,36,52,116
52,114,49,107
80,116,96,108
151,180,167,112
164,248,169,164
82,138,161,52
113,106,125,112
146,0,183,103
79,110,128,87
231,197,140,88
90,77,58,193
115,115,87,145
101,204,97,186
138,148,117,137
153,135,156,77
87,106,73,203
77,143,175,101
143,69,150,127
79,75,144,25
128,229,199,118
59,69,117,215
199,137,34,100
81,140,130,119
169,149,54,147
181,127,141,127
90,181,183,50
135,93,154,61
105,133,116,154
122,161,53,105
115,127,87,111
60,95,181,133
148,160,127,129
133,54,167,80
140,68,143,152
209,111,60,177
174,149,104,126
122,43,88,168
117,101,108,143
181,165,83,85
183,115,126,191
146,158,105,104
112,175,177,124
62,139,178,138
89,109,140,136
138,118,154,154
192,91,133,94
181,187,103,129
63,105,129,105
161,183,81,152
21,123,117,177
141,125,151,126
119,106,27,167
146,191,116,53
142,90,215,76
137,102,126,149
183,137,99,82
132,120,141,89
84,156,77,116
208,135,135,85
85,202,193,172
176,205,119,146
119,135,144,153
124,55,98,151
99,145,91,76
75,52,180,110
130,152,114,151
114,160,133,90
114,109,158,99
87,136,136,117
191,111,132,176
145,99,170,181
83,103,146,84
228,75,115,140
64,143,123,186
118,118,105,0
180,167,110,69
48,179,75,120
75,75,170,110
169,154,89,153
60,124,153,121
119,213,126,143
90,96,174,146
143,80,110,83
97,165,130,193
140,152,45,117
98,117,196,30
60,163,108,124
97,125,160,150
174,89,109,139
48,92,128,103
159,49,144,102
91,145,107,69
199,100,156,112
176,133,128,167
120,93,147,55
124,188,196,199
89,62,198,235
135,145,187,63
189,77,56,39
113,124,148,98
153,141,163,138
71,159,183,123
119,59,124,83
193,163,126,97
90,100,116,64
126,122,143,140
161,125,178,122
149,92,139,74
158,72,172,134
148,145,148,117
156,82,39,151
124,105,186,216
114,148,167,181
192,138,185,222
132,188,128,156
146,94,94,60
128,65,178,133
110,119,106,156
129,114,112,100
107,167,9,129
158,130,79,168
192,170,97,139
93,127,139,122
192,107,132,116
159,72,160,207
163,172,81,96
130,140,151,116
133,105,127,178
179,105,105,142
127,124,197,100
78,219,100,182
172,84,43,189
182,143,73,135
165,148,83,38
118,98,92,151
63,232,92,176
124,122,85,87
72,150,114,180
105,143,83,49
179,174,80,186
167,117,70,131
138,113,186,182
62,89,105,67
230,181,135,71
165,204,148,127
41,151,104,86
48,164,148,141
120,154,184,91
79,84,175,97
158,87,64,122
64,118,24,186
109,121,123,224
133,194,137,110
180,73,140,133
192,70,131,149
146,167,138,135
112,100,182,129
186,155,77,127
127,90,117,139
51,122,80,126
89,210,99,57
144,139,168,104
138,160,25,144
165,158,78,121
167,90,161,155
150,140,130,186
144,92,80,100
121,39,126,32
35,252,149,125
148,164,179,128
142,130,118,76
77,164,152,153
122,161,205,136
115,196,112,120
113,128,131,158
51,94,83,156
162,173,95,152
202,95,211,193
118,125,93,101
77,110,101,138
147,59,55,63
129,157,116,128
116,99,160,5
200,182,139,127
128,102,127,176
135,47,139,206
117,175,58,95
98,103,107,87
73,65,129,119
45,109,145,151
138,140,166,135
128,180,141,151
116,213,111,139
157,126,127,115
83,123,153,155
153,52,131,95
21,159,130,192
169,129,164,134
133,165,68,114
137,107,175,100
109,112,149,198
56,88,81,128
127,113,127,172
193,142,131,138
63,167,248,200
152,101,110,131
116,146,97,111
80,67,108,123
153,89,97,143
88,71,141,194
130,165,209,98
152,112,129,16
99,72,85,198
131,174,189,168
91,149,191,117
185,96,98,193
166,108,65,102
124,113,143,156
53,106,190,47
148,115,48,108
143,31,42,141
174,168,135,153
192,157,126,91
111,148,161,94
126,105,176,156
150,125,164,155
126,74,108,124
122,186,139,147
157,74,87,117
78,49,84,189
53,94,97,89
131,102,93,121
100,36,159,98
117,127,127,133
207,61,228,141
102,177,157,161
142,156,52,126
138,182,165,117
119,129,83,126
149,92,142,90
153,150,92,146
151,126,71,112
132,128,98,110
82,77,203,171
120,95,107,131
106,131,149,165
48,70,162,130
88,198,112,115
100,70,142,84
120,214,146,123
141,88,95,100
81,137,165,134
168,55,110,91
111,113,104,127
65,174,185,187
97,140,162,89
203,104,118,116
102,67,121,88
126,114,126,107
78,120,107,148
73,116,138,119
213,173,107,93
182,167,71,161
50,156,124,188
131,114,24,68
61,196,66,116
151,110,115,166
75,75,142,143
138,183,163,121
119,173,99,60
179,117,93,130
97,188,83,177
20,147,63,133
148,166,143,93
122,143,118,101
216,172,114,181
111,85,84,120
99,190,102,169
142,123,87,97
54,100,128,186
117,111,139,134
127,52,82,93
69,120,181,152
125,121,67,70
141,105,170,120
124,143,148,66
171,66,173,171
90,178,135,114
161,68,133,98
70,177,54,91
117,129,101,69
70,142,176,169
178,164,103,88
124,88,198,83
166,138,117,124
87,143,104,36
159,127,69,96
136,54,125,176
103,94,107,84
121,138,116,115
145,116,182,107
148,138,152,121
146,215,173,162
181,136,96,184
129,157,161,68
148,98,97,164
78,136,125,183
143,117,129,111
74,127,104,131
79,87,178,108
122,105,137,141
164,125,155,104
166,108,137,194
136,166,200,109
57,97,78,156
182,115,190,111
172,51,117,155
129,179,155,132
113,119,141,108
158,88,149,132
80,209,161,117
151,153,132,190
114,116,125,150
188,135,109,144
158,108,68,173
127,136,99,195
150,97,183,122
31,99,129,88
145,74,187,118
112,110,162,130
140,138,92,149
71,85,150,51
148,149,127,157
181,147,166,75
124,82,78,111
106,178,96,144
108,61,188,127
134,121,138,146
135,156,129,150
102,107,213,201
76,76,113,131
179,199,139,111
167,172,145,162
102,142,63,106
135,108,140,95
162,83,148,110
115,151,167,141
66,188,75,155
99,102,120,103
139,166,78,116
123,95,90,125
155,67,164,156
127,165,130,115
91,88,119,126
150,159,133,195
101,127,125,197
74,104,100,140
100,151,157,206
68,84,167,112
147,203,174,225
105,136,169,49
166,71,73,163
90,120,127,64
163,112,137,218
107,153,164,178
113,121,122,106
87,98,99,156
99,82,79,66
135,141,81,140
67,138,99,147
100,73,136,68
150,138,149,130
151,74,102,193
191,106,199,156
174,140,227,99
127,155,84,169
100,143,212,169
57,158,8,112
118,177,128,94
153,225,138,113
127,168,170,179
119,104,100,121
113,102,80,181
119,166,133,105
108,172,125,171
215,66,196,40
132,145,155,130
162,130,150,155
88,98,80,140
97,74,68,170
80,175,96,73
213,128,67,51
151,87,166,107
129,103,158,78
142,89,123,167
111,102,159,227
112,99,78,164
163,146,67,216
133,82,119,136
196,151,162,155
113,125,124,134
112,60,83,171
130,161,144,133
101,130,124,20
105,150,180,3
154,129,156,118
80,139,206,119
120,134,250,79
128,147,141,215
146,93,98,32
79,83,125,171
136,200,73,170
179,107,137,133
177,177,122,137
164,84,215,105
156,148,93,94
152,55,129,68
138,201,48,141
65,155,129,165
203,216,47,79
255,174,136,56
136,172,120,91
190,51,105,102
102,155,89,146
111,182,156,192
18,178,55,78
76,111,191,104
121,119,207,100
150,122,78,152
109,161,120,185
147,118,139,147
77,109,124,127
255,160,189,83
156,70,88,122
197,212,106,102
103,107,40,100
135,123,237,69
141,196,183,83
164,85,211,128
163,157,118,158
109,103,108,94
156,163,156,85
153,155,213,128
177,105,86,179
178,135,70,26
167,184,143,106
187,98,134,117
121,146,113,85
151,105,95,203
110,134,104,181
82,81,100,89
93,91,173,155
87,97,40,158
118,24,65,239
25,12,191,120
128,122,139,183
86,163,147,236
151,157,126,79
146,159,129,198
136,126,109,79
112,110,77,88
219,175,81,145
187,217,100,165
75,186,107,180
110,168,133,105
92,141,51,153
120,117,117,47
229,72,195,159
150,101,142,76
89,139,118,122
68,94,151,76
127,59,120,134
107,52,123,128
196,165,116,152
159,176,169,179
121,72,182,135
143,183,228,232
158,170,150,122
110,179,94,123
104,195,94,148
141,141,113,140
153,95,135,110
103,120,146,156
181,89,57,139
90,182,126,66
104,95,115,103
160,141,181,104
84,148,57,22
138,64,162,145
165,105,163,135
152,121,68,106
108,126,146,135
188,151,65,138
137,131,131,136
172,143,78,172
135,98,100,126
139,129,123,166
97,88,175,91
88,172,134,165
87,100,194,135
84,97,92,134
182,143,113,158
131,124,134,85
180,118,205,89
69,140,137,93
153,58,84,6
114,105,174,131
78,174,185,67
122,109,139,171
166,84,88,118
121,55,186,151
198,121,183,105
234,177,101,125
174,103,61,91
73,152,177,151
86,74,192,116
82,88,71,148
141,115,84,140
124,193,219,57
129,134,96,155
104,133,115,185
114,78,173,73
189,89,96,158
193,112,130,53
151,199,96,121
109,132,88,136
169,159,140,85
144,40,122,131
138,89,17,128
86,83,92,81
64,152,37,185
141,102,125,139
160,211,137,193
157,199,138,148
194,93,59,162
215,144,128,105
113,125,119,186
120,152,15,98
156,174,99,116
232,126,159,28
142,60,147,197
66,47,119,101
178,196,113,91
93,189,132,134
99,150,166,140
128,106,112,129
114,144,118,141
131,92,88,84
110,58,134,205
177,94,108,107
78,83,96,140
124,211,147,150
144,90,144,1
190,199,161,175
176,118,76,126
141,94,134,86
137,80,131,170
21,156,146,133
155,90,102,167
131,124,107,176
140,186,135,81
172,102,137,59
134,61,104,108
155,42,103,111
133,99,121,70
73,158,75,118
158,130,87,133
145,73,128,42
77,50,79,96
149,121,149,83
74,145,158,155
148,139,41,154
137,146,156,143
102,195,198,128
250,97,126,111
144,112,105,153
154,97,80,101
116,175,118,122
128,125,93,126
156,85,151,109
125,144,129,128
52,155,111,128
121,173,172,213
69,102,123,98
163,81,165,165
108,108,114,76
137,139,29,74
129,118,88,124
91,113,129,120
102,92,189,35
111,101,121,163
178,125,160,102
118,138,60,80
61,175,140,166
175,150,189,97
113,140,135,140
159,197,146,61
198,103,103,138
141,190,191,127
156,127,186,63
153,144,179,52
92,97,93,175
85,164,117,68
151,170,131,130
153,170,159,177
145,197,167,155
148,84,115,151
95,175,213,139
96,159,135,90
53,62,80,138
188,49,158,164
130,127,179,118
220,51,120,133
95,173,159,130
132,149,139,109
100,118,111,78
104,125,103,157
126,132,78,198
114,110,61,140
132,166,168,87
89,56,68,83
59,117,183,124
157,129,170,138
127,232,156,142
239,84,125,134
117,2,54,142
44,123,101,125
128,184,105,141
167,106,131,100
150,55,98,191
70,109,30,102
172,56,73,92
134,213,123,74
89,182,87,162
109,135,132,50
141,147,97,97
136,141,84,189
134,92,93,104
97,78,100,170
191,139,102,67
29,122,180,95
99,174,151,166
101,76,154,73
155,183,108,108
146,157,120,94
168,162,121,97
116,85,138,147
98,111,127,56
148,20,170,140
100,89,149,122
118,221,154,149
79,117,115,155
168,115,165,69
155,166,100,111
147,89,70,168
149,100,161,126
169,104,154,167
189,165,180,123
190,42,136,203
121,18,131,110
164,177,167,123
141,199,63,109
146,91,122,158
117,114,114,126
127,97,69,87
71,81,136,17
187,92,38,74
61,87,165,222
141,117,109,161
61,64,133,84
230,82,138,148
129,177,119,48
112,105,125,149
93,183,197,123
79,125,89,119
122,121,84,74
101,41,88,92
116,168,176,49
111,0,108,132
219,81,87,86
118,133,219,87
143,127,151,140
161,72,82,132
165,174,94,42
127,115,110,95
100,242,97,231
141,106,159,139
74,160,217,119
91,122,158,133
136,171,108,122
126,67,137,135
101,116,154,155
130,76,102,111
61,210,59,113
186,155,52,153
83,115,150,227
98,156,99,97
231,140,123,155
135,97,201,114
108,190,82,142
142,150,142,157
72,167,187,74
173,146,110,135
142,67,160,106
123,149,170,197
99,136,72,63
77,126,85,62
183,102,98,94
148,96,146,39
101,74,201,169
80,181,92,118
255,86,193,46
186,86,130,126
119,168,142,168
216,87,124,113
110,92,37,220
120,97,134,129
148,108,132,31
163,158,133,131
133,147,127,122
111,56,120,94
103,96,136,176
114,67,126,84
74,118,144,235
133,94,115,210
188,99,168,159
59,98,119,198
143,121,141,83
113,188,113,97
107,102,72,121
99,97,161,204
115,162,149,39
67,101,161,135
86,109,130,108
185,129,173,85
144,58,158,149
159,98,112,140
164,175,133,116
121,103,140,165
74,79,120,180
104,138,104,177
105,119,182,214
99,182,126,124
110,74,151,150
172,132,132,166
124,169,120,194
199,87,116,162
88,160,122,101
110,132,116,108
98,176,138,98
97,69,194,126
79,190,157,202
110,143,86,111
163,170,122,99
70,125,54,189
211,125,165,136
161,150,73,82
95,156,191,75
91,129,129,108
181,147,131,222
102,85,49,171
57,77,134,152
129,161,119,176
197,119,92,163
125,141,143,109
136,120,97,132
73,80,198,85
99,142,129,64
80,90,99,148
144,95,141,133
126,118,116,67
110,157,106,165
127,143,207,140
157,88,133,78
163,120,125,120
50,26,179,178
93,131,116,133
133,110,99,153
152,191,123,125
169,206,101,169
125,169,87,134
65,145,0,139
113,110,89,162
132,96,68,57
147,100,124,252
147,172,119,152
80,176,135,68
139,152,37,105
140,79,165,147
124,50,33,197
115,135,108,102
148,111,161,148
219,91,133,100
81,81,115,226
66,66,176,141
159,96,132,112
91,120,199,156
140,175,81,178
157,90,70,80
101,36,147,104
87,136,123,116
227,117,117,111
154,170,147,159
106,200,146,136
178,123,166,128
138,125,111,132
114,127,140,112
152,115,135,121
129,102,16,202
64,129,162,166
45,107,138,156
191,134,132,177
139,137,105,140
146,61,102,169
101,150,152,151
112,204,97,108
147,120,131,145
131,137,86,124
87,197,103,134
88,103,134,109
190,147,101,92
138,167,70,221
153,177,121,142
118,120,193,127
75,120,189,137
200,119,84,112
146,126,108,120
137,93,112,137
141,131,41,117
181,58,61,135
135,129,124,146
99,122,159,188
141,129,219,202
171,62,83,139
93,150,107,134
146,50,129,131
151,144,102,82
51,133,154,41
152,135,142,153
129,152,181,105
68,140,93,116
152,187,50,90
122,158,148,166
139,160,71,163
85,159,118,202
74,156,79,125
113,156,99,34
44,112,135,158
101,46,149,155
91,116,173,88
120,213,87,119
83,184,167,104
95,107,149,171
108,92,126,154
143,139,116,103
163,104,82,124
138,112,210,118
121,127,113,118
106,64,152,94
46,121,109,145
119,103,38,149
121,131,40,79
157,63,110,44
118,58,50,82
104,152,144,54
91,222,144,100
149,94,161,36
116,196,108,186
147,140,58,131
149,171,118,116
123,57,74,103
58,74,94,126
124,140,120,115
164,118,178,149
47,110,130,152
135,138,127,156
79,136,165,170
84,171,116,161
98,135,249,103
82,160,125,94
225,57,142,124
110,184,169,137
117,110,136,121
162,112,108,133
112,71,118,211
134,119,150,152
83,179,117,220
91,112,195,86
136,84,53,184
170,135,50,119
130,118,102,113
157,118,141,140
97,96,101,142
140,127,147,129
78,144,60,28
120,123,187,211
118,165,82,131
137,109,117,132
186,192,137,147
150,70,255,72
146,97,139,219
103,138,137,108
104,162,157,179
151,103,74,96
236,133,123,125
157,125,138,85
122,172,98,146
62,97,192,58
202,165,112,139
138,98,103,164
124,111,132,134
57,78,128,131
147,95,137,107
144,156,94,74
86,116,92,107
126,78,109,77
138,102,170,177
75,218,165,18
107,128,57,133
95,190,119,46
92,156,172,145
164,107,188,118
69,109,96,124
231,217,103,114
91,92,90,98
91,130,136,120
117,68,113,105
152,143,160,131
151,92,149,214
68,186,144,67
81,95,97,156
88,166,53,115
92,124,131,84
162,137,76,155
128,110,88,117
210,90,86,116
142,162,175,155
134,152,167,103
145,171,122,64
182,26,116,168
161,146,168,81
87,73,157,87
208,133,130,101
110,82,144,161
141,122,90,165
152,110,138,133
67,175,209,144
47,140,129,68
127,120,116,90
122,85,134,229
106,175,87,95
112,39,162,72
81,180,181,117
94,63,115,103
148,108,151,84
157,141,175,143
157,167,94,77
116,142,100,119
114,152,140,91
152,124,169,132
111,99,126,147
73,92,110,69
64,57,86,164
222,153,75,37
196,99,112,131
51,188,112,172
183,175,132,152
159,217,74,62
154,114,173,125
143,100,103,184
15,166,154,117
164,142,128,127
121,86,186,164
93,124,196,89
196,72,181,58
128,99,126,73
152,140,54,152
110,131,149,173
144,91,54,81
165,111,137,67
80,150,93,142
101,159,94,109
153,125,105,136
78,89,91,141
143,83,168,129
138,121,65,228
133,103,131,181
125,95,89,115
72,145,109,119
104,143,120,163
54,137,21,110
134,117,95,155
97,148,119,132
110,102,122,182
108,91,118,163
138,105,130,118
178,143,166,142
109,122,125,14
32,107,225,129
62,112,207,110
157,93,118,134
213,89,105,75
100,164,194,124
39,175,206,50
156,43,105,175
131,174,74,209
133,158,148,157
133,106,97,129
65,77,159,179
170,155,129,103
117,93,172,164
102,174,93,172
100,153,177,117
186,89,103,146
135,57,103,116
122,148,147,190
102,94,70,145
125,124,85,177
162,198,103,129
119,154,35,149
213,77,143,175
95,75,74,193
46,84,66,120
140,173,150,216
138,57,99,92
150,153,130,129
85,66,32,42
137,97,153,153
169,121,120,144
167,206,184,65
97,156,126,124
97,138,172,94
119,67,114,101
130,131,68,226
119,87,195,121
127,149,31,175
103,175,141,126
181,128,151,76
157,106,119,103
108,155,104,142
128,77,118,135
77,89,143,157
134,36,142,148
83,71,225,124
119,184,100,166
168,168,107,107
142,64,140,153
93,124,188,145
142,102,102,115
146,227,123,194
147,83,139,136
120,204,159,170
162,72,75,164
169,151,119,149
87,145,157,171
145,100,64,88
141,199,91,83
61,69,106,77
151,49,61,64
189,229,136,176
118,141,97,133
187,109,161,101
190,221,150,126
167,187,164,133
106,102,144,132
211,156,178,162
124,105,176,104
143,139,63,103
102,64,133,143
196,74,153,74
151,110,147,151
153,146,167,73
88,147,125,122
98,121,191,70
97,94,132,139
154,148,151,71
77,78,102,143
212,193,86,144
234,107,187,142
118,115,131,79
214,126,164,231
139,105,61,176
127,237,110,136
56,136,180,119
152,188,102,176
133,63,85,173
28,114,155,154
20,81,50,132
86,132,109,124
130,163,119,32
118,94,83,134
112,92,129,149
154,129,125,134
90,99,101,176
115,137,39,46
87,170,185,115
134,177,48,112
111,100,126,76
152,139,154,111
186,140,128,160
170,127,82,112
140,147,79,118
117,64,97,92
117,128,193,161
78,158,63,62
119,93,75,112
111,123,98,67
126,126,122,179
128,107,173,105
123,141,153,129
127,163,99,97
110,109,98,120
220,145,73,95
74,165,140,185
150,154,149,169
235,122,80,61
170,91,108,166
180,141,175,61
44,205,118,153
110,79,123,154
119,109,74,99
89,113,72,124
153,168,88,125
196,98,146,123
90,139,98,255
85,154,57,64
153,137,121,66
142,42,149,89
0,175,102,120
43,70,113,111
57,91,182,185
110,255,94,115
98,125,96,173
197,52,124,77
105,96,59,148
175,93,176,182
30,150,153,63
0,80,111,164
104,211,71,78
72,91,95,149
130,87,52,98
113,120,99,130
126,141,103,111
58,102,111,234
75,81,200,49
226,110,127,108
131,78,47,77
146,135,41,149
48,113,183,161
105,106,158,118
174,188,171,99
71,89,96,162
189,140,152,90
176,122,122,144
72,31,73,152
226,32,114,149
97,167,101,165
152,71,66,202
66,131,170,143
147,136,127,79
88,128,84,108
109,157,88,127
156,94,139,108
127,132,125,157
114,142,155,174
117,78,80,116
99,64,109,133
176,79,173,134
182,91,154,129
80,109,133,154
166,194,108,135
92,185,85,125
119,132,78,148
89,65,135,156
129,128,84,169
104,186,112,115
102,73,97,196
180,65,116,160
113,98,126,204
145,114,74,73
137,177,146,93
152,88,132,142
129,135,105,151
178,92,117,121
166,148,114,135
159,142,142,44
107,151,147,162
130,151,10,98
178,137,112,148
128,105,167,118
130,113,123,105
85,21,99,127
145,115,205,64
129,187,160,133
31,159,122,59
82,138,39,54
108,112,161,144
130,107,156,116
109,176,128,199
119,195,132,171
128,149,125,177
65,208,129,169
145,114,155,81
103,100,110,170
105,111,188,76
70,103,123,176
59,184,120,179
71,244,183,111
98,119,88,200
81,156,144,160
103,65,188,156
146,92,170,41
102,153,100,78
156,202,162,177
65,103,148,104
100,62,118,35
101,93,144,53
126,216,110,139
134,127,36,114
164,175,109,148
171,126,159,169
109,159,113,133
114,131,100,129
117,121,80,112
110,54,122,217
121,92,121,104
114,147,161,108
71,154,110,76
73,100,176,192
75,158,151,141
137,123,142,149
122,63,97,156
148,131,152,77
104,139,128,134
88,63,95,127
172,83,79,148
80,134,215,122
101,73,139,182
167,123,117,219
160,218,107,123
150,136,107,154
158,135,140,170
91,105,154,138
161,181,97,165
99,170,146,185
67,227,93,144
94,123,136,134
99,67,55,148
130,71,165,121
193,149,149,29
72,41,53,134
118,155,151,125
191,66,145,119
66,138,72,150
104,81,87,119
75,219,115,49
115,83,107,202
168,107,111,126
101,80,27,198
96,78,146,105
139,223,184,117
115,148,152,110
79,58,101,72
103,86,155,126
74,77,129,112
169,185,216,190
197,18,93,186
117,159,169,156
114,60,198,90
100,120,111,113
131,162,67,166
88,56,214,191
163,145,103,120
159,130,175,119
79,85,145,162
173,151,47,109
82,162,183,126
147,89,172,172
110,64,75,134
28,112,100,115
148,110,104,88
227,126,109,131
97,146,100,118
84,128,23,105
153,183,118,144
111,179,161,105
95,158,184,138
139,140,127,117
143,99,78,197
160,27,173,122
122,120,130,96
179,208,113,86
68,151,121,177
105,89,47,140
126,163,110,138
122,83,127,138
95,157,107,107
90,80,92,154
110,169,126,82
177,78,69,96
125,197,107,180
181,127,155,203
144,196,126,101
152,148,99,169
115,128,105,126
154,156,163,146
110,185,134,141
118,151,99,165
65,177,95,131
92,160,146,221
100,180,160,169
140,139,118,132
104,177,95,120
92,127,139,182
69,167,157,167
40,139,118,143
152,99,118,161
133,61,149,120
164,219,156,91
113,143,134,116
202,155,119,128
154,111,97,255
160,177,44,167
129,112,73,89
172,27,118,123
168,94,190,83
169,55,176,86
55,169,48,148
5,148,73,99
84,130,162,151
136,137,143,49
186,156,212,158
153,166,118,130
174,75,115,42
55,136,117,155
123,103,194,66
68,148,185,131
139,133,47,149
108,139,120,119
96,90,131,77
135,120,202,124
67,144,153,128
89,79,92,148
159,120,165,140
121,186,91,137
178,161,94,81
128,119,137,87
158,168,113,203
0,73,108,77
132,113,169,77
123,195,188,149
195,183,238,123
103,164,153,126
76,205,185,114
151,127,94,173
132,120,146,213
56,149,94,76
228,127,113,110
182,110,89,119
131,149,175,138
114,116,131,73
237,144,107,121
161,140,128,214
157,160,92,48
232,176,83,78
177,88,160,103
211,212,98,119
97,80,44,130
118,191,182,228
143,140,70,167
144,75,134,118
118,160,140,90
94,100,136,71
86,59,102,53
119,121,98,133
222,93,27,45
90,145,92,90
139,108,186,181
136,107,188,144
172,129,149,158
40,240,117,137
215,144,107,16
114,255,175,121
95,131,137,62
91,130,151,153
54,38,164,173
77,161,55,130
146,115,152,127
85,183,161,163
95,78,135,98
146,107,84,94
92,8,197,38
133,59,124,81
188,88,130,127
156,107,143,175
223,105,71,183
87,111,145,121
135,95,111,178
102,138,153,138
96,129,167,144
123,87,83,187
186,91,134,104
74,145,118,51
107,172,107,185
142,174,166,114
146,119,210,99
115,67,75,128
98,64,198,113
170,219,69,156
154,141,137,82
178,116,107,180
88,121,174,41
146,187,100,132
119,143,178,130
106,146,72,184
139,59,140,123
104,165,144,169
90,89,91,140
171,131,100,84
104,124,172,95
66,166,141,80
167,128,164,105
92,176,68,119
78,35,95,167
191,157,133,141
32,163,139,142
137,117,155,114
187,86,190,124
126,121,94,163
216,162,95,169
167,136,124,107
94,126,122,166
154,89,207,63
123,165,96,255
151,148,165,123
180,192,171,184
154,150,84,158
55,149,106,118
116,106,101,93
116,130,69,106
130,166,113,70
213,87,100,92
111,165,81,155
96,149,69,147
180,113,112,67
165,46,169,93
138,101,135,117
82,94,216,133
198,159,84,232
168,138,97,255
124,105,102,197
109,130,145,161
110,139,99,153
81,68,207,126
168,120,167,181
158,69,105,121
69,181,133,74
147,119,108,101
195,187,119,88
128,39,113,176
115,107,108,127
156,45,118,66
154,120,216,140
160,175,132,169
123,59,36,0
172,177,164,134
73,162,113,108
143,80,88,151
64,102,112,174
111,221,103,85
114,211,41,153
32,155,186,136
127,108,96,98
135,136,210,138
89,115,130,203
114,187,113,159
56,59,152,122
209,210,146,70
180,125,232,95
177,131,134,144
163,154,157,157
105,148,181,46
121,211,173,122
136,72,68,129
103,130,97,170
122,105,193,32
104,155,114,127
81,139,116,75
148,161,176,128
200,120,81,77
230,127,75,167
109,72,178,96
151,152,174,143
172,124,157,87
123,94,106,100
87,142,246,115
82,107,174,60
135,151,47,93
51,80,129,145
243,145,41,110
173,109,111,139
131,161,92,164
198,170,132,117
108,193,81,153
159,104,74,137
122,161,51,117
115,115,170,136
150,93,162,98
131,26,152,123
60,196,196,64
136,128,137,200
78,91,148,49
89,99,158,205
123,166,169,148
187,95,105,66
166,107,159,70
133,167,64,187
107,127,169,164
141,115,153,118
194,101,141,169
149,150,123,119
64,128,97,169
173,127,125,143
161,140,136,92
151,150,119,112
110,154,229,84
141,85,78,103
135,90,62,34
153,115,20,180
125,108,126,158
184,217,116,243
121,45,107,131
90,110,177,157
129,121,85,154
189,181,69,123
184,70,123,247
164,110,163,114
193,159,116,88
163,153,168,182
45,105,165,194
20,89,168,186
61,85,49,137
80,136,85,120
142,171,118,130
102,153,91,97
60,73,182,75
121,140,121,141
153,189,154,114
170,120,229,110
176,173,130,239
108,104,161,190
139,86,92,70
145,100,127,198
38,18,162,148
62,132,150,166
114,45,117,158
188,88,103,124
125,127,132,176
175,188,144,142
160,129,127,134
120,146,87,184
87,250,89,131
141,108,162,63
219,114,98,109
110,171,43,153
74,84,175,191
158,94,125,111
175,84,0,131
89,100,136,142
172,178,117,151
168,116,9,86
134,140,48,197
176,149,103,111
178,11,65,147
99,177,147,202
78,64,101,63
162,160,70,98
125,77,76,193
62,128,73,180
98,169,140,195
168,164,95,108
78,69,97,87
184,166,130,92
154,100,132,127
213,127,92,25
115,139,131,174
94,147,55,164
78,81,116,129
80,112,112,117
111,24,182,136
73,158,172,147
142,119,137,79
124,103,95,98
135,149,154,87
115,162,132,139
119,101,180,88
212,150,148,149
117,176,51,151
180,104,102,151
114,143,159,111
120,70,139,98
113,114,116,131
160,33,126,119
124,93,111,160
163,123,144,112
170,99,103,78
133,105,149,85
118,173,125,157
137,196,173,171
176,137,211,64
143,76,117,203
98,121,129,151
81,192,139,108
187,204,174,65
160,58,108,104
128,104,117,79
89,131,138,156
159,121,143,187
166,112,109,154
105,107,116,124
119,148,205,112
182,99,133,113
120,114,82,55
128,67,137,151
89,28,112,142
50,153,119,98
84,45,90,88
131,148,148,88
125,158,113,134
231,91,136,135
128,211,96,59
134,132,114,93
157,90,130,125
114,160,139,106
135,193,235,171
123,161,113,128
139,137,183,200
112,188,196,175
140,148,120,106
120,84,110,159
140,83,254,48
140,65,130,233
145,178,116,187
133,150,126,142
121,91,116,93
173,195,191,133
79,191,200,101
62,85,106,124
165,200,156,156
147,215,61,143
145,162,114,85
90,112,137,85
95,135,86,88
119,204,116,188
103,131,151,31
79,110,73,154
146,116,68,179
73,162,159,76
65,187,130,162
199,123,143,164
86,99,90,231
125,105,109,124
119,167,150,129
99,101,68,172
200,123,173,177
58,172,161,198
57,131,102,175
125,107,102,149
167,114,140,125
137,95,163,152
213,81,187,116
151,107,67,213
165,104,117,202
156,157,164,101
141,131,52,78
112,145,138,125
192,53,178,53
139,139,143,165
183,9,159,85
138,125,136,108
111,140,118,176
93,106,90,148
81,73,75,73
143,39,158,255
155,109,134,70
71,84,179,161
136,118,186,164
146,148,198,152
88,123,67,8
52,99,117,162
124,179,156,118
117,96,116,86
48,133,174,146
98,52,190,170
155,39,79,165
147,183,152,108
123,101,165,116
132,107,90,88
73,174,81,130
89,151,128,164
230,24,226,184
193,152,152,89
97,145,151,93
65,145,144,55
172,100,153,121
166,119,71,106
137,82,162,141
110,73,131,104
107,134,135,163
167,73,217,179
92,136,133,107
136,184,156,118
115,139,123,157
141,120,110,86
82,118,106,72
59,152,129,120
202,85,79,141
130,131,126,188
58,146,188,92
202,178,33,160
107,103,112,117
99,21,141,130
179,85,159,74
186,152,140,102
166,140,56,93
177,90,106,187
84,81,111,69
93,126,177,84
145,84,97,151
229,180,184,99
128,200,64,90
116,180,178,92
181,85,189,129
61,141,106,156
146,125,123,168
118,96,22,106
177,224,185,140
92,106,41,111
193,198,168,114
166,101,177,167
161,91,130,158
134,141,136,85
121,80,170,84
149,117,140,31
134,143,155,129
181,154,132,128
29,165,171,54
128,179,91,83
137,111,94,209
47,146,115,64
99,71,144,188
108,107,123,64
152,146,220,131
171,108,60,141
145,109,187,154
76,106,129,114
185,138,113,135
141,45,113,140
66,116,175,135
154,170,113,173
101,144,128,123
110,134,146,9
210,67,140,141
44,122,131,128
133,122,168,105
140,229,74,139
88,209,88,128
120,143,96,189
127,149,123,20
179,170,29,119
122,129,65,132
92,183,61,178
130,211,70,111
108,67,141,129
89,122,126,154
180,83,207,156
98,160,178,78
147,220,91,78
130,56,114,156
83,101,204,114
101,81,164,117
176,155,122,190
154,131,121,140
182,73,130,151
133,161,164,43
136,94,116,179
77,145,190,182
106,85,94,117
109,110,74,136
95,119,149,3
129,153,12,125
175,105,113,111
138,172,183,172
200,149,58,133
49,102,65,83
192,81,66,123
101,207,69,177
58,101,227,153
124,111,113,53
199,143,142,173
150,23,113,125
87,156,106,179
109,144,131,101
169,93,118,58
190,152,163,114
105,168,165,214
134,98,247,59
104,134,168,201
96,99,110,89
101,182,117,91
98,134,116,154
199,88,114,0
120,59,170,125
81,68,151,146
171,33,129,110
124,188,205,150
123,92,129,181
120,184,156,76
103,142,93,121
139,136,193,159
95,69,136,117
181,149,159,99
57,121,119,149
200,156,132,190
159,123,86,124
159,200,116,132
100,115,130,121
49,184,159,147
101,201,79,198
169,139,126,147
113,110,90,87
153,110,205,100
158,147,110,116
91,124,168,50
108,195,94,146
136,69,107,63
235,136,56,121
176,146,174,38
114,158,164,175
145,194,144,104
174,103,105,151
117,122,192,105
147,105,175,45
98,197,152,87
120,130,96,158
79,126,116,130
84,129,199,47
119,128,78,100
124,134,78,132
129,30,126,46
143,163,189,121
84,137,167,200
57,154,164,91
81,189,191,146
116,80,135,88
155,78,172,84
66,175,117,141
108,72,124,78
72,32,123,182
178,171,99,167
118,149,167,201
66,178,91,72
114,255,109,110
105,130,143,104
153,130,77,70
130,89,137,83
140,92,171,79
131,117,141,167
160,154,152,88
104,139,106,61
157,74,98,119
188,102,103,81
178,123,86,150
84,40,62,88
99,151,59,192
179,120,104,96
179,125,121,113
155,168,129,127
140,219,174,132
88,162,101,104
137,55,112,148
138,154,141,154
91,199,178,189
131,73,107,155
95,133,130,161
159,147,141,147
156,96,168,145
74,79,197,118
77,81,148,147
90,116,130,86
83,101,19,68
37,75,148,84
56,78,89,163
130,140,200,132
136,77,77,155
161,115,150,137
125,70,145,180
155,60,156,152
136,155,204,79
219,170,113,186
155,145,107,163
151,100,188,101
196,121,94,148
170,118,202,108
93,141,200,157
121,148,69,209
72,81,156,134
69,248,129,106
74,75,128,124
188,186,134,133
139,120,93,137
236,150,112,186
119,104,89,200
92,141,118,117
181,51,105,123
89,183,88,184
98,103,183,156
128,164,100,169
87,159,97,66
92,150,42,121
109,165,123,137
155,97,176,89
112,182,108,175
161,70,119,35
93,121,134,111
140,116,197,168
153,120,173,219
158,56,167,126
168,162,36,166
144,157,160,145
185,74,85,132
131,88,109,158
232,127,173,152
140,151,157,171
106,28,159,92
178,62,111,82
127,152,141,151
131,81,201,110
150,109,142,154
96,212,137,138
191,119,160,183
152,123,156,51
110,199,112,108
168,131,237,187
131,112,80,94
149,155,142,167
136,119,140,115
153,155,55,68
104,197,127,125
157,92,49,155
147,52,168,150
169,186,108,136
149,37,60,114
108,123,135,128
64,98,111,83
162,105,113,205
134,116,77,104
153,241,173,105
107,92,156,129
100,51,191,67
182,132,102,180
87,95,113,57
126,73,139,126
161,166,214,103
138,139,159,118
74,43,92,165
70,145,142,157
54,162,153,108
195,85,87,144
128,38,111,104
89,92,169,160
182,114,101,131
95,99,57,155
73,152,96,170
126,157,127,197
105,94,81,68
87,88,171,229
62,124,124,95
124,230,114,109
157,118,168,155
116,176,191,48
161,97,170,129
121,120,103,53
115,134,170,185
83,69,119,119
148,127,100,107
88,106,80,133
133,126,82,143
154,60,98,66
166,156,136,104
115,82,65,152
123,94,160,133
110,119,223,90
119,88,91,164
124,91,75,90
149,149,89,153
132,112,60,63
104,116,98,104
164,46,153,120
150,149,175,90
168,129,135,113
112,53,116,178
145,194,148,148
147,173,110,98
149,135,140,81
64,89,110,66
94,127,255,131
196,101,202,122
188,29,151,139
127,186,84,177
75,117,137,91
51,157,92,125
163,163,144,182
147,184,153,149
153,128,168,140
193,74,85,109
145,97,94,63
90,88,122,65
123,79,144,167
165,87,122,121
127,196,26,109
119,131,204,148
142,94,128,66
69,120,76,53
128,92,99,90
111,110,108,129
73,83,122,126
165,103,118,194
152,74,205,161
212,72,120,147
165,39,144,167
120,82,95,169
176,166,163,64
145,145,125,85
58,152,130,81
186,138,96,54
116,138,135,148
91,159,139,75
164,99,191,138
78,132,108,179
165,146,197,49
89,132,142,128
110,120,166,139
52,153,151,129
159,77,53,135
126,195,201,102
204,64,106,67
123,138,166,150
106,153,161,154
107,70,145,184
55,183,123,24
123,141,80,149
26,101,125,131
74,112,124,175
53,143,138,117
148,99,177,161
188,106,118,156
139,151,153,87
100,152,147,111
53,129,164,169
110,244,167,85
88,126,111,131
79,110,107,107
143,108,95,84
103,180,173,121
198,85,73,163
87,156,154,127
143,114,177,68
112,141,212,125
148,193,229,78
216,112,193,84
79,122,171,121
121,63,148,157
113,87,181,133
98,122,106,114
136,53,132,175
71,106,153,155
94,70,133,102
145,130,99,98
109,156,143,79
116,97,160,116
144,123,145,204
151,151,176,130
128,178,113,67
124,131,193,117
125,173,115,238
169,135,67,122
119,110,204,53
149,181,170,56
86,30,125,97
104,114,68,137
167,40,119,155
101,151,143,163
152,101,105,114
116,131,72,67
111,162,89,29
191,91,125,92
98,127,202,186
154,122,214,165
123,129,139,124
170,100,192,83
157,68,147,78
144,100,95,176
108,88,116,106
151,116,134,182
106,201,101,120
64,148,146,109
169,112,193,113
52,158,119,176
113,98,119,104
126,82,215,115
140,133,140,142
182,121,85,85
60,152,161,53
155,115,129,151
134,81,202,112
96,110,57,151
91,124,146,197
141,60,244,8
131,186,174,115
142,1,122,174
152,113,151,50
116,189,123,91
130,122,103,68
87,127,79,158
153,120,101,70
188,216,37,54
82,168,68,177
119,140,184,133
156,130,88,119
112,124,118,144
75,155,90,115
107,105,116,101
97,117,120,108
128,177,135,186
84,91,165,99
133,127,126,164
175,84,121,139
174,125,139,148
104,230,59,109
101,228,205,158
99,142,161,62
140,127,111,136
124,117,86,116
126,217,147,163
48,112,161,171
111,138,176,128
128,94,124,54
98,187,156,69
72,0,165,115
95,143,141,211
67,128,143,117
131,111,147,106
98,140,154,120
127,95,142,172
113,40,101,134
149,138,125,96
105,190,73,146
101,68,57,145
74,122,186,120
108,81,107,130
210,110,58,93
153,107,157,87
95,134,126,129
160,159,166,67
77,81,114,126
152,38,126,119
108,179,66,92
119,86,127,139
160,195,149,112
118,167,151,150
55,94,73,78
124,85,174,55
105,147,141,185
76,66,101,40
123,182,38,59
79,134,129,186
149,113,61,111
156,104,97,122
101,199,149,114
141,131,100,163
106,141,144,151
193,55,68,77
91,134,104,153
111,143,102,137
166,105,130,135
144,139,111,134
162,157,204,136
144,80,170,146
117,181,162,104
147,134,197,170
154,173,197,220
64,128,114,64
66,132,161,122
87,128,83,155
130,109,160,144
172,122,153,133
68,86,171,98
142,89,78,162
51,136,80,85
85,188,51,153
144,131,146,89
115,71,129,173
155,162,131,102
164,90,213,146
138,72,119,160
107,121,106,177
172,100,76,131
185,127,102,113
96,142,141,88
89,108,152,230
37,197,103,65
87,124,62,148
49,92,98,170
126,75,59,100
155,167,152,93
104,101,138,64
68,79,186,88
183,105,119,140
105,123,138,147
96,63,193,89
156,66,150,190
129,138,128,115
159,140,147,63
173,162,161,119
106,108,172,148
107,118,224,96
97,203,118,110
73,152,89,129
157,113,110,90
173,169,181,113
36,76,139,86
88,159,164,100
187,91,102,214
152,174,104,131
46,33,153,75
104,128,124,49
112,109,184,76
159,182,101,136
177,150,155,179
168,165,73,133
137,107,109,104
124,127,168,126
106,109,161,173
160,173,128,124
165,145,182,82
108,175,61,185
121,105,114,110
106,184,182,142
112,133,33,161
102,78,187,80
154,203,97,63
137,132,154,192
111,71,103,151
119,82,104,99
139,98,107,157
170,159,184,206
176,62,120,118
140,170,119,99
84,100,142,100
112,155,120,176
108,160,137,108
83,88,154,162
60,115,223,217
130,191,207,118
49,190,106,100
123,120,110,180
161,90,126,53
153,99,158,80
201,152,150,161
135,185,86,86
113,190,61,206
148,133,66,140
129,108,134,58
168,191,80,163
103,108,87,159
191,103,151,140
198,162,83,138
81,126,71,199
163,174,148,174
75,134,155,117
90,67,146,156
180,141,106,144
126,182,103,173
203,130,90,108
95,136,147,143
19,146,20,108
78,141,170,134
70,78,75,116
43,87,156,130
195,94,100,171
73,120,139,141
136,148,142,109
100,144,104,55
109,83,134,56
127,168,223,123
107,214,118,121
81,152,122,112
160,160,143,112
143,127,98,236
129,142,171,117
132,192,143,92
90,205,165,141
117,151,70,117
166,184,183,171
155,84,108,170
89,108,67,96
118,211,115,147
124,104,41,177
176,168,168,97
90,132,129,143
125,125,213,116
93,150,105,149
164,175,172,148
109,108,203,181
135,84,120,78
156,159,143,233
153,154,104,116
53,71,101,127
169,130,134,0
149,154,139,146
90,113,149,138
143,127,113,115
68,188,68,70
170,166,95,99
148,93,151,115
168,129,147,181
122,143,175,18
139,113,70,142
64,116,200,108
146,80,93,110
131,175,203,112
177,202,103,196
85,209,80,125
10,143,68,160
124,69,121,122
134,134,181,69
154,64,199,134
98,168,176,129
62,100,132,101
159,76,125,33
62,191,134,120
55,96,140,192
114,162,133,94
147,153,117,74
145,115,161,144
129,131,144,126
79,209,153,72
102,105,102,167
43,113,146,130
80,106,92,138
124,173,155,93
98,158,93,148
162,194,80,118
172,94,157,120
92,112,101,85
154,168,156,93
110,122,95,108
152,109,94,143
109,131,123,173
125,108,144,134
99,190,149,81
80,136,122,224
92,170,171,161
123,137,209,60
83,130,121,87
178,64,104,107
81,30,88,82
161,107,110,162
92,153,91,146
156,106,155,215
100,136,96,188
137,177,116,118
174,53,139,20
94,99,59,159
152,206,168,182
161,179,131,98
142,57,139,106
141,79,93,132
124,125,169,52
93,154,123,107
79,65,128,67
150,190,97,166
69,135,162,180
148,140,255,203
166,99,171,108
186,163,90,48
109,89,126,22
146,140,134,88
154,134,95,100
137,148,170,78
157,182,122,143
135,146,138,202
152,163,86,146
146,110,143,120
144,193,145,199
107,132,140,163
64,86,135,131
107,143,189,116
134,149,114,125
111,161,153,138
132,109,135,141
7,169,193,165
156,140,125,146
82,135,91,109
75,116,140,158
73,157,106,206
139,37,144,109
176,128,140,96
129,105,134,95
160,111,67,87
84,134,139,102
111,119,182,116
181,167,82,141
166,89,189,59
156,55,126,99
135,103,99,199
120,95,148,62
157,189,100,207
171,87,100,212
139,137,176,91
218,172,175,132
155,85,103,241
133,49,195,123
115,238,160,136
112,151,130,84
89,61,93,171
181,134,128,0
74,106,200,160
198,83,112,133
145,232,97,89
178,105,84,110
119,120,161,175
111,160,170,133
78,89,115,62
152,66,142,114
110,239,119,186
112,218,147,181
109,159,157,128
159,74,138,102
129,124,97,168
95,66,146,79
105,131,111,142
102,146,141,219
145,171,172,98
61,91,155,192
155,142,58,154
37,187,156,144
137,166,220,148
158,96,115,95
56,142,181,164
143,65,75,165
128,131,210,125
47,112,179,106
160,112,104,148
125,49,225,140
67,157,75,153
135,157,91,104
123,56,189,19
127,149,93,145
126,132,165,80
177,70,89,144
146,90,121,172
137,121,82,129
91,143,112,143
196,198,160,149
190,182,89,155
135,44,148,110
99,210,195,141
83,146,121,216
158,88,73,177
114,46,166,233
135,127,114,204
33,72,131,60
101,129,108,131
162,149,119,183
120,150,205,164
54,124,184,85
170,37,163,181
169,133,76,122
135,197,109,99
76,163,93,91
133,178,146,20
187,148,181,132
154,117,43,106
36,83,145,182
135,88,200,62
174,32,91,111
187,170,80,137
160,171,142,150
133,136,107,165
102,133,69,163
91,96,138,39
168,146,131,143
145,105,177,143
162,74,133,170
85,198,124,136
184,130,181,176
171,158,121,145
127,124,108,113
52,113,119,137
175,189,108,133
114,172,178,137
102,87,160,168
86,133,160,181
145,63,172,105
136,174,141,86
94,159,231,106
84,121,113,159
164,189,132,248
133,164,127,119
77,133,174,139
89,184,91,143
178,57,127,146
197,130,115,140
117,199,106,135
149,60,95,120
94,140,75,115
125,69,133,92
109,127,134,93
133,104,124,171
139,110,177,174
145,103,115,116
115,188,161,136
131,128,94,105
140,168,124,172
211,89,124,0
147,226,140,149
207,147,194,127
158,122,65,183
193,103,145,135
78,128,101,141
129,115,107,147
172,118,113,116
187,101,52,118
165,109,102,68
80,78,60,94
124,43,146,85
209,153,172,49
67,106,144,146
171,164,103,199
149,167,78,137
138,114,89,57
138,80,192,110
184,124,194,120
156,177,170,56
213,169,106,60
111,131,154,123
118,100,174,81
156,166,131,171
212,139,56,109
69,140,96,104
127,131,97,95
110,32,94,181
60,61,187,101
149,19,149,131
128,62,123,120
133,134,168,156
121,173,170,132
96,80,141,112
153,179,105,6
120,67,73,112
49,129,76,37
175,93,108,158
158,115,161,186
75,117,97,99
115,135,60,107
128,93,83,144
100,224,94,157
172,182,173,57
190,127,85,101
121,153,204,70
178,113,165,166
169,220,210,76
107,200,184,103
46,66,174,139
163,130,51,189
153,89,107,124
88,116,69,124
106,191,221,181
46,139,179,113
166,84,115,31
203,163,77,170
131,125,100,173
140,69,113,88
120,144,97,56
73,49,141,167
168,93,157,94
172,61,152,113
162,148,164,74
165,82,89,196
126,80,48,107
98,195,128,156
179,146,181,193
137,108,84,117
96,136,117,177
169,122,187,141
153,168,113,185
115,151,70,144
125,198,124,139
153,181,160,143
115,157,74,175
91,163,94,30
193,127,177,131
199,177,134,127
94,175,136,149
196,211,81,143
97,136,138,75
71,67,35,122
140,154,142,164
181,131,91,105
36,186,109,61
142,160,62,132
83,155,166,171
110,165,182,159
48,145,159,140
165,104,144,116
132,142,124,159
159,123,237,84
175,106,53,28
139,91,147,106
117,116,156,149
177,140,121,46
124,163,192,140
107,142,123,77
92,30,183,141
114,165,108,143
71,174,134,99
179,102,97,184
42,116,179,150
69,65,182,79
153,59,149,104
158,147,198,211
92,145,135,119
91,84,137,136
115,87,92,110
138,155,136,108
113,166,113,196
141,132,119,138
123,37,65,149
199,86,78,165
181,104,220,156
62,140,58,68
171,144,132,142
113,163,117,219
108,94,118,121
109,97,77,104
15,138,210,140
165,109,142,136
118,101,156,102
106,122,117,116
117,64,100,198
76,152,122,92
123,121,73,209
87,144,105,159
102,129,169,122
168,133,85,168
146,125,97,189
101,85,171,126
137,110,178,144
124,61,137,61
108,91,96,127
131,196,174,93
78,122,124,143
59,154,57,141
144,104,110,140
151,177,133,101
176,56,170,163
109,123,107,86
89,112,84,83
154,144,81,172
116,101,118,153
119,167,96,119
123,97,167,138
90,166,114,129
85,182,172,199
121,87,154,68
101,59,72,58
151,147,74,225
146,192,115,138
125,145,204,113
142,58,55,194
49,172,90,148
73,185,83,211
106,84,149,58
70,187,155,164
196,124,76,131
148,129,118,186
88,98,154,105
166,110,116,182
114,75,57,88
64,169,145,101
164,147,158,92
216,141,79,140
163,144,221,142
124,143,116,136
159,132,102,182
126,124,153,120
159,155,128,155
122,97,148,79
62,91,50,47
101,107,99,124
91,231,183,92
103,121,38,145
122,69,135,198
129,87,239,177
50,92,82,167
127,165,70,197
76,210,177,159
159,128,171,162
175,204,117,73
137,85,159,55
142,96,162,99
168,86,143,146
102,97,165,209
156,130,152,96
127,87,121,133
106,170,167,169
126,192,172,83
133,106,91,107
115,156,85,157
162,131,162,138
157,78,118,138
142,53,97,97
89,109,115,164
123,151,132,118
71,137,49,126
77,87,159,87
76,176,96,120
117,149,79,95
119,156,122,115
116,81,152,150
47,163,162,144
68,129,132,182
81,66,180,81
155,80,75,54
169,63,113,159
78,106,81,143
159,62,85,79
139,172,165,123
137,120,155,142
181,183,108,113
163,135,182,107
103,185,51,115
154,177,205,112
43,121,147,92
140,171,113,144
141,63,16,102
136,66,167,194
160,154,134,114
220,183,146,56
158,175,160,166
133,116,145,87
120,108,122,210
157,93,117,141
144,200,78,48
168,71,160,144
147,177,110,158
192,108,115,152
180,50,144,99
127,127,96,175
187,37,131,196
81,134,92,112
67,176,81,141
78,138,133,90
174,148,101,49
101,124,92,98
108,182,145,177
177,49,153,84
114,201,51,176
24,129,96,170
151,157,50,131
123,135,98,146
124,153,77,159
133,138,130,107
55,184,152,129
136,121,102,121
120,86,162,99
188,164,125,106
141,106,121,93
90,200,81,190
152,136,108,63
164,135,193,233
147,87,60,181
153,148,92,178
160,95,150,189
131,158,68,117
133,140,201,210
79,227,201,133
130,214,94,107
151,80,119,165
116,229,96,71
105,180,171,100
168,205,85,119
87,179,118,191
166,124,95,67
133,33,126,137
84,112,157,70
117,148,66,175
164,67,180,117
90,37,118,71
173,127,162,129
118,100,106,187
51,80,152,150
114,144,140,125
173,65,173,148
116,33,190,65
135,106,106,109
102,145,134,151
92,148,44,157
142,163,158,140
140,79,152,108
150,75,173,126
164,132,97,93
78,119,147,196
139,153,165,99
6,181,88,146
55,150,135,75
82,110,83,84
129,135,136,118
132,83,133,131
76,126,71,156
185,134,139,118
218,137,65,147
119,62,88,133
150,112,184,195
49,121,166,182
105,194,104,42
123,148,117,172
51,106,162,96
125,119,57,109
192,162,116,191
135,91,149,152
166,93,154,93
149,223,132,152
223,92,169,87
140,151,130,154
106,156,157,187
104,153,109,75
95,58,167,145
165,135,220,77
94,76,103,132
127,154,92,166
70,163,131,195
195,146,118,100
98,157,108,158
105,114,73,120
110,190,142,82
153,135,175,134
149,69,141,86
172,119,97,65
0,141,113,113
131,113,156,174
166,102,115,90
167,95,100,188
123,166,133,174
98,74,77,77
125,176,84,93
179,124,155,127
73,77,43,93
148,113,115,132
154,181,132,169
148,169,152,191
83,128,168,146
117,141,147,70
162,139,144,107
102,158,148,127
126,135,163,111
180,123,105,131
146,120,121,185
98,109,134,127
35,193,89,129
114,93,155,130
133,87,112,139
112,188,139,175
161,133,125,59
108,71,168,55
133,92,87,125
129,131,175,82
162,157,82,170
139,136,107,145
120,71,129,123
71,120,138,130
94,70,181,143
187,193,174,86
146,108,151,165
131,98,67,59
138,88,173,43
107,161,125,75
63,175,141,38
49,162,156,166
97,147,94,157
93,95,22,116
187,146,101,110
109,94,112,96
120,74,135,109
154,186,95,133
156,107,167,109
175,124,185,143
172,204,157,136
175,93,58,168
114,69,157,154
0,127,143,102
158,182,160,255
93,119,95,150
224,175,103,163
153,142,155,102
160,75,108,215
143,94,118,114
166,170,36,64
236,107,109,87
188,151,141,88
220,148,151,142
91,172,135,66
111,173,140,95
159,201,122,150
130,131,175,55
85,183,106,111
172,135,137,178
128,75,173,36
124,138,139,136
140,139,131,132
111,60,75,141
79,149,102,41
88,162,65,236
108,130,119,180
97,74,157,65
131,116,101,186
151,113,159,123
168,192,176,145
110,98,168,73
99,164,186,133
75,115,165,122
92,158,72,113
142,130,83,184
56,126,195,121
184,130,134,51
138,131,95,191
82,117,214,156
197,175,130,255
149,142,68,204
179,40,61,160
148,145,71,128
97,137,136,131
73,119,146,72
112,93,177,52
196,127,124,133
51,194,77,79
73,186,140,160
84,157,72,68
145,172,111,154
170,92,150,206
161,71,119,135
85,223,140,103
149,117,64,131
225,131,217,182
174,149,137,147
136,117,185,190
50,112,118,143
98,68,106,61
110,140,99,178
116,181,224,131
184,121,127,211
122,128,85,65
144,63,160,96
84,124,108,129
145,158,140,0
115,131,68,98
101,185,174,160
84,94,148,188
86,181,107,78
61,119,71,136
124,182,119,110
109,93,63,136
181,153,101,182
110,144,113,202
137,155,103,170
211,122,111,160
83,45,124,142
37,107,115,131
76,184,152,133
67,158,117,55
171,185,117,147
114,147,108,138
178,127,104,138
157,55,156,130
60,115,153,155
146,201,94,114
154,187,157,142
62,159,149,168
148,80,136,110
132,132,170,166
54,49,207,62
144,30,90,127
109,123,128,157
124,123,205,68
126,107,82,103
194,168,195,149
162,129,142,148
95,193,60,122
142,129,139,186
105,118,163,162
58,193,89,153
82,165,152,140
203,103,160,78
114,141,153,167
82,42,157,92
68,132,130,210
153,39,65,72
56,105,166,162
91,133,129,54
182,144,122,154
77,155,81,95
206,107,168,141
183,57,127,146
181,100,92,75
92,115,73,146
81,72,95,116
94,60,108,81
191,188,140,135
62,121,164,110
149,97,184,193
137,141,144,131
108,165,123,133
164,158,22,93
91,121,151,89
177,136,122,83
130,158,128,23
214,109,130,99
170,180,118,129
129,94,177,98
178,99,75,101
143,75,118,123
163,105,135,133
81,191,81,86
156,146,183,102
189,145,93,118
129,121,157,91
108,170,147,171
120,130,178,86
183,98,42,132
106,127,128,136
100,181,142,182
74,105,126,90
149,138,99,141
219,91,82,168
83,162,151,169
96,127,90,144
124,157,30,105
165,60,134,182
125,137,96,89
75,102,153,121
55,131,183,176
144,71,46,199
186,105,102,94
91,104,122,161
95,90,173,132
157,151,140,95
137,95,112,104
91,48,119,101
143,107,111,157
111,182,87,93
157,133,176,169
102,129,142,155
133,117,146,155
68,148,89,135
111,131,159,132
67,101,119,66
180,102,98,102
109,95,103,145
93,161,184,77
143,211,159,131
155,154,189,180
183,87,179,139
113,130,138,152
55,135,143,201
193,149,161,104
177,113,143,123
66,156,163,246
162,162,133,122
124,126,22,64
182,127,53,122
183,145,125,31
136,107,86,135
173,212,154,140
104,126,179,109
80,156,88,97
82,171,115,138
93,89,117,48
96,112,142,100
107,152,121,84
158,96,100,4
127,189,137,152
68,135,101,158
156,120,104,64
156,126,185,144
98,79,67,175
179,150,118,105
155,82,131,81
135,105,115,86
218,144,175,147
255,129,119,96
181,100,94,220
183,161,56,93
64,195,95,153
107,96,117,114
136,193,142,131
143,151,133,98
81,46,183,106
154,83,158,113
25,98,135,141
69,61,170,23
102,106,113,86
171,97,145,131
111,49,173,196
43,196,141,165
163,151,120,98
113,236,90,127
188,115,165,140
120,228,117,112
149,67,157,106
50,173,113,158
142,115,61,135
180,117,114,157
74,92,113,97
196,109,137,97
95,171,126,125
98,113,101,105
145,108,137,159
146,102,161,122
148,130,94,99
207,123,129,124
51,96,56,90
74,122,164,127
142,85,167,113
184,105,103,125
66,152,101,159
166,154,74,172
212,102,78,126
227,179,178,134
129,188,126,149
101,171,59,106
132,158,46,114
148,131,107,149
117,177,78,147
184,100,108,115
103,239,153,161
111,143,80,101
115,162,136,58
184,98,145,139
146,25,143,138
135,159,95,151
144,69,137,148
110,190,116,94
163,53,98,86
95,71,95,78
84,69,92,116
141,178,130,171
100,80,95,135
152,116,122,143
89,181,140,147
53,87,72,176
123,102,141,121
135,167,96,54
186,151,119,135
36,53,44,91
0,178,99,99
101,166,153,129
157,117,97,140
123,165,126,168
159,129,90,76
118,171,71,104
104,160,29,140
206,116,150,115
188,80,135,158
75,73,175,115
144,0,75,40
89,114,31,205
156,137,18,146
83,99,98,146
128,122,94,157
62,64,102,139
188,165,114,198
142,153,128,121
75,161,144,167
202,191,117,90
62,116,99,54
85,35,79,104
87,92,165,92
87,152,84,97
167,194,143,193
201,89,144,243
58,122,147,71
91,98,157,101
63,105,116,209
122,168,130,189
187,85,101,136
190,159,134,80
150,172,155,191
141,120,130,146
70,105,88,132
192,131,226,143
74,130,135,140
195,137,183,58
186,162,87,128
153,116,124,134
56,165,216,109
207,94,200,137
188,55,71,216
125,76,125,157
94,142,106,115
158,90,135,160
122,56,145,188
119,197,180,96
68,132,122,163
86,101,55,149
99,126,127,95
30,151,110,79
43,134,107,118
124,143,162,66
154,142,73,118
174,201,162,60
123,129,196,174
136,176,194,137
84,144,101,129
77,162,183,136
198,178,156,13
145,102,71,73
76,192,176,137
51,86,79,99
41,59,201,143
172,132,189,139
34,168,138,152
109,89,140,136
108,96,192,115
125,155,127,200
114,178,99,137
119,182,139,164
244,133,55,99
142,97,111,160
49,133,128,126
130,192,153,146
107,213,100,176
128,91,134,73
144,154,161,155
111,135,132,132
94,126,138,110
139,168,72,67
102,139,193,195
59,142,136,144
155,76,118,138
101,180,142,129
106,197,110,231
193,157,123,112
98,133,118,118
122,155,72,105
49,85,113,157
107,89,138,172
134,120,180,141
130,106,107,126
116,129,126,143
191,130,54,131
86,131,83,62
152,167,157,100
89,154,79,186
244,150,152,100
176,84,189,109
118,108,118,110
141,131,99,145
157,65,230,56
207,103,112,95
238,106,161,123
143,194,170,101
130,77,56,112
82,180,120,114
134,120,150,55
138,112,116,117
145,150,90,80
150,101,128,8
140,152,158,14
144,133,127,74
95,184,135,52
196,138,122,177
112,99,129,62
121,110,156,96
133,108,122,134
88,171,177,157
141,204,113,165
124,175,64,171
179,80,172,102
132,134,99,183
145,173,59,111
164,186,122,188
75,112,181,176
110,175,103,195
113,51,46,101
143,192,148,176
31,142,126,175
193,128,106,147
124,138,143,171
108,39,222,114
188,142,67,95
106,131,133,159
111,208,99,158
149,155,42,117
139,76,3,144
23,108,164,62
172,110,108,137
166,203,68,115
96,107,167,197
171,154,101,103
98,128,167,213
142,108,86,122
115,86,106,149
168,47,167,62
91,153,150,172
168,60,159,137
129,166,124,67
94,130,129,106
166,118,155,147
121,117,137,83
147,173,157,120
99,106,141,133
128,164,106,124
37,95,156,39
82,140,212,213
17,128,127,107
99,141,196,76
83,148,30,93
162,85,125,147
102,162,63,159
186,161,197,92
115,117,90,76
143,222,166,146
68,208,79,156
145,98,144,50
156,70,47,55
158,167,191,131
102,161,114,150
161,177,141,162
228,144,87,230
57,27,118,74
129,115,105,118
147,76,178,115
147,108,131,95
111,126,160,184
133,80,107,159
165,121,104,148
165,89,159,129
77,141,187,98
97,167,122,187
44,121,154,96
105,60,156,189
45,114,123,120
88,123,155,62
78,166,109,182
106,95,116,174
137,106,150,128
161,229,164,120
186,148,118,109
181,72,81,99
57,143,105,100
128,86,90,144
62,169,140,186
145,192,79,129
109,145,182,60
126,154,90,105
105,130,114,122
85,101,107,150
80,158,120,157
0,108,197,86
53,94,81,156
60,58,156,146
174,136,127,190
112,116,144,116
70,185,165,165
128,147,117,169
100,74,220,180
77,194,156,131
223,105,159,145
126,204,183,32
112,133,152,142
187,160,146,147
137,99,131,133
50,81,81,163
147,114,81,37
153,87,168,140
97,158,158,158
219,120,150,91
178,52,126,107
74,175,104,76
109,122,130,142
121,207,132,86
168,121,134,148
123,118,166,144
115,84,0,63
156,108,91,110
100,125,150,38
169,149,176,76
160,89,67,140
57,102,146,92
140,127,151,133
50,91,117,228
91,107,41,81
93,206,126,88
120,84,124,94
131,160,174,176
152,180,77,132
122,200,133,112
123,160,214,207
154,180,121,144
169,117,124,98
119,68,221,102
132,161,65,147
54,105,133,115
155,134,175,72
183,158,206,87
121,88,138,114
143,173,141,126
120,178,151,97
166,79,118,106
62,133,146,134
147,166,201,153
88,117,198,120
0,187,121,255
116,137,131,142
91,144,180,177
154,97,53,222
93,174,106,137
170,171,97,202
148,139,83,32
192,115,174,133
119,168,120,63
142,58,162,39
139,186,169,149
113,80,105,103
143,92,58,141
86,88,146,89
128,54,154,141
108,73,100,111
127,250,201,115
208,185,111,95
143,135,143,157
85,153,186,201
139,187,149,168
148,59,214,185
99,171,73,91
140,178,161,62
73,67,94,177
120,152,188,120
139,155,102,184
187,118,188,152
126,141,102,152
151,55,99,73
101,135,125,64
165,163,178,116
120,122,74,35
120,137,111,138
103,107,115,104
83,64,86,240
127,194,110,143
130,127,159,159
151,161,141,119
161,59,82,126
118,185,128,172
163,108,94,155
128,131,163,71
71,167,143,100
147,174,79,150
140,191,93,168
129,87,2,175
146,118,172,172
37,162,154,120
156,185,107,107
108,154,164,168
142,110,119,70
22,125,95,15
45,123,168,148
89,146,125,214
88,153,138,168
62,127,125,126
86,160,91,168
172,169,90,159
108,140,136,185
137,78,54,177
59,118,127,150
145,151,112,107
138,148,181,151
96,105,115,155
117,111,146,132
139,128,135,132
91,201,87,117
101,131,158,128
198,105,123,190
166,139,92,147
151,104,137,170
119,119,116,132
112,162,119,232
155,96,142,164
84,131,134,203
186,126,119,209
101,144,88,186
102,148,107,88
196,62,110,158
76,98,101,140
136,111,191,84
169,121,173,138
159,193,63,174
145,146,91,152
110,161,117,77
192,151,93,63
151,85,200,101
124,147,155,134
134,148,118,94
113,118,87,56
117,106,44,162
51,153,142,136
105,85,99,89
126,139,192,140
151,149,140,112
136,151,110,170
97,163,193,193
147,153,107,89
128,115,128,68
58,169,211,180
92,104,82,206
133,110,212,75
84,133,76,107
117,118,120,130
131,152,121,108
84,115,136,129
97,126,113,121
153,95,95,138
166,149,186,154
150,84,148,176
109,97,161,145
174,82,79,160
137,115,136,45
125,76,131,186
79,78,131,92
81,152,163,132
127,141,53,169
101,96,130,93
147,120,219,74
186,61,137,181
132,95,158,129
171,151,93,165
118,178,54,83
101,143,110,110
134,143,118,146
119,159,139,85
131,121,20,145
160,57,140,83
128,149,192,141
97,119,144,187
143,192,143,210
125,130,91,110
169,156,155,86
132,137,114,107
204,86,104,194
198,110,116,170
121,245,172,161
235,159,111,102
84,178,107,110
71,135,33,166
201,86,131,224
88,63,212,99
137,170,68,91
74,164,166,135
106,140,172,91
151,156,41,93
88,137,90,212
143,76,88,82
26,211,96,161
126,202,108,112
78,172,109,111
136,141,149,151
121,154,129,147
96,105,207,118
103,135,251,133
245,200,151,105
157,90,188,147
168,74,108,178
84,158,192,45
52,157,255,170
49,71,121,57
112,119,127,52
133,155,111,89
151,140,110,149
83,64,135,129
233,148,134,90
42,148,139,187
175,179,96,169
172,147,161,195
208,67,121,169
78,140,164,141
65,184,204,139
165,61,93,114
152,143,112,137
192,109,131,132
130,113,156,20
121,79,177,91
75,146,168,77
199,127,216,125
105,169,170,161
147,206,189,145
138,126,201,180
97,92,56,121
136,194,129,88
76,88,169,65
75,106,63,112
121,93,0,124
128,97,160,172
143,138,129,101
155,123,131,91
113,170,139,208
112,122,85,109
114,138,165,88
101,140,92,160
117,157,174,170
137,100,151,45
88,89,194,224
223,8,137,167
177,124,75,106
140,218,109,113
99,54,141,210
37,49,79,116
154,126,131,120
100,80,188,11
117,183,85,45
143,144,164,107
121,203,44,150
102,158,83,151
156,158,122,132
124,176,82,60
49,120,163,78
126,163,81,148
125,128,186,147
95,180,168,183
97,146,149,196
69,116,136,140
255,131,38,120
133,108,75,82
134,87,171,139
65,110,162,128
98,80,76,174
195,112,68,123
142,182,55,92
238,131,96,162
65,11,102,140
175,165,163,203
132,135,128,114
87,149,109,166
79,114,183,44
138,109,78,113
153,226,98,117
85,126,113,155
125,124,45,125
107,180,65,126
187,96,147,56
170,90,98,156
224,132,108,113
132,81,131,109
83,156,145,192
201,35,212,117
159,105,158,150
125,111,146,109
171,46,108,135
112,149,151,75
218,176,126,146
141,158,130,78
177,110,143,167
126,130,100,129
148,122,161,153
121,144,134,163
117,148,166,108
164,121,236,49
101,129,77,148
135,146,120,92
175,67,107,87
138,131,81,188
132,88,178,149
187,89,126,78
160,143,94,163
113,98,163,115
170,63,162,103
113,123,63,114
86,77,199,123
161,114,161,126
140,133,128,72
127,153,110,140
108,152,117,158
82,116,180,112
169,41,73,193
168,94,100,121
146,130,85,161
183,227,118,138
158,172,124,97
104,80,120,92
157,197,149,125
93,116,147,125
97,93,119,133
146,122,173,136
89,87,188,118
116,175,72,213
114,115,181,113
85,81,90,195
146,224,109,184
92,144,72,124
196,123,163,165
124,129,96,141
109,82,78,171
67,137,140,196
141,101,143,158
70,64,161,122
148,170,220,240
106,171,125,157
136,90,107,76
154,84,148,140
165,139,168,41
168,91,129,114
138,97,168,122
113,117,147,78
159,137,68,85
134,93,116,75
103,125,118,183
170,165,158,197
141,121,78,126
81,53,95,83
35,83,90,162
150,122,116,126
108,129,118,94
120,114,147,129
107,89,99,77
61,129,91,148
155,109,116,50
67,122,89,176
127,87,128,75
113,106,158,117
75,178,122,132
144,119,113,170
113,64,192,143
112,130,91,95
160,126,95,125
187,212,177,162
144,169,118,163
160,180,155,124
116,159,159,96
100,108,92,163
186,229,45,165
156,145,100,159
140,141,163,175
107,111,211,128
65,125,152,187
173,155,174,123
143,38,158,178
189,90,62,78
94,121,164,161
119,120,160,154
155,165,108,208
69,81,23,180
103,99,183,179
199,167,150,197
132,159,71,140
115,187,71,109
127,110,236,151
143,155,159,150
113,144,129,156
141,135,144,140
169,155,215,163
143,148,166,128
105,135,154,54
196,190,110,105
143,139,185,104
121,168,150,168
150,167,57,146
141,135,95,197
90,146,45,129
104,85,131,114
73,126,146,160
158,72,18,75
123,108,112,118
221,130,144,140
161,83,112,201
92,45,162,71
196,128,199,178
172,112,93,109
143,116,120,146
128,96,107,147
114,75,128,169
180,116,101,121
140,147,158,161
38,207,90,133
88,74,70,31
74,163,234,96
89,177,127,144
186,129,110,109
120,165,97,70
107,197,130,181
226,132,49,148
110,73,0,129
117,120,77,87
174,185,209,137
119,146,158,229
180,60,196,180
146,162,127,96
103,139,108,179
94,104,190,118
91,146,173,102
199,79,161,190
115,174,110,135
46,149,117,93
113,136,114,151
190,130,138,52
111,98,132,118
119,105,134,86
155,120,179,90
103,165,33,170
143,126,136,119
100,194,71,112
145,243,126,120
104,49,100,68
79,4,128,159
144,128,69,107
188,46,164,148
85,168,145,140
179,109,133,130
90,74,129,129
68,145,146,52
63,54,149,112
119,175,123,85
164,152,160,182
207,169,132,95
90,94,96,145
170,123,182,116
150,155,175,113
120,166,97,119
96,90,50,137
100,163,188,120
62,83,109,175
84,133,173,91
153,139,206,135
72,111,141,227
165,124,133,116
156,86,188,141
137,195,70,145
142,157,125,57
162,126,106,133
163,156,167,111
131,62,146,172
158,184,172,102
191,143,70,121
161,93,142,144
146,156,147,39
118,104,119,179
92,124,123,59
75,42,95,120
105,150,194,181
155,105,190,83
59,61,124,105
191,79,49,96
160,105,167,140
140,149,142,130
121,132,118,108
5,146,178,150
19,120,159,127
95,168,157,83
125,69,104,119
75,116,180,163
86,122,96,127
193,70,140,71
127,146,105,170
181,163,170,92
82,117,131,136
141,113,137,112
128,59,136,115
184,109,58,108
124,212,48,124
87,174,123,144
111,130,132,161
83,92,75,133
154,139,125,111
190,157,87,137
114,137,60,62
115,128,120,70
152,172,192,169
149,127,150,111
187,144,185,134
117,111,104,147
117,153,123,87
152,151,142,133
157,167,37,144
170,83,104,148
145,145,143,67
114,98,132,204
185,98,107,142
150,91,69,85
129,99,132,87
159,137,141,101
103,121,188,67
170,112,159,147
138,139,148,104
110,136,158,169
160,103,159,185
132,112,213,88
51,111,118,158
84,121,122,85
42,115,139,136
160,55,142,79
154,131,121,118
180,190,71,136
109,161,122,99
147,42,146,149
146,142,153,16
50,132,107,81
132,129,113,0
70,185,161,142
129,119,105,119
134,145,143,80
106,182,96,133
102,147,122,93
242,94,92,89
91,163,196,35
115,115,162,153
166,113,155,188
115,83,159,145
107,153,149,66
107,100,122,87
137,156,106,78
103,124,111,103
149,152,186,198
168,111,38,140
70,178,163,66
107,152,116,152
190,212,84,41
112,139,224,161
78,102,117,183
62,121,139,157
143,106,157,84
151,151,169,163
126,109,148,180
85,140,89,103
56,127,175,125
68,102,207,138
90,168,174,165
95,94,139,159
112,139,95,70
157,139,74,174
153,116,161,141
189,4,185,148
90,116,148,46
148,134,78,108
108,207,173,66
95,97,60,127
144,118,74,167
143,149,148,183
190,150,76,82
140,89,122,136
213,130,75,75
69,128,248,166
189,163,93,192
129,69,118,138
137,168,68,65
132,101,98,122
155,73,181,204
60,152,151,181
180,208,29,82
199,141,216,82
103,188,108,103
59,77,158,140
41,100,159,103
135,74,126,165
135,134,145,187
141,182,94,113
170,84,144,82
107,135,60,165
177,141,112,97
114,108,168,132
118,125,128,138
71,107,152,128
39,149,160,150
103,76,163,91
180,205,60,104
85,181,99,149
107,138,97,181
130,156,107,125
139,69,174,113
69,182,141,121
151,199,174,184
148,118,84,95
141,120,82,173
89,165,163,114
105,195,168,145
107,62,194,160
145,184,124,133
93,145,163,136
108,208,185,80
140,117,53,164
109,143,74,77
101,151,131,138
80,174,187,125
81,161,187,143
102,74,79,128
109,105,101,103
123,131,105,79
196,168,224,111
207,125,86,71
96,178,86,160
146,124,163,64
97,96,177,37
220,131,191,207
128,84,154,151
79,147,109,68
52,92,140,121
117,127,150,55
191,167,82,142
125,53,179,136
230,60,136,74
98,49,159,191
132,153,110,56
111,199,88,115
186,157,194,93
213,107,176,123
162,205,171,77
162,129,118,168
136,114,156,90
98,76,170,0
126,160,171,52
166,141,200,154
19,72,184,208
165,102,61,118
152,165,117,128
128,92,84,130
137,154,126,99
149,160,214,59
62,154,163,136
160,120,222,100
85,188,127,103
183,136,143,122
35,175,134,155
128,193,155,120
189,171,183,76
123,142,92,175
215,144,155,106
140,143,142,91
153,136,108,203
55,69,62,154
188,144,122,126
129,164,216,152
125,228,24,79
81,137,65,106
210,70,115,152
86,203,117,169
104,132,161,182
134,160,102,78
96,130,75,123
88,69,55,116
224,140,116,157
173,127,141,72
46,134,73,204
121,149,105,146
166,101,169,66
97,88,143,84
73,162,82,93
110,54,136,139
132,83,100,122
39,104,147,94
140,177,157,159
143,84,176,119
169,56,123,158
112,89,128,211
156,113,120,156
136,222,173,121
106,128,251,106
119,53,182,138
100,96,82,139
126,57,220,145
104,103,158,107
110,54,172,98
151,193,163,44
64,20,141,168
149,102,205,117
102,147,114,216
136,0,148,187
147,141,82,155
184,130,82,48
122,131,165,198
127,121,123,68
49,121,118,181
196,109,163,116
72,98,53,156
95,135,10,164
66,135,48,223
174,93,174,130
111,80,55,106
199,152,173,46
71,185,129,155
40,121,201,158
98,110,135,117
220,141,144,114
86,182,123,68
138,92,125,129
152,73,163,42
135,194,149,157
135,88,103,65
152,165,154,102
144,117,105,113
52,131,94,100
131,163,166,130
123,133,198,116
217,70,172,101
135,81,182,159
139,111,117,147
105,150,139,109
189,179,131,173
97,154,79,126
103,79,116,57
56,208,147,165
141,172,183,192
82,161,194,179
164,146,134,141
93,67,137,124
184,57,78,0
54,172,123,95
144,151,89,74
187,143,165,169
207,100,113,147
120,86,176,108
97,155,136,126
165,164,70,167
124,126,185,30
153,136,100,97
43,165,122,103
59,111,101,188
72,157,92,102
96,210,70,115
70,191,148,107
115,126,89,152
120,168,143,103
83,149,178,54
106,116,156,97
64,114,71,96
170,91,215,63
133,167,107,152
172,112,181,118
175,5,60,118
142,146,135,161
84,204,128,62
53,138,145,78
165,255,182,115
133,187,154,99
180,118,229,166
171,171,133,138
182,192,191,109
180,210,100,155
90,121,129,40
101,106,191,165
157,139,137,237
156,120,113,99
169,87,175,197
186,162,44,96
96,80,123,84
61,128,175,75
111,161,178,144
210,100,104,159
166,175,96,189
142,102,136,126
156,158,123,109
132,67,109,103
156,44,141,130
106,93,204,171
79,109,89,126
130,159,121,80
158,162,141,193
97,47,138,164
71,175,133,187
76,96,85,136
192,124,126,233
69,161,127,148
137,110,197,115
96,120,235,199
137,177,147,118
211,193,163,159
166,129,157,156
137,110,66,131
94,190,105,87
148,182,170,177
174,157,84,89
69,101,149,169
154,136,128,132
121,140,99,176
105,190,132,100
101,65,109,193
139,121,146,111
126,81,64,209
132,68,175,69
191,124,22,157
116,156,79,133
124,130,125,110
78,144,206,100
157,138,75,165
134,202,152,117
132,179,90,112
126,145,60,130
165,119,112,73
124,87,183,105
137,133,115,125
143,143,127,148
59,102,231,129
96,187,172,124
123,184,153,101
138,153,164,151
114,108,169,103
144,158,90,133
91,117,203,124
158,89,163,69
149,154,154,137
110,202,92,81
186,174,109,208
119,115,141,78
124,117,138,173
118,130,110,172
156,214,128,111
146,184,196,132
145,139,155,107
126,138,115,88
134,165,170,0
219,93,107,99
158,51,127,117
114,97,175,123
187,148,116,99
138,122,90,123
106,49,128,55
150,140,84,70
82,217,123,117
121,207,143,151
172,12,101,111
171,29,101,152
142,148,210,98
93,20,157,125
20,233,141,148
135,124,184,57
125,120,183,116
145,94,124,132
207,143,146,147
93,134,103,88
118,93,71,161
183,99,179,152
91,162,72,154
180,198,142,189
169,66,128,185
186,179,195,31
113,110,187,65
72,177,164,111
195,124,83,99
141,115,96,102
98,152,106,157
155,160,201,44
193,151,113,72
102,112,89,154
144,117,162,76
118,64,157,155
151,48,162,108
48,163,126,108
149,188,171,190
109,115,156,107
129,158,83,86
109,214,131,179
5,126,168,73
76,125,72,123
55,148,171,141
128,189,150,179
127,163,99,146
111,145,69,142
61,132,194,124
59,100,116,144
111,102,185,93
164,97,167,167
198,105,78,56
78,125,74,191
128,138,116,151
46,158,50,135
106,90,116,161
129,129,117,111
155,136,119,132
160,178,167,137
65,155,134,93
198,165,104,226
164,215,170,98
43,130,117,114
115,67,195,138
125,29,156,168
141,123,127,200
81,130,167,146
89,167,99,139
131,213,163,110
54,170,129,126
172,162,113,90
104,170,113,92
79,67,235,181
124,138,124,196
144,175,75,130
103,100,228,141
103,138,160,119
109,153,183,70
237,32,139,162
97,124,149,174
141,81,204,43
128,163,147,122
122,80,94,35
118,85,91,134
124,122,163,165
194,71,139,149
182,106,126,201
184,121,155,137
151,134,180,123
190,96,133,89
108,113,179,193
189,114,146,157
76,54,128,135
147,159,115,122
134,92,110,120
148,213,146,162
145,137,115,172
109,84,180,104
115,217,168,114
90,129,130,103
193,153,112,132
200,117,172,255
102,147,131,134
130,96,164,168
58,82,162,129
131,146,149,151
174,159,155,86
101,120,80,161
132,76,84,100
116,196,146,194
178,73,118,191
71,172,80,108
129,149,73,138
145,149,124,104
74,151,134,125
152,132,136,129
213,162,133,120
147,216,79,139
216,175,164,192
99,139,78,104
205,140,145,224
125,99,31,98
138,104,118,76
145,149,67,129
182,36,65,97
114,90,170,108
203,134,210,123
136,83,37,222
91,125,195,149
180,141,136,125
147,67,148,123
102,116,164,119
99,127,217,96
86,214,95,140
255,89,161,163
115,113,84,96
83,143,141,113
119,175,143,53
40,86,168,100
139,181,60,147
129,78,103,142
168,162,155,128
176,175,140,168
67,63,128,197
158,103,86,132
140,74,190,129
75,128,177,108
156,175,67,130
195,98,144,116
155,161,175,98
141,171,79,116
105,153,83,108
167,224,126,157
158,149,193,137
129,137,143,128
14,38,117,141
124,96,160,185
171,216,118,119
226,183,38,95
112,121,123,171
53,38,98,167
157,174,132,95
55,90,235,116
115,145,21,103
109,94,138,161
97,122,103,111
173,43,61,142
149,125,129,152
140,145,169,101
151,92,94,157
91,118,98,107
177,133,73,128
68,211,174,94
102,99,73,126
109,182,131,144
110,137,141,226
145,119,161,58
128,66,108,183
91,121,214,126
133,246,234,46
77,161,122,90
60,83,90,130
89,77,132,92
81,125,117,75
117,130,80,110
111,125,106,46
172,171,94,104
193,137,180,128
172,84,144,114
184,143,111,148
41,159,157,139
70,114,127,66
86,187,113,202
158,64,79,110
159,104,133,126
181,86,146,199
116,90,95,166
132,148,112,55
197,96,208,125
143,72,100,160
181,82,77,206
81,30,173,110
136,0,68,120
223,163,140,128
112,104,160,107
133,171,158,114
96,80,80,93
90,166,156,91
106,187,175,101
187,133,149,121
125,78,161,173
51,162,66,143
181,128,92,146
209,108,160,77
109,134,108,92
125,123,98,93
184,192,203,160
155,122,147,190
63,142,157,133
115,109,128,103
107,167,83,118
80,187,108,97
55,89,201,132
180,56,14,79
85,183,94,55
130,137,207,148
60,147,95,42
177,170,137,203
92,181,108,85
132,182,169,162
172,124,71,107
1,83,106,96
190,116,140,170
83,187,189,33
58,111,177,119
150,149,175,156
155,131,190,73
141,162,185,143
60,156,145,127
85,118,174,216
181,140,171,71
107,62,140,121
80,122,127,158
87,169,43,194
110,146,138,145
91,169,65,70
113,142,162,174
162,97,150,94
160,74,165,147
199,96,21,177
138,83,104,78
136,181,157,130
55,106,156,47
102,187,157,150
188,127,129,106
90,109,108,139
128,171,177,71
111,139,174,199
182,179,134,204
131,81,164,115
122,91,104,180
179,135,73,131
105,100,41,172
134,145,110,148
77,181,143,161
114,110,135,189
130,139,98,56
113,132,87,155
64,79,160,109
161,47,168,229
139,216,175,142
180,131,176,123
169,63,149,158
97,162,98,161
122,147,106,110
172,177,90,149
45,177,109,162
152,28,123,64
122,118,133,67
93,108,133,126
102,133,118,110
125,125,66,97
140,142,216,38
36,191,139,162
87,173,71,114
91,133,218,129
180,195,84,148
156,143,6,128
109,44,102,39
84,124,135,42
61,137,111,51
191,95,143,142
0,151,116,141
111,73,127,108
76,177,57,109
34,185,143,58
144,174,93,111
132,178,107,137
217,65,81,125
68,58,97,97
15,154,111,101
170,175,78,156
108,83,137,148
111,142,109,158
92,136,105,134
172,74,122,178
124,151,29,139
120,124,136,82
132,120,54,127
53,69,111,139
109,127,161,111
153,108,179,97
100,147,168,44
138,126,75,132
138,171,142,169
89,106,160,135
73,85,66,55
41,197,124,153
142,118,139,96
112,67,149,145
125,57,59,181
100,92,118,97
106,112,70,136
174,142,162,144
147,45,94,178
89,55,100,200
210,210,142,63
172,169,92,114
79,108,88,169
75,114,156,159
159,96,124,162
67,118,75,120
151,90,100,136
154,144,87,130
203,124,129,91
97,96,185,170
117,124,127,166
152,119,70,120
95,128,122,167
103,133,84,89
76,178,160,241
127,111,115,92
156,63,132,111
189,120,208,150
127,150,52,124
46,212,93,69
198,194,152,220
110,128,150,160
140,96,59,112
186,117,45,92
133,148,104,79
186,81,167,110
123,173,182,112
133,91,117,150
121,78,126,114
69,83,119,145
165,178,78,120
84,134,123,105
78,155,149,169
135,180,117,121
117,121,69,175
83,159,111,129
94,175,81,141
112,75,159,124
147,138,130,152
144,121,104,156
53,125,183,130
121,29,96,148
128,255,153,117
57,128,168,106
123,82,240,76
161,118,155,186
111,124,35,147
175,149,119,136
217,123,185,183
153,165,200,166
95,152,112,164
96,115,159,79
200,112,158,115
150,186,108,184
108,179,89,15
108,184,154,188
174,102,218,87
131,140,64,184
153,129,196,171
158,97,111,66
71,189,62,173
210,150,234,107
88,114,203,105
69,53,163,116
165,211,122,96
143,103,84,217
194,225,189,78
109,205,98,69
180,97,162,148
130,118,18,115
174,163,158,113
111,137,146,118
19,123,16,222
91,170,168,84
43,158,68,106
135,135,118,115
106,181,162,182
141,186,22,153
154,149,69,114
74,113,166,65
136,99,98,130
158,142,108,148
106,154,100,151
184,94,183,114
89,164,124,136
155,195,121,63
159,145,176,49
140,136,153,118
86,141,112,136
119,94,58,153
101,108,107,156
129,95,41,125
63,37,124,197
111,182,151,97
227,230,110,143
56,111,95,134
47,139,127,88
166,66,56,91
63,182,155,141
134,119,174,108
7,160,173,74
70,128,55,93
143,144,104,158
124,145,79,168
85,105,128,131
163,119,171,196
149,120,154,119
69,70,143,127
149,121,128,34
147,119,119,80
191,135,63,109
30,169,56,154
162,139,108,112
88,134,193,153
173,62,149,126
134,51,143,80
138,181,98,151
144,100,97,156
77,132,128,201
151,123,90,120
185,150,160,117
149,90,127,66
165,74,160,194
72,129,181,105
94,95,166,121
88,187,142,98
196,99,134,102
142,137,123,149
216,176,131,137
80,180,168,52
95,0,224,164
87,59,135,63
113,117,79,199
101,203,144,113
174,144,95,48
88,83,92,140
162,58,175,153
154,110,145,96
96,21,124,139
130,243,98,116
173,62,142,140
132,157,180,53
163,188,144,54
104,144,68,177
89,60,109,142
100,109,174,95
192,53,174,80
168,119,203,94
105,58,164,171
140,119,101,118
161,177,108,188
132,106,165,121
170,133,133,157
118,122,222,131
177,97,179,112
185,149,130,208
157,155,98,94
109,123,42,49
150,115,98,140
218,169,49,47
77,159,88,48
109,202,47,146
149,60,101,92
212,165,33,124
89,138,101,101
138,76,93,125
179,120,124,114
194,100,228,87
108,102,149,172
156,138,97,40
104,119,91,116
152,136,92,64
84,55,159,62
86,191,192,165
79,41,222,176
76,143,87,128
111,133,94,101
111,32,99,143
189,114,68,105
134,142,162,75
119,166,139,141
140,149,129,114
101,143,231,112
104,127,193,152
142,79,123,116
75,125,120,195
133,199,165,149
83,148,129,99
120,155,166,135
109,158,67,125
151,139,102,115
92,76,130,85
160,120,154,164
74,62,153,84
139,136,136,108
99,139,86,163
79,117,100,161
174,183,109,85
237,57,192,142
212,235,97,66
135,63,188,134
180,90,151,109
174,174,154,138
110,58,120,121
131,66,84,180
148,138,96,121
129,135,178,119
81,92,187,105
200,160,178,119
184,138,175,117
70,141,143,118
114,105,173,145
101,70,139,91
124,144,210,140
77,127,112,76
218,152,146,113
84,175,152,89
128,164,100,83
207,136,36,95
200,74,49,53
144,163,166,216
127,52,177,78
112,203,161,191
120,108,162,71
57,202,109,134
156,108,82,143
82,127,108,186
124,170,175,155
176,162,122,112
163,106,35,188
164,144,107,104
167,187,136,103
144,176,155,138
79,154,116,39
66,119,118,73
101,110,126,147
153,103,240,128
158,136,146,100
33,194,64,60
112,157,121,174
222,125,64,122
210,193,93,204
90,49,137,143
117,108,54,52
148,94,151,127
160,106,106,80
105,69,192,83
125,167,190,111
192,110,149,142
134,211,167,143
80,74,115,165
79,75,26,68
78,172,152,110
87,169,214,161
217,99,100,143
120,157,75,35
138,101,109,86
146,107,184,159
103,202,145,151
96,158,140,118
49,30,87,111
126,160,109,147
122,100,181,98
131,129,148,164
94,138,96,169
96,116,88,197
110,139,80,115
91,138,154,90
177,153,55,101
186,139,195,190
132,109,115,109
102,152,131,85
56,238,151,61
113,96,91,107
219,107,154,184
79,168,148,149
131,122,151,121
201,164,183,174
185,109,85,84
169,150,111,185
132,117,112,117
114,107,185,99
115,150,165,202
158,52,64,77
198,152,13,95
134,111,161,134
160,138,77,143
115,78,135,161
219,120,154,129
139,148,156,82
147,216,126,98
136,118,104,201
125,196,90,183
143,25,169,193
157,105,133,151
74,118,78,65
202,109,117,183
160,115,118,153
135,149,216,221
181,174,139,154
151,84,132,98
123,107,195,66
140,153,116,128
84,199,190,159
181,98,93,163
233,147,149,143
108,109,149,135
144,127,98,113
171,88,88,47
142,63,136,146
129,255,162,175
104,210,71,150
138,153,151,109
113,82,97,131
186,163,50,202
37,89,108,168
115,152,125,85
145,140,78,55
68,135,110,129
82,169,198,152
112,144,81,151
99,183,128,92
166,90,167,91
91,181,210,132
168,123,83,117
149,172,111,126
171,117,146,96
120,147,106,127
161,150,95,190
132,66,192,71
175,176,74,104
125,188,128,143
132,126,143,180
127,61,134,32
213,106,129,202
142,162,111,174
114,182,179,76
171,205,105,96
159,117,86,104
134,167,65,104
89,114,176,61
102,176,189,84
138,155,122,117
126,129,110,118
190,145,212,117
64,101,131,80
62,101,192,168
173,197,112,127
132,135,74,107
167,115,123,120
124,121,116,104
156,22,162,180
109,170,44,108
84,197,119,204
99,133,83,188
70,89,112,103
154,105,154,143
47,110,88,143
127,195,158,127
78,179,182,165
98,100,175,172
130,137,197,148
106,104,142,158
60,93,75,187
169,114,151,166
150,192,82,96
80,145,184,109
99,137,140,176
55,141,161,63
119,46,174,179
154,71,188,142
44,145,134,196
145,138,82,107
115,148,136,107
105,134,172,159
181,51,42,63
132,89,150,149
92,92,0,119
153,142,142,204
164,98,126,139
136,128,60,136
124,79,62,110
110,99,79,118
105,154,130,214
100,98,127,105
104,106,110,130
165,136,183,139
42,113,123,148
196,140,116,138
158,103,138,144
180,158,213,136
69,128,122,115
147,54,45,17
190,123,77,162
140,157,105,116
115,133,82,126
98,138,182,89
187,140,45,183
109,16,133,138
111,67,155,108
164,154,139,53
101,127,130,169
152,174,124,36
37,141,143,64
88,227,187,79
100,61,139,148
111,100,184,185
195,98,188,148
87,149,168,112
231,47,38,74
33,183,140,186
58,174,105,136
148,162,73,75
128,148,114,73
138,48,166,134
115,118,157,186
135,113,119,157
123,117,167,164
156,124,106,111
137,87,110,90
92,104,146,159
115,4,199,123
202,107,111,150
120,234,90,106
183,129,109,136
88,213,109,157
134,124,52,174
168,155,109,90
157,132,166,91
106,129,180,166
108,155,92,28
183,47,99,107
183,102,136,151
81,182,92,189
144,136,86,141
120,149,135,142
117,107,119,109
154,134,56,125
169,3,159,205
183,151,86,94
159,111,79,90
78,58,130,72
225,87,172,145
100,92,90,82
84,91,89,163
124,148,119,190
104,132,172,121
200,159,112,119
67,89,65,181
87,103,140,97
134,78,50,11
197,184,139,82
107,140,155,163
148,107,84,117
207,176,104,148
192,114,128,155
85,141,141,163
168,139,176,141
184,153,148,136
151,142,82,93
70,125,131,113
0,133,166,190
145,83,89,124
180,142,67,116
138,90,156,32
155,176,88,101
18,94,128,76
114,41,173,163
152,147,93,93
150,111,82,107
233,137,141,138
201,124,142,152
193,186,164,164
187,111,81,160
177,77,210,107
111,177,149,148
133,139,168,156
134,136,78,109
104,115,116,141
84,185,75,153
105,89,69,117
146,93,205,101
143,66,52,177
114,86,107,0
79,159,96,86
151,195,83,198
176,129,58,156
98,120,159,168
176,68,122,104
34,128,130,109
76,145,118,128
122,128,156,159
124,81,180,90
143,129,196,165
130,165,117,146
117,114,188,141
102,158,131,127
134,100,170,203
85,92,136,226
102,81,189,120
75,153,75,127
167,186,208,139
128,209,94,103
111,169,100,137
108,122,158,137
119,70,180,101
139,192,147,159
176,138,123,153
76,125,54,110
106,112,101,118
204,160,140,153
93,110,152,157
133,81,46,117
153,110,10,66
197,135,32,163
181,124,121,120
60,81,184,94
20,122,58,116
104,83,117,46
174,167,115,161
105,87,122,196
112,84,121,159
125,71,213,174
150,149,129,75
101,157,157,105
95,132,113,110
128,122,169,186
153,151,189,129
99,179,99,112
115,103,147,126
93,68,91,145
74,166,59,171
103,157,155,161
71,173,160,100
82,146,123,82
132,74,92,151
200,213,185,161
111,175,126,74
103,132,74,134
108,185,53,81
104,97,124,90
181,108,134,166
129,136,185,117
180,48,147,139
117,149,190,84
66,118,109,88
57,118,146,147
84,174,161,86
138,187,199,146
120,148,83,64
57,181,69,120
183,137,57,123
169,97,167,144
138,185,127,102
110,132,113,157
127,117,118,83
99,74,89,165
161,133,140,133
135,112,90,66
167,89,112,138
255,106,130,98
20,140,184,164
121,90,78,98
160,154,175,75
61,58,179,145
65,25,127,142
106,125,161,65
45,68,224,64
173,81,90,168
79,156,176,163
255,111,80,170
154,65,161,77
93,35,115,68
167,107,196,185
139,176,131,77
62,174,206,113
155,110,148,74
153,78,1,113
131,125,54,109
154,97,129,171
133,40,114,208
175,133,133,103
122,72,152,173
111,103,55,141
106,105,157,184
97,109,91,141
91,131,164,115
79,109,239,105
179,152,150,132
162,232,100,162
107,140,85,132
95,160,165,177
123,141,140,170
134,106,128,83
161,121,118,88
154,182,136,125
114,150,87,105
116,143,112,117
56,112,111,116
117,111,198,0
176,128,192,86
117,98,91,106
163,195,137,157
140,122,62,40
131,104,128,129
160,53,162,179
56,86,101,151
78,83,167,101
108,87,104,87
31,111,172,194
103,201,106,151
51,140,108,85
160,126,181,155
124,143,130,115
208,152,155,153
146,118,58,92
72,172,120,55
103,116,98,117
113,159,145,61
122,45,95,195
129,85,63,98
69,144,155,113
116,41,136,148
157,124,132,145
180,99,134,60
136,168,107,161
154,134,177,107
119,131,123,46
121,138,113,136
131,122,165,60
30,114,95,166
73,38,148,188
164,137,134,177
158,155,188,147
87,208,201,255
198,106,149,141
161,65,111,122
125,124,129,92
110,120,85,83
33,49,203,188
218,134,166,18
80,143,146,125
128,122,66,140
40,135,144,141
175,100,146,91
71,120,133,153
107,192,144,131
119,84,142,189
83,121,102,187
141,122,158,133
180,188,127,103
115,138,117,163
161,141,88,147
119,129,134,54
190,160,196,76
228,141,98,32
209,73,73,91
158,160,139,115
132,55,44,193
113,84,84,122
125,71,143,156
148,129,132,172
113,139,169,162
82,151,78,132
134,102,161,92
188,62,137,171
204,107,83,136
127,173,160,148
49,92,105,104
81,120,91,129
102,166,112,59
93,91,158,145
87,162,173,46
152,209,160,148
172,54,58,112
145,150,138,53
183,120,208,90
139,93,130,163
160,180,83,103
204,123,144,209
148,154,121,75
147,216,95,90
40,101,133,112
98,127,174,53
158,140,115,168
143,126,128,87
144,98,135,107
194,144,72,126
122,181,118,138
150,130,111,109
57,92,122,144
123,142,170,128
122,191,97,161
106,122,116,111
132,178,106,135
131,141,144,217
111,161,111,166
104,135,118,157
133,151,137,172
78,194,176,116
152,102,94,149
139,194,116,91
159,78,126,120
79,127,162,47
167,147,161,162
138,160,124,88
107,145,105,127
109,112,153,51
99,106,134,131
114,154,88,212
130,196,144,211
105,148,216,51
190,178,145,66
97,80,174,136
75,111,181,146
104,51,137,180
131,63,160,218
126,93,219,132
26,82,167,149
123,169,173,177
241,187,143,121
115,41,109,163
73,99,109,135
124,136,143,219
117,144,164,107
177,60,152,214
85,117,135,152
210,120,142,209
63,133,215,148
155,69,49,35
113,119,98,195
117,100,71,111
73,184,191,101
90,53,174,110
189,105,222,151
115,63,94,147
110,188,65,82
167,109,96,165
81,138,92,159
163,76,147,119
132,119,159,157
160,217,47,133
136,109,106,141
162,74,82,60
210,190,142,69
185,72,158,110
187,38,138,67
148,111,139,144
137,185,185,214
122,181,87,198
163,86,58,226
132,210,157,139
109,84,124,90
97,204,118,123
147,110,50,167
143,135,133,134
86,124,141,162
178,91,67,176
128,188,177,155
115,74,111,105
181,110,130,102
0,113,99,207
189,121,154,112
138,12,139,104
139,130,98,79
119,151,172,83
153,148,134,173
86,71,160,137
130,108,197,147
136,97,132,132
112,68,206,50
144,145,113,135
94,77,155,105
59,147,103,123
143,190,101,152
177,159,218,132
95,134,121,221
137,187,128,71
113,156,133,161
96,118,93,89
104,60,163,84
82,142,178,129
79,52,171,63
189,129,90,125
193,149,106,176
79,196,255,114
134,109,139,109
118,218,165,125
142,114,153,96
175,0,152,39
77,107,157,82
131,122,74,142
175,101,56,122
142,116,70,214
155,219,119,130
122,101,142,132
154,111,134,85
83,218,142,137
117,180,173,110
121,74,108,115
41,150,131,81
109,29,112,106
111,159,66,119
152,104,131,97
213,112,125,177
95,147,114,80
128,130,40,120
110,78,115,101
0,188,189,64
105,196,185,120
139,104,99,151
132,97,107,174
231,219,130,213
123,116,58,85
130,98,67,231
94,169,171,124
88,83,113,79
91,97,231,87
199,219,12,104
90,111,190,144
139,112,146,160
143,70,38,32
198,50,54,127
58,157,145,209
101,102,127,217
122,122,127,139
135,143,24,126
101,146,127,128
123,102,148,165
128,99,177,131
135,123,134,81
94,175,111,146
108,126,111,96
152,120,124,99
83,129,117,137
91,150,60,134
71,106,117,138
103,237,169,143
82,82,140,164
159,71,77,83
159,149,122,208
123,117,154,178
67,209,112,115
107,65,168,191
132,121,188,58
110,102,179,187
157,172,168,122
116,72,136,82
125,188,191,136
146,150,79,127
36,76,140,125
104,109,82,178
194,140,102,92
163,114,166,97
209,126,48,145
190,143,123,172
113,62,133,110
176,136,83,214
139,134,154,169
196,113,135,202
181,158,126,158
120,79,139,83
179,136,18,127
82,94,174,192
119,151,80,87
79,77,150,150
184,152,115,112
127,132,108,125
122,92,0,148
68,208,196,75
187,128,164,190
139,101,124,138
136,54,53,157
121,124,59,104
93,137,121,165
103,166,132,97
91,17,64,128
153,159,154,160
138,91,187,141
255,124,145,130
149,185,182,105
144,165,51,129
185,127,120,87
128,115,171,146
115,42,76,114
65,192,179,114
185,105,164,88
79,164,95,163
82,61,91,192
127,135,186,95
162,102,97,151
124,199,103,178
139,183,179,118
74,131,96,110
105,191,93,69
115,159,70,147
122,98,44,190
76,164,164,123
137,133,101,164
153,119,114,154
114,122,140,89
73,182,188,63
144,134,138,179
128,62,99,72
93,142,135,90
189,121,162,120
86,129,183,151
140,163,122,30
126,141,108,173
118,129,179,0
94,99,107,124
116,194,154,89
89,118,117,199
152,109,93,79
230,144,61,86
96,65,0,179
113,175,186,90
141,195,176,148
87,124,99,143
189,131,81,117
100,66,145,156
167,131,124,88
78,147,125,177
195,142,108,151
129,35,103,89
117,172,197,148
114,89,165,182
183,130,181,157
84,214,158,13
93,224,116,71
136,132,128,186
58,153,111,90
173,99,58,159
199,111,116,127
155,138,160,159
110,127,82,102
75,190,80,88
71,142,67,88
117,137,114,161
138,146,170,75
145,153,79,137
149,170,199,104
197,95,119,113
96,73,105,84
39,77,138,111
73,94,115,219
60,130,120,50
57,96,93,61
149,39,153,132
82,223,131,45
114,54,94,128
98,71,83,166
113,69,26,156
160,90,93,174
95,168,144,183
129,143,118,86
144,147,131,125
156,216,135,95
206,159,178,127
86,117,133,66
124,144,117,137
141,161,156,128
110,158,120,103
50,123,109,115
127,35,183,87
231,185,77,118
114,87,123,91
50,135,230,144
75,104,141,197
156,31,32,160
147,218,121,102
173,132,100,157
143,162,104,215
130,88,131,198
171,102,121,146
88,105,76,210
124,175,115,96
169,115,56,163
109,119,121,110
121,226,110,71
109,121,118,96
36,171,124,105
137,90,126,121
124,125,140,130
188,100,121,153
168,83,102,169
177,170,114,55
151,94,213,85
151,74,102,90
105,71,48,162
158,117,158,200
170,148,79,118
131,0,237,184
101,65,130,130
78,125,91,142
113,96,94,100
40,157,142,100
99,119,105,117
186,99,136,171
137,192,187,127
122,101,131,162
176,47,146,170
76,142,178,119
183,50,155,154
145,232,93,217
155,120,102,74
115,72,88,107
125,112,185,141
145,82,132,109
136,191,172,132
146,98,120,84
93,85,191,159
96,167,146,107
82,67,101,106
172,108,129,7
127,139,176,148
102,123,238,184
81,159,56,127
114,52,94,131
153,23,164,62
131,136,157,199
134,200,180,52
41,245,117,124
93,94,85,121
96,83,138,86
172,68,88,166
189,156,104,136
53,112,190,106
171,80,188,107
117,145,140,149
123,67,70,106
70,200,148,170
90,59,132,147
141,118,187,120
156,94,121,105
176,82,227,118
62,148,171,233
158,133,155,174
83,122,116,149
164,72,110,131
101,75,133,70
90,141,51,97
154,137,119,120
178,42,146,193
121,96,104,60
137,64,164,150
90,112,136,108
143,106,89,142
92,206,182,61
210,143,96,131
68,145,170,176
143,143,138,160
140,173,111,199
91,134,85,163
120,116,98,116
103,114,121,172
130,149,94,107
137,184,65,188
160,126,138,106
111,137,116,174
162,150,76,200
185,103,101,84
36,133,134,56
149,113,109,117
61,176,130,127
87,141,119,192
166,59,114,189
97,106,89,152
149,103,83,131
151,165,108,242
46,160,89,197
96,83,124,127
34,96,150,195
140,169,126,162
98,120,207,253
92,82,112,124
132,111,126,202
199,99,107,104
110,100,100,50
102,117,121,112
94,147,105,110
111,195,158,169
144,152,138,159
113,93,61,163
90,125,151,122
193,173,113,154
153,46,55,92
148,97,152,209
180,163,134,81
173,96,172,63
150,117,179,104
153,140,118,73
176,157,42,217
99,59,170,192
167,77,150,145
0,91,139,255
106,83,159,214
92,204,110,81
143,204,138,166
199,87,125,154
167,177,32,143
160,151,118,155
189,94,128,118
158,129,142,104
178,127,110,116
139,160,96,147
125,148,85,106
172,41,65,163
68,184,92,111
90,191,120,126
131,146,119,82
110,177,145,118
123,160,164,123
141,117,131,140
33,193,112,87
220,97,163,143
188,163,96,120
227,95,130,108
61,86,221,134
178,158,133,104
151,196,202,124
73,234,98,140
255,140,117,52
144,110,172,180
62,56,103,111
54,112,89,131
151,138,112,156
65,136,126,69
139,169,188,129
115,143,153,91
117,129,138,78
145,44,87,78
126,105,55,108
141,120,198,151
176,172,210,181
97,120,126,134
106,114,191,166
155,166,140,100
141,95,51,185
103,150,162,161
185,104,141,151
69,79,123,129
116,140,121,40
162,141,162,151
152,88,163,86
146,95,89,10
116,39,68,126
133,146,82,159
146,28,137,93
108,153,159,104
151,92,164,134
174,88,80,176
123,139,217,114
105,132,108,95
176,98,234,135
128,94,110,118
103,168,140,96
61,121,206,99
120,107,123,169
145,154,207,156
134,165,191,153
177,96,125,83
134,159,66,19
140,110,129,133
211,61,137,138
147,120,151,141
29,50,82,191
93,136,156,91
180,95,124,130
104,156,130,96
135,86,189,119
70,121,223,47
149,110,174,102
113,178,122,228
124,160,129,154
120,92,131,186
122,158,230,113
82,133,67,66
102,146,77,134
77,101,110,178
177,162,107,126
170,76,168,48
92,105,121,96
96,209,158,69
66,122,109,117
175,98,140,86
129,91,168,146
194,138,174,108
88,225,95,120
98,90,72,109
150,161,198,195
76,84,131,90
116,177,176,93
123,126,136,128
165,157,171,117
142,129,90,97
202,168,156,119
138,111,168,124
58,87,126,99
81,109,171,132
164,119,157,194
103,105,167,138
192,244,169,37
96,180,255,112
131,195,104,132
118,170,115,147
140,110,151,164
110,67,105,14
95,107,117,119
126,161,141,133
201,153,135,102
138,163,125,95
118,87,102,191
79,78,111,116
109,15,114,134
181,108,141,145
90,16,113,126
186,104,139,112
168,168,66,106
187,102,68,79
119,240,129,151
137,108,188,153
68,93,143,164
110,139,168,106
92,93,147,166
96,137,91,170
189,109,110,151
96,173,36,125
199,182,225,132
177,173,148,139
185,91,136,129
147,104,84,160
188,108,135,134
110,145,150,32
125,152,163,80
119,95,131,128
119,153,164,177
176,182,113,140
74,167,103,94
94,166,158,162
193,94,100,154
105,191,148,102
103,76,114,163
73,163,131,174
75,89,150,100
179,155,171,194
182,138,85,93
125,182,72,160
210,150,124,122
100,163,148,60
179,143,116,160
102,228,58,122
191,139,80,121
142,121,153,163
155,87,151,124
161,45,143,129
45,100,191,88
90,77,167,164
181,156,134,117
168,162,121,154
85,61,59,102
121,90,148,147
127,94,122,99
123,152,169,139
154,64,116,128
149,143,182,128
160,104,88,140
221,73,101,104
45,127,128,146
93,189,74,143
159,157,75,100
115,51,162,25
102,121,61,203
132,71,81,139
154,104,34,154
124,139,117,167
48,148,107,69
140,109,120,136
104,187,103,187
102,128,173,65
86,159,62,120
146,119,175,94
130,95,159,120
186,174,177,162
111,97,160,114
156,117,102,235
191,132,106,207
151,192,105,118
138,108,161,148
118,122,130,104
110,160,101,50
163,159,177,121
145,85,151,110
127,115,67,120
86,127,127,231
108,134,119,175
120,138,170,88
116,114,55,220
148,79,140,211
160,52,20,84
177,172,88,222
87,72,127,166
146,184,139,83
141,112,0,178
101,94,135,43
119,141,190,104
196,162,181,177
146,162,57,159
137,110,176,114
151,165,127,151
145,169,85,98
165,79,164,172
138,112,108,129
160,141,181,129
88,56,153,132
106,130,224,142
159,80,201,71
79,113,85,168
167,144,112,128
158,109,142,177
133,165,216,73
23,151,135,150
93,117,124,106
166,217,149,90
37,149,200,119
86,136,130,98
47,77,114,102
148,196,142,134
116,136,117,162
156,122,110,128
160,94,123,145
66,121,142,93
140,130,135,135
82,173,88,146
81,108,87,88
135,147,174,195
86,122,121,120
119,126,176,118
128,77,89,78
98,138,108,81
176,103,124,104
128,181,183,71
85,153,45,161
105,154,113,52
179,78,144,91
107,134,87,119
99,137,169,119
167,196,150,137
135,115,200,103
149,118,162,182
103,139,125,151
171,155,84,137
127,140,118,160
124,114,117,47
54,93,88,100
150,103,102,114
144,66,100,179
99,205,105,94
63,136,216,136
99,70,82,171
124,151,122,134
69,106,223,119
146,172,152,134
155,151,132,172
171,131,84,151
110,176,61,137
83,110,110,75
128,204,129,177
69,134,108,92
140,71,179,111
198,234,82,80
166,196,91,135
193,229,159,83
187,180,113,168
143,129,130,119
49,205,96,151
206,133,152,130
150,172,130,88
112,190,114,150
146,105,122,62
83,100,176,65
209,128,166,128
135,123,59,110
61,109,97,152
127,130,148,151
179,31,109,128
176,116,193,182
148,156,158,64
157,119,165,133
156,100,219,132
106,120,70,195
155,95,154,139
133,65,162,159
98,90,132,160
109,106,67,166
122,147,144,165
122,190,103,124
112,166,72,123
108,1,163,151
81,77,105,132
124,202,85,116
247,121,158,86
109,159,135,142
54,171,104,156
63,115,172,142
110,143,97,174
126,84,81,104
40,98,84,94
147,115,86,137
173,101,125,142
159,130,147,128
115,119,149,41
176,73,45,172
157,200,151,109
187,139,112,119
111,117,95,86
127,56,98,108
70,155,140,72
133,0,111,133
154,110,115,160
178,97,184,96
76,71,142,52
73,128,121,99
137,120,85,144
99,148,143,176
123,93,98,96
149,133,167,136
139,102,133,153
145,125,140,154
148,115,111,174
124,86,134,168
107,150,74,126
105,103,175,86
150,150,158,198
120,149,132,129
96,98,172,117
71,114,173,108
132,168,157,222
113,143,78,136
172,181,140,180
113,127,141,124
75,172,128,79
137,40,172,122
144,175,158,93
131,170,127,170
136,154,139,161
163,151,145,113
50,139,191,63
138,64,80,78
78,106,133,96
145,151,61,150
132,76,113,110
118,128,134,104
139,173,133,167
98,138,157,126
119,89,121,93
125,28,174,75
166,169,189,169
114,100,106,134
180,146,141,115
144,204,111,207
127,148,133,98
104,212,38,136
121,76,46,199
173,151,57,87
121,123,117,159
131,162,152,88
194,218,109,133
114,158,103,59
115,148,254,206
132,142,74,171
96,51,122,163
74,173,99,118
142,31,131,171
208,166,100,128
123,99,172,125
167,172,54,211
76,132,93,76
147,117,115,160
87,47,119,132
113,100,131,50
130,66,184,115
150,179,142,147
50,87,76,142
168,48,137,201
196,137,51,96
73,145,137,138
90,125,143,129
29,203,112,130
76,117,117,129
171,171,111,153
82,227,78,131
126,159,138,79
116,122,155,130
81,129,37,142
92,171,59,81
119,142,133,132
31,129,21,143
139,71,123,151
76,155,131,108
143,163,46,122
152,155,118,98
184,91,127,88
161,127,73,169
158,166,163,111
190,124,179,105
190,141,109,149
155,167,106,214
152,171,164,134
108,111,109,127
130,40,151,130
144,79,56,190
143,134,46,104
52,8,123,134
99,138,60,173
121,145,161,121
73,73,131,132
173,123,133,99
144,234,70,150
99,133,208,68
140,137,116,92
105,89,106,133
96,105,157,137
105,76,66,129
144,137,150,125
157,87,52,135
102,167,103,137
121,145,119,95
175,79,112,57
120,176,155,215
174,185,171,97
194,128,172,118
130,79,134,106
174,138,58,134
163,117,173,113
125,145,167,89
75,175,118,184
67,147,150,143
121,123,152,142
80,74,39,69
128,108,137,193
139,157,112,106
165,93,127,94
177,117,111,166
97,163,196,123
120,167,145,65
174,120,159,225
59,122,134,136
185,184,60,136
53,118,96,115
56,127,90,133
151,78,136,95
129,108,121,122
83,162,164,147
157,124,61,94
119,165,206,171
111,123,99,188
151,65,99,165
148,107,146,39
169,0,79,152
87,135,133,137
177,84,116,215
146,124,119,177
110,109,92,121
125,130,142,118
163,97,127,120
116,104,167,39
85,163,121,185
122,67,155,160
161,116,206,129
238,108,145,98
174,73,106,151
46,160,108,180
195,105,92,24
136,153,120,239
150,170,205,100
113,189,174,113
149,134,209,120
189,116,92,134
124,117,35,181
71,196,149,76
120,131,140,23
116,76,227,112
177,83,128,117
187,62,86,126
166,59,98,161
125,94,147,84
160,110,104,156
121,112,67,175
95,188,153,134
248,132,123,118
114,110,64,148
133,28,169,183
69,154,140,170
119,97,95,115
125,182,226,71
138,133,163,202
132,133,102,105
145,158,64,151
124,139,121,159
105,147,121,155
62,136,112,98
93,177,163,25
69,118,194,85
158,90,103,139
105,25,151,36
189,176,96,165
127,99,146,140
122,75,151,105
126,114,124,101
120,139,141,210
14,105,86,70
99,152,169,121
92,69,82,99
224,98,112,144
71,107,79,100
130,138,125,177
157,161,100,141
179,52,8,84
107,130,165,87
100,175,238,74
106,182,88,226
164,63,74,156
127,113,86,113
167,75,134,103
106,179,171,64
36,87,65,56
111,57,195,136
184,169,106,133
122,177,118,76
105,164,109,164
130,56,163,138
97,104,109,165
115,111,114,70
76,90,85,122
108,100,74,138
142,168,164,230
83,193,117,98
86,151,105,171
182,186,94,127
255,139,131,218
174,211,114,152
154,219,101,115
118,127,140,95
122,99,127,127
41,90,139,89
86,92,111,195
161,208,146,163
155,145,209,167
45,138,61,63
117,90,144,186
187,154,121,142
201,53,131,148
164,126,121,161
88,190,114,134
105,196,8,157
163,53,96,86
114,137,127,109
105,102,210,189
75,142,149,199
87,143,120,88
79,150,164,104
157,100,98,130
161,107,59,123
119,142,94,76
156,124,0,216
176,64,86,99
100,163,67,161
117,57,176,90
81,109,173,123
199,132,122,190
173,74,166,35
129,111,139,161
200,101,150,146
130,169,171,101
75,102,179,74
93,172,88,134
130,86,83,20
126,190,195,155
56,104,127,205
215,90,140,149
172,107,154,148
218,103,71,143
106,124,116,176
85,148,135,122
104,93,92,123
106,114,106,70
214,131,157,218
156,113,121,151
164,121,184,133
106,173,144,169
169,97,91,54
121,77,14,143
123,129,137,128
143,136,97,110
114,103,137,91
138,181,108,56
164,170,105,101
116,146,115,130
133,182,148,51
132,133,120,176
148,159,99,91
189,162,163,127
155,140,159,171
155,182,239,86
66,146,132,81
152,148,113,124
129,118,96,148
101,194,141,84
156,197,105,147
129,132,148,54
148,163,153,175
154,85,212,118
172,100,23,80
192,97,89,129
162,79,116,198
80,112,129,64
121,71,134,118
135,180,185,164
173,192,114,26
39,195,90,139
139,54,154,95
147,84,96,135
172,211,145,67
98,142,174,73
164,105,127,124
82,98,153,65
80,119,103,134
128,123,156,102
137,158,123,122
58,129,135,151
185,152,139,127
120,25,123,92
123,131,73,142
122,107,142,167
118,135,74,178
74,132,106,92
113,124,137,92
74,124,125,70
96,134,132,123
110,106,175,130
188,80,130,195
225,185,99,106
79,154,181,23
64,141,144,209
181,91,80,131
145,132,125,88
166,126,92,117
161,148,156,154
154,167,152,133
119,58,138,104
247,57,148,65
129,117,135,139
106,150,186,189
106,156,109,110
108,143,190,150
177,190,49,115
145,139,74,105
96,106,197,172
101,58,107,108
109,136,110,67
143,217,78,159
61,167,112,164
125,108,154,74
114,147,128,89
135,53,152,162
139,153,179,90
129,108,176,145
139,166,88,164
141,65,150,119
97,215,198,170
69,97,156,85
22,106,136,195
104,134,135,187
167,134,133,113
89,103,117,85
62,159,147,90
201,122,155,168
204,107,133,102
139,171,105,142
51,11,58,130
152,149,120,127
180,113,84,112
62,214,128,160
105,100,137,160
195,142,82,132
63,234,130,98
108,113,142,135
112,113,234,118
89,83,136,215
175,75,136,159
169,200,93,93
76,138,131,14
31,68,118,153
191,118,53,162
179,189,128,118
196,161,128,121
212,177,153,178
111,202,133,84
129,157,133,54
72,87,71,105
178,210,149,159
156,170,185,46
146,131,103,177
131,148,98,157
209,209,221,152
66,132,152,134
157,98,171,244
111,125,133,144
139,95,157,115
202,60,183,114
150,223,87,137
48,183,134,89
197,28,71,127
202,162,135,143
176,133,12,175
161,193,164,172
118,59,150,133
155,97,80,138
194,85,119,132
42,143,104,90
220,47,195,94
88,97,52,13
130,132,158,206
74,107,104,51
64,121,104,116
195,170,135,130
166,124,84,152
179,104,136,82
95,88,153,152
115,145,201,73
96,116,114,131
77,179,67,153
161,172,88,152
138,51,87,133
106,133,150,108
113,93,55,141
100,140,87,172
143,136,155,156
102,97,156,126
117,107,111,213
65,148,189,58
119,192,79,158
153,136,150,147
30,128,146,110
131,46,95,98
133,93,132,121
135,101,55,32
192,165,222,86
125,112,62,106
79,67,139,189
103,122,106,245
65,255,166,110
81,163,197,67
110,78,148,147
130,128,99,128
107,64,107,190
57,137,133,64
169,137,108,69
96,166,155,63
76,154,164,121
58,123,92,141
146,95,118,116
106,163,123,197
157,184,156,140
95,45,167,121
133,153,89,173
191,114,68,129
29,107,74,101
116,180,105,104
149,164,135,202
203,76,98,121
102,116,217,0
145,129,120,161
133,136,179,151
126,101,120,99
143,156,222,192
94,135,70,127
119,181,77,70
110,162,126,99
175,190,179,95
127,138,120,183
146,164,135,150
106,149,95,146
155,118,211,140
133,186,150,118
131,147,105,108
124,139,107,214
140,145,175,67
200,120,78,152
59,88,96,202
162,98,110,111
206,228,86,81
32,90,113,134
127,165,116,173
110,12,94,193
132,154,86,99
180,124,142,145
112,110,126,166
131,108,111,103
62,118,102,102
169,110,180,83
110,167,143,114
47,164,76,116
65,151,80,99
89,74,107,117
142,113,118,151
100,153,134,88
140,205,120,154
87,153,195,142
100,142,116,163
201,161,202,181
120,99,181,178
139,85,143,109
91,109,123,139
115,142,128,66
149,79,138,114
107,126,75,77
96,129,157,170
184,162,147,101
146,159,132,143
203,149,128,233
39,201,115,223
158,102,74,156
82,117,161,125
79,86,180,123
84,141,90,188
237,60,86,152
129,206,153,154
93,157,176,90
149,174,106,110
91,140,157,113
122,92,96,227
226,168,68,90
77,79,114,134
134,159,64,34
117,65,118,148
130,131,85,137
108,92,150,126
136,184,150,51
139,127,108,144
106,70,117,79
146,191,108,154
106,120,134,167
98,165,56,23
142,147,108,159
121,153,109,193
160,107,30,197
155,105,164,151
102,105,154,140
172,66,207,98
55,104,87,159
138,103,60,116
107,142,141,107
176,155,142,149
97,191,76,100
77,145,160,141
119,110,172,214
70,141,62,116
78,64,109,184
113,206,39,132
166,100,128,203
194,127,124,122
167,119,228,170
140,154,83,161
188,117,108,131
150,128,218,131
118,88,80,203
151,233,110,109
153,148,100,165
91,108,160,140
104,105,167,54
69,108,117,135
108,101,72,176
139,108,130,139
166,179,149,55
54,137,140,161
104,41,86,136
130,100,91,84
102,182,130,131
121,108,93,182
167,207,118,173
133,115,125,118
208,81,148,99
109,96,94,148
128,118,67,78
133,132,101,186
97,110,122,128
161,63,94,50
128,180,158,95
141,127,105,82
167,78,157,73
214,154,189,105
87,166,144,143
118,140,181,170
87,166,31,58
62,67,129,136
111,131,110,149
115,140,139,44
124,101,162,94
131,145,184,164
102,129,105,112
18,194,166,101
164,96,68,92
148,74,171,85
122,170,133,162
102,148,85,103
61,128,99,150
211,67,96,67
144,194,126,150
115,110,62,147
125,128,152,188
177,159,101,147
147,109,78,192
148,108,179,79
183,14,177,109
178,87,89,157
131,68,120,107
96,128,125,133
129,71,171,168
118,176,124,184
204,123,169,82
140,141,147,143
86,194,160,79
143,72,88,59
34,102,145,174
86,116,221,32
191,211,65,92
129,199,111,140
105,178,138,195
130,65,161,53
98,94,218,147
124,98,134,101
187,119,160,204
157,97,200,128
119,134,159,151
184,116,146,150
85,121,88,76
158,160,127,122
106,139,150,129
58,129,81,135
83,85,111,215
96,120,133,122
149,90,116,166
86,101,146,168
130,123,96,138
57,113,79,186
112,155,99,123
138,130,166,123
161,131,205,141
160,162,144,117
83,126,141,40
100,201,120,50
114,100,32,125
150,133,146,159
140,69,154,69
128,169,81,85
109,156,161,40
137,105,94,96
111,199,134,116
154,119,109,190
198,97,162,117
171,193,139,147
146,167,103,125
89,145,81,174
93,206,122,112
127,39,151,113
67,129,135,103
164,162,187,71
72,176,110,157
118,117,75,153
168,151,190,54
185,133,168,152
46,130,114,81
106,112,83,147
42,87,102,117
152,103,177,89
133,65,144,147
71,81,87,33
158,152,94,52
107,95,86,85
151,148,98,115
160,168,120,117
147,151,83,118
155,92,112,124
102,101,164,176
135,88,157,91
123,106,63,64
78,69,100,175
136,78,167,68
174,155,196,123
219,94,145,64
109,120,134,93
95,135,110,75
53,216,183,214
73,93,169,171
18,70,75,87
120,103,178,189
143,104,144,148
143,150,142,106
94,49,192,81
116,167,138,100
237,126,165,171
151,151,129,106
127,121,171,170
124,122,112,74
122,129,85,164
90,143,125,175
221,137,111,158
105,184,99,148
137,135,87,89
188,100,147,214
109,197,46,165
160,107,44,212
125,153,182,93
102,171,132,126
30,39,137,138
69,126,171,135
104,181,102,139
149,94,132,94
159,139,85,167
124,104,68,136
88,109,175,131
85,114,195,117
162,129,118,64
133,136,190,163
151,107,124,130
92,102,177,110
142,118,73,117
122,97,86,124
184,155,151,126
105,137,78,68
125,147,73,208
149,108,56,186
110,87,148,133
186,101,138,48
147,127,101,147
115,125,167,125
90,223,164,64
150,87,111,139
117,175,150,136
163,109,139,191
96,157,88,218
91,166,74,94
127,148,128,120
60,119,70,121
129,140,125,192
111,145,195,132
167,142,90,121
78,156,115,213
139,203,103,156
75,126,126,118
99,123,171,102
153,76,155,115
149,125,106,136
0,142,167,128
44,73,96,100
165,105,122,136
116,97,140,97
152,118,219,113
171,158,167,98
126,140,121,177
165,147,121,120
112,136,164,102
101,190,135,140
46,155,108,99
145,83,122,81
161,154,127,75
162,175,159,114
139,140,169,107
170,142,154,70
127,142,105,114
172,98,100,53
173,192,139,151
78,155,177,171
99,208,68,83
80,159,135,160
66,155,100,148
56,113,181,117
159,49,79,125
126,78,145,80
155,158,138,117
122,101,101,98
72,111,75,145
141,107,128,134
135,177,95,150
176,124,107,118
159,76,134,69
191,123,139,153
84,154,131,140
107,46,125,77
131,79,141,227
110,139,92,199
92,94,126,154
188,121,137,83
139,82,148,46
198,108,103,60
51,18,150,145
55,66,96,97
197,95,113,163
142,131,160,140
84,2,103,78
174,120,83,146
125,32,53,147
164,115,158,183
112,137,46,78
98,73,129,171
61,0,110,125
75,100,139,145
86,85,99,126
79,110,163,107
138,132,120,94
57,111,137,78
92,45,165,76
137,144,93,184
224,99,88,140
194,111,132,67
119,117,147,115
122,103,116,198
173,208,119,86
193,158,76,164
186,114,120,111
75,78,110,192
73,145,74,39
133,105,89,90
72,169,115,67
119,125,162,128
245,151,71,156
138,139,58,177
125,165,80,116
122,190,107,157
152,110,135,134
88,98,217,107
182,164,79,119
132,70,94,133
99,53,135,154
114,122,105,62
168,197,172,88
176,211,186,118
64,104,155,115
178,97,111,203
128,156,199,132
153,135,91,163
167,74,161,138
213,59,94,212
109,134,148,66
97,48,118,139
176,68,92,156
126,193,137,85
208,161,196,149
82,23,80,155
144,136,208,114
162,199,67,170
169,143,106,71
75,83,181,89
196,193,136,146
158,89,132,136
170,109,177,121
86,149,140,85
89,143,92,173
137,141,77,128
149,144,169,96
69,131,123,190
143,155,142,92
110,118,111,152
91,83,122,108
164,86,121,13
171,77,205,119
148,133,124,168
125,102,102,170
120,112,22,150
89,117,97,114
132,142,112,130
72,82,162,84
87,158,79,206
70,115,162,108
119,150,62,113
60,118,136,244
138,193,92,141
87,187,121,72
180,119,153,199
170,124,96,163
87,109,95,90
173,170,119,170
80,181,148,182
169,125,75,156
144,90,88,105
166,149,71,101
129,168,113,105
177,103,151,182
124,130,164,82
169,132,108,66
83,115,78,87
138,106,105,118
214,99,131,150
118,221,36,117
150,117,125,169
120,179,175,89
135,151,144,82
70,42,164,131
96,69,106,120
73,96,139,41
101,88,77,167
156,220,178,142
137,119,189,170
62,163,125,180
120,196,136,197
165,189,148,99
123,101,199,80
103,67,105,190
104,190,116,131
140,105,116,109
161,98,78,196
82,81,131,153
150,87,130,121
152,139,146,156
223,200,193,127
152,102,101,92
79,127,225,117
135,108,177,98
108,156,150,73
102,84,123,122
69,118,175,80
93,93,133,141
87,141,99,113
158,109,128,31
151,69,157,134
80,197,130,82
175,120,165,144
53,153,85,162
99,81,102,126
162,149,124,163
99,146,111,57
98,139,134,62
132,113,188,112
206,187,78,96
37,89,178,152
147,155,159,192
134,194,106,82
135,164,102,102
118,157,106,79
155,66,80,127
96,132,31,105
91,102,116,184
145,78,150,88
108,185,48,87
127,156,99,55
153,87,105,80
79,120,106,141
165,122,160,113
108,122,128,137
0,125,90,101
136,126,214,117
215,42,113,77
98,32,114,125
87,98,162,26
164,113,180,191
161,89,175,163
72,63,119,170
73,107,93,93
125,67,103,69
120,134,115,99
139,68,127,138
115,111,164,112
81,193,144,102
103,51,117,160
141,171,120,150
171,120,55,85
94,106,181,172
96,112,67,118
61,200,74,160
84,135,207,79
161,110,120,110
105,153,136,104
160,176,121,181
190,47,136,112
83,146,79,119
137,180,105,173
144,36,151,178
94,82,106,114
138,123,146,180
157,124,113,102
144,155,147,121
105,143,194,111
207,166,99,187
140,214,159,179
84,140,186,85
127,79,208,124
122,130,121,86
101,75,185,164
67,107,131,96
90,125,135,46
234,95,130,111
126,158,116,139
46,196,93,143
123,65,88,173
152,167,211,225
106,35,73,126
58,125,162,76
101,62,135,142
152,108,188,148
107,95,31,105
129,117,110,178
176,130,64,60
107,111,115,148
175,171,99,180
194,137,227,139
112,109,126,141
92,112,154,110
191,90,222,133
157,48,168,131
170,224,172,164
75,198,61,167
193,149,183,118
141,126,63,118
187,147,184,109
115,95,150,195
143,111,171,120
139,51,139,178
121,81,124,173
131,147,116,196
92,151,114,170
175,149,100,104
73,182,188,71
93,137,123,80
107,89,70,124
193,111,164,186
176,186,179,142
70,143,62,94
70,187,180,152
16,96,131,130
145,85,180,135
203,116,89,50
121,122,100,61
165,162,78,174
145,112,117,143
150,83,198,57
162,38,139,73
126,71,110,175
59,103,90,224
188,167,154,165
102,43,41,90
15,219,226,149
146,100,173,128
183,157,151,46
203,103,138,173
84,172,152,161
203,123,111,116
74,161,217,97
221,228,158,123
162,165,86,111
114,121,173,152
179,189,114,105
119,140,121,110
126,89,181,76
70,68,110,225
149,139,189,192
126,173,92,126
95,119,186,116
104,86,124,174
38,143,155,82
91,158,78,133
191,151,170,196
159,164,101,115
158,217,135,182
120,168,43,194
64,135,97,155
206,116,130,150
226,233,175,144
77,85,172,123
159,157,72,102
191,147,117,79
127,157,159,175
104,112,164,71
95,118,185,114
73,39,75,153
157,102,162,98
132,110,88,137
109,151,211,103
43,142,195,186
198,162,153,144
157,85,86,180
110,124,134,112
70,131,134,208
125,201,113,152
125,120,86,126
80,74,148,94
129,93,124,114
70,197,119,211
114,109,36,91
163,147,141,126
107,135,121,136
84,111,39,96
163,125,40,151
110,144,159,103
126,176,131,142
195,67,155,152
103,165,97,114
72,151,130,101
108,128,148,126
101,55,34,79
119,142,100,101
83,63,159,202
79,237,125,118
211,166,92,109
119,115,94,148
150,96,197,136
176,98,127,110
148,125,131,174
216,177,147,167
79,86,107,159
86,109,191,145
204,92,169,97
90,56,101,24
187,140,131,68
113,130,104,112
114,82,180,166
119,124,131,94
104,85,181,112
183,156,114,103
115,49,89,133
105,49,199,111
120,57,127,167
144,174,167,178
194,36,173,45
81,176,101,174
116,45,174,115
87,121,95,136
45,213,91,194
129,134,150,96
191,138,130,202
227,253,246,147
152,91,180,176
133,83,167,119
18,119,128,51
70,115,138,142
188,90,86,92
21,98,142,53
69,130,124,142
83,94,187,205
154,154,167,159
59,131,116,122
207,149,107,96
154,72,177,130
150,129,146,213
121,101,103,138
203,156,109,106
169,129,92,119
181,147,255,151
144,84,127,152
179,126,154,110
116,119,162,120
102,155,192,138
142,134,79,137
149,52,106,84
124,119,60,205
149,164,154,173
112,71,216,159
195,119,102,127
165,144,35,173
167,159,131,162
165,164,185,230
28,160,149,147
116,64,176,158
132,79,170,157
68,56,134,129
136,67,193,188
171,65,140,136
231,160,38,134
94,119,100,92
102,101,182,140
65,231,54,147
180,100,116,141
45,157,98,137
185,141,100,121
165,141,139,68
100,11,86,128
191,157,85,134
90,142,109,6
144,122,134,204
99,138,77,120
179,161,104,75
76,100,170,138
158,25,99,35
111,123,208,196
149,120,118,83
133,128,170,96
105,147,73,85
131,130,155,166
192,154,140,115
180,167,143,63
107,94,143,136
116,145,173,124
90,179,180,141
200,98,17,155
113,207,59,212
125,21,125,132
160,139,127,109
165,130,58,140
146,126,127,54
120,160,127,87
116,170,177,235
195,114,190,119
120,129,142,92
193,49,130,162
110,164,134,76
248,78,120,184
155,92,49,86
140,94,145,33
149,221,147,150
89,29,63,193
31,87,81,97
150,21,98,105
90,66,168,89
129,96,72,180
120,191,95,221
58,111,92,110
132,133,133,191
164,216,154,135
80,108,168,222
143,18,145,189
125,90,37,48
140,60,225,61
124,101,100,58
128,184,120,88
104,14,150,151
172,184,131,153
99,113,101,128
68,114,99,121
73,56,64,238
121,124,94,152
195,200,99,30
232,150,132,198
122,154,192,91
157,138,176,90
121,152,140,145
108,120,127,199
116,88,153,184
109,139,79,153
70,107,96,218
136,101,22,126
150,113,116,118
60,164,84,119
163,147,86,146
136,107,110,134
113,232,182,84
190,228,113,79
94,103,130,140
83,117,93,83
144,144,125,140
157,146,186,135
99,165,35,172
132,93,117,61
162,171,132,65
118,115,139,120
120,142,161,196
164,115,98,172
127,92,159,59
151,128,136,72
83,53,100,114
186,111,124,107
155,172,181,177
181,99,228,37
115,143,125,96
118,192,91,137
191,97,103,177
162,127,179,239
172,177,173,100
173,147,230,129
146,123,168,170
178,116,79,140
57,238,110,150
126,114,65,185
99,72,153,118
141,110,148,121
196,112,127,113
149,196,178,220
211,142,131,118
136,58,113,142
147,135,153,125
126,231,134,120
93,211,108,122
101,137,101,147
111,165,45,106
124,89,122,143
120,91,150,182
122,182,69,41
156,70,131,113
157,178,206,177
78,88,160,93
67,152,175,140
224,82,111,154
154,101,45,170
67,218,198,101
115,89,135,97
171,71,115,154
162,74,108,145
118,190,128,185
137,45,173,150
205,145,99,122
187,142,104,177
106,148,135,44
96,102,87,109
123,82,137,116
160,204,165,119
39,95,117,112
117,96,193,142
85,168,71,132
127,181,120,158
123,138,173,103
128,138,206,58
132,138,133,104
177,83,150,121
160,75,182,67
79,95,174,202
92,96,101,208
108,88,142,232
139,72,115,90
202,129,80,67
94,107,125,147
130,167,137,124
112,98,43,77
124,164,138,148
122,133,114,166
98,56,140,153
158,110,77,100
90,116,86,106
107,121,102,105
114,94,107,149
101,96,141,98
120,112,98,132
128,204,39,96
82,111,66,44
143,154,66,106
145,95,179,185
76,194,171,103
143,136,159,49
129,141,165,128
60,205,153,140
163,147,113,205
163,169,188,95
70,60,106,135
99,75,175,172
98,155,106,120
122,113,160,84
101,142,133,144
202,125,79,137
41,111,139,119
68,155,151,113
148,211,155,90
137,98,119,97
217,203,159,73
78,157,110,148
76,89,151,73
14,126,136,126
181,166,134,119
121,90,123,126
128,100,151,176
202,76,178,33
120,138,188,146
112,135,230,137
140,150,61,27
107,196,149,106
167,148,116,75
63,136,161,143
150,141,76,135
139,63,63,116
111,126,147,112
42,187,165,71
132,106,186,121
158,189,99,156
119,149,125,217
161,85,143,155
153,83,172,181
92,202,158,173
45,180,113,125
112,131,165,163
206,102,164,59
131,184,109,119
109,111,179,171
86,188,154,156
79,123,153,160
123,170,169,154
85,82,151,161
102,112,154,135
106,134,116,71
135,169,82,71
75,1,174,89
127,67,177,37
163,115,188,67
137,142,152,207
51,155,123,108
179,140,97,206
78,139,134,177
111,171,120,116
182,144,95,168
108,152,158,184
122,134,98,132
155,167,162,61
126,164,117,194
81,84,152,70
110,126,174,132
170,158,182,85
62,82,160,133
119,169,138,130
57,88,162,150
122,114,95,130
77,143,172,219
98,96,128,157
50,88,164,146
119,56,196,93
153,154,174,67
184,195,124,81
119,181,129,110
64,92,81,73
162,176,138,138
85,102,213,105
47,161,182,112
171,122,112,94
60,138,55,103
144,132,92,81
125,247,69,125
185,129,166,115
129,152,150,135
120,84,178,120
176,125,62,160
193,107,108,181
197,143,93,53
183,124,135,169
106,166,110,134
143,115,153,85
141,162,190,140
84,107,152,145
144,158,148,154
84,84,151,116
69,118,183,76
112,108,112,159
116,4,98,169
152,116,0,80
31,134,121,130
132,171,49,163
109,171,122,162
99,165,105,86
180,171,79,81
99,127,101,69
141,171,91,181
58,85,136,48
112,119,99,110
101,171,153,97
233,135,123,150
31,119,72,124
140,163,40,71
132,74,77,102
170,101,122,212
139,182,131,171
108,210,119,138
156,157,78,168
174,117,108,93
175,158,126,110
104,160,63,118
112,130,177,89
93,203,153,117
113,152,92,126
176,20,49,89
44,175,130,205
133,78,132,244
80,229,71,79
129,181,150,160
30,129,151,46
192,184,202,181
111,28,166,148
104,15,133,96
