f1 , f2 , f3 , f4
104,95,123,7
103,52,72,0
7,97,20,113
147,159,20,251
26,45,146,194
190,66,105,119
175,47,251,255
28,31,59,12
69,11,103,62
22,223,44,77
1,47,55,11
216,177,238,23
197,175,78,77
186,37,79,49
77,255,106,255
181,58,32,162
47,177,56,255
11,255,255,22
1,68,255,255
18,148,37,58
43,67,255,44
255,108,57,255
135,189,255,46
38,81,44,48
14,52,24,171
255,50,15,156
38,70,37,142
68,118,175,112
29,147,32,82
88,137,126,94
150,19,204,255
79,105,102,49
100,7,91,255
23,255,66,2
223,239,43,9
255,39,38,76
0,0,121,120
24,1,70,255
7,255,86,141
89,36,28,18
215,24,95,114
255,33,86,144
57,107,154,13
108,3,107,255
86,23,54,86
5,104,161,253
0,124,15,44
122,255,61,32
0,255,196,75
30,173,255,66
255,31,192,19
57,59,255,24
35,211,12,50
241,255,231,221
103,12,91,66
6,1,98,74
26,134,77,60
61,152,49,27
38,6,28,33
8,101,54,117
130,20,34,3
37,199,228,32
217,11,66,81
43,56,14,129
38,150,69,23
145,34,16,244
255,179,255,218
127,131,117,59
123,120,36,255
255,255,33,162
113,63,148,119
122,249,177,55
155,117,4,5
83,255,255,138
115,123,0,91
17,65,255,1
189,29,6,32
33,49,41,255
217,101,210,97
6,38,5,72
170,52,208,13
255,109,29,106
67,199,100,116
255,168,77,5
25,92,192,11
18,41,113,218
3,0,255,255
57,255,11,48
134,46,159,40
238,255,136,56
82,11,84,192
42,206,255,196
66,112,75,42
84,35,76,219
197,71,187,137
255,48,67,96
11,255,77,8
44,52,130,70
118,122,48,228
30,255,255,36
10,72,34,17
67,12,34,56
124,23,110,44
109,255,9,83
255,35,48,36
255,107,104,157
3,23,47,38
32,14,28,255
3,133,26,12
217,207,255,22
16,184,255,255
66,13,62,18
172,28,6,8
16,85,154,255
135,255,181,255
112,244,117,146
83,83,232,5
177,205,255,34
115,255,135,22
28,73,75,255
62,255,48,213
87,15,30,255
91,102,50,60
9,4,160,0
0,107,62,121
136,4,17,255
255,177,49,35
169,45,106,234
255,41,135,137
60,57,47,38
255,15,77,43
109,24,116,61
36,94,62,1
6,28,22,24
53,204,47,101
42,113,255,98
31,255,247,117
255,199,104,255
103,225,153,56
164,136,85,99
88,1,11,207
255,121,16,177
89,82,105,255
130,237,199,14
7,130,33,255
238,9,71,64
4,146,254,255
60,3,102,25
171,6,17,146
115,37,3,143
20,20,90,170
30,16,104,125
40,255,215,27
190,157,51,91
148,96,22,146
79,66,120,68
112,40,104,42
102,219,21,84
40,255,150,238
26,255,153,165
175,35,29,255
173,17,24,255
235,255,29,56
51,65,126,14
255,3,46,255
129,74,1,251
179,145,35,80
255,61,255,255
2,20,54,39
82,1,255,48
173,133,78,97
24,25,63,97
76,255,9,41
202,21,121,52
92,5,49,126
255,174,255,42
190,129,255,51
154,146,40,39
14,55,53,120
255,27,68,255
30,6,226,63
6,255,13,52
89,133,21,100
85,90,12,95
150,61,62,43
137,88,155,43
255,17,64,192
246,222,42,255
19,55,74,198
61,255,255,1
72,70,255,33
148,95,255,10
1,22,243,255
64,228,98,234
255,15,41,242
97,46,7,47
255,255,66,255
26,80,29,213
44,96,155,255
39,102,39,32
58,255,44,50
69,219,19,2
101,20,100,130
188,11,147,255
109,255,97,30
30,84,109,79
13,21,1,13
255,110,161,99
84,115,6,93
255,40,94,65
104,43,25,18
11,47,83,63
234,38,28,124
85,255,215,48
65,255,255,80
159,17,108,184
255,102,69,133
23,39,80,34
255,255,59,77
255,172,66,2
36,64,255,111
43,17,40,41
83,131,13,35
222,153,46,132
47,68,39,124
12,4,126,214
57,255,17,255
66,44,255,255
33,255,28,145
28,22,30,100
41,58,46,255
15,40,255,229
193,163,20,37
82,68,29,4
170,126,170,255
19,137,2,121
192,167,37,121
105,98,230,63
28,80,25,63
211,73,170,9
255,133,105,112
26,134,32,230
170,1,255,20
31,82,155,7
44,70,16,54
95,66,69,45
64,153,28,114
133,255,255,120
82,1,167,82
114,12,65,31
51,255,212,200
65,55,53,231
12,125,219,27
153,176,255,255
91,20,67,12
53,140,120,168
3,142,43,198
48,237,13,106
255,12,55,34
255,255,255,215
0,100,14,255
160,239,150,9
216,27,132,223
17,108,226,255
31,1,94,36
43,255,57,186
255,255,195,79
164,136,119,44
93,48,255,255
32,11,81,21
182,158,16,35
255,208,113,87
87,68,152,9
89,15,5,7
56,148,63,96
10,255,255,255
35,131,2,199
87,91,36,255
255,9,157,166
47,226,34,88
129,17,36,26
67,165,65,112
34,76,159,255
54,97,133,255
64,47,108,47
135,255,4,193
13,74,142,178
18,78,49,29
18,80,240,5
95,23,161,118
44,195,66,21
99,52,6,63
52,27,255,34
25,201,187,3
74,183,15,38
42,34,142,21
148,255,136,166
63,5,255,71
251,116,135,255
153,105,98,1
212,0,139,67
132,138,255,146
101,41,19,9
102,239,246,157
94,232,98,215
198,255,255,18
23,53,247,24
55,207,19,37
169,255,73,81
3,36,77,2
102,88,194,86
10,61,37,8
18,49,75,50
255,116,128,19
48,24,255,200
70,83,185,255
232,33,143,255
135,76,11,49
74,235,19,150
100,23,194,25
91,9,17,15
56,255,93,86
255,81,54,134
79,60,151,63
15,91,19,46
1,46,255,185
164,255,92,46
50,255,112,255
163,74,31,156
255,82,63,12
53,107,83,33
58,28,57,102
62,66,69,240
51,255,7,221
54,15,210,31
8,75,1,80
109,186,66,16
243,67,49,81
14,97,175,84
190,18,149,255
115,157,255,44
36,130,36,30
58,255,17,56
255,139,255,255
9,116,31,134
99,113,255,218
255,62,255,90
188,94,57,7
255,91,239,11
96,72,103,43
99,66,59,59
43,73,15,165
79,58,113,29
117,116,188,255
255,92,34,37
120,15,74,200
36,32,144,39
79,45,255,38
203,91,109,213
6,34,33,76
100,83,62,107
113,95,27,138
127,187,255,238
19,87,20,218
51,85,255,3
15,22,0,35
135,192,162,255
104,74,197,39
64,59,255,10
54,24,138,122
92,7,27,10
255,119,255,233
50,96,57,137
44,71,155,6
115,125,249,154
255,255,152,1
255,125,79,236
86,255,21,11
104,255,70,77
73,10,63,25
255,35,89,4
140,255,83,21
102,4,64,255
31,24,47,63
19,74,6,196
7,110,99,40
173,231,70,59
53,14,255,255
44,37,76,78
141,255,10,158
164,46,62,111
255,203,65,23
56,55,98,172
112,76,65,92
220,126,61,255
110,139,23,1
255,62,49,25
255,160,20,14
178,189,27,2
0,255,62,129
55,75,132,70
255,22,255,205
30,168,255,108
1,62,255,235
123,88,85,105
98,148,255,60
114,255,66,255
154,14,14,241
226,116,10,255
184,255,54,153
12,131,255,34
49,255,74,30
79,32,255,7
255,141,71,34
113,255,48,229
47,144,103,118
163,8,255,164
110,143,145,31
215,69,12,247
115,170,5,255
144,84,60,184
248,255,26,103
255,6,148,7
255,156,25,182
10,23,36,58
22,44,61,255
151,94,255,0
253,108,2,81
249,97,188,171
4,177,19,105
24,1,1,125
198,96,111,9
27,72,17,105
21,39,13,255
15,2,255,255
82,255,179,255
8,255,48,116
54,68,255,122
68,236,255,157
13,179,8,130
87,255,255,114
10,169,255,13
9,27,17,72
255,50,38,25
98,235,82,116
118,48,28,17
230,44,183,120
47,48,4,134
43,225,172,48
202,255,2,136
96,76,7,52
255,255,13,25
46,30,75,253
152,255,200,83
38,24,255,157
48,120,86,59
255,37,146,64
255,10,15,131
159,50,35,34
164,77,255,184
13,1,60,73
99,111,93,166
112,105,12,150
17,53,80,16
55,4,255,147
43,121,20,115
12,255,48,228
86,63,255,187
144,255,255,184
179,4,128,104
107,21,124,255
232,95,166,13
85,11,23,196
228,12,255,60
228,211,8,3
90,78,103,32
235,10,5,54
161,255,32,76
141,255,255,22
88,54,39,14
84,255,244,105
108,195,58,31
33,0,210,255
35,27,67,148
106,255,28,25
77,255,162,8
133,146,20,255
93,43,255,6
16,140,113,4
163,95,255,78
164,149,108,255
50,37,9,94
79,29,218,48
255,18,104,255
63,94,135,215
197,60,255,18
90,63,255,255
73,237,170,10
44,24,30,65
244,41,138,246
30,200,50,117
94,104,158,23
255,94,255,78
87,87,255,12
200,56,255,116
44,21,37,38
137,109,157,26
22,35,32,66
5,246,255,148
124,21,168,32
185,5,72,76
75,79,170,5
20,175,123,83
68,141,14,255
15,38,84,36
110,214,255,29
38,255,255,18
42,81,255,255
82,37,255,115
255,122,255,108
84,70,80,47
255,9,70,107
175,189,32,13
80,129,60,38
255,58,18,90
27,99,73,4
65,11,255,135
85,255,26,6
66,13,40,188
21,31,255,255
12,65,255,255
38,165,255,47
90,38,7,8
255,245,255,255
54,74,28,19
17,27,75,255
144,220,45,101
30,14,2,255
39,48,175,72
146,104,179,102
69,184,235,23
87,255,111,255
83,9,22,255
29,144,22,39
255,93,14,40
48,41,51,255
6,86,116,87
36,208,22,95
81,245,15,28
35,255,19,90
129,188,255,54
90,255,255,137
53,80,7,19
43,255,255,42
62,255,112,38
145,94,138,8
90,25,10,36
118,69,25,20
255,212,172,17
49,8,141,2
72,47,20,78
68,146,97,171
0,61,24,117
255,255,111,252
26,113,45,255
122,130,81,70
255,162,75,54
6,147,6,255
102,255,255,51
255,151,29,46
158,59,5,208
10,12,23,93
19,32,193,143
143,255,102,71
13,44,255,255
42,92,151,42
255,9,125,26
26,30,255,21
13,193,212,106
54,255,17,123
24,87,117,42
205,65,52,82
75,161,31,42
103,25,255,99
108,98,50,115
255,123,255,255
199,31,2,86
28,216,7,52
122,58,230,46
110,255,205,72
121,6,27,255
44,46,255,69
86,52,18,202
5,64,255,71
5,255,50,3
8,255,48,39
15,91,255,183
22,67,155,63
63,254,88,74
176,7,209,255
255,102,255,173
123,37,66,180
8,14,255,69
169,236,6,154
42,99,3,84
31,255,34,39
105,111,89,92
32,114,125,255
21,125,70,51
61,255,212,29
86,255,31,11
207,112,255,255
14,255,51,43
12,87,227,39
163,147,126,92
195,93,255,115
255,92,255,24
49,247,64,0
15,255,109,40
97,12,32,230
70,62,9,39
126,183,23,210
213,255,255,57
255,50,33,68
22,124,255,82
208,162,59,34
255,30,20,73
255,11,170,67
30,133,14,214
56,1,5,85
249,131,43,142
73,36,81,24
140,46,75,189
31,75,99,30
168,116,108,29
135,50,198,255
191,31,23,248
23,95,71,255
55,11,12,87
3,111,65,129
70,174,34,16
87,60,71,56
15,255,24,0
255,255,128,31
71,8,30,255
133,106,24,119
86,20,91,255
29,157,39,141
189,255,148,47
80,255,8,109
132,18,112,73
55,23,98,48
41,22,4,166
15,81,230,183
77,43,34,224
152,255,178,57
13,48,237,51
12,62,10,56
52,80,105,255
77,1,255,6
140,129,91,98
46,70,76,162
18,14,57,81
85,87,42,36
255,28,84,26
66,77,24,177
26,77,15,199
17,140,40,255
12,224,255,123
230,31,9,90
0,194,44,235
32,73,6,242
4,87,59,76
41,88,99,255
255,6,40,181
14,73,64,23
164,255,45,221
114,114,67,14
62,255,29,197
183,4,234,52
13,116,255,245
7,8,100,81
209,255,146,92
39,1,201,255
222,243,195,37
37,92,12,22
160,6,78,94
131,14,201,255
52,57,31,20
54,45,64,41
255,59,22,55
79,104,113,46
251,255,67,31
193,158,76,31
51,255,59,127
20,22,13,3
13,1,167,59
114,187,255,4
8,94,6,11
115,255,16,59
59,37,26,36
43,157,7,16
33,131,74,251
255,61,21,12
180,255,4,195
61,38,14,63
120,125,80,88
180,5,137,32
206,216,40,19
171,255,220,5
255,35,30,109
205,94,33,255
85,255,24,148
174,56,255,57
84,255,255,47
158,4,0,117
143,129,125,93
209,97,255,20
60,131,126,15
78,58,255,8
255,87,255,114
15,15,0,7
3,106,23,56
76,175,255,26
160,27,73,94
84,255,102,255
255,0,40,125
68,112,34,170
255,198,11,44
161,24,7,210
153,50,6,53
189,118,138,13
39,162,233,101
135,99,94,255
77,57,118,93
138,127,41,95
47,255,99,49
64,24,41,251
65,255,151,100
147,173,255,138
76,108,221,24
73,226,77,6
50,25,7,255
6,181,255,42
40,31,153,110
13,255,40,37
171,146,75,90
52,9,31,78
72,105,168,65
184,3,144,87
9,34,38,140
1,227,15,165
20,188,226,255
177,255,86,255
36,39,111,161
49,255,29,143
102,57,5,29
31,44,140,64
15,12,63,108
175,230,190,4
27,79,16,35
99,82,54,1
81,19,16,4
180,106,11,67
71,17,44,91
255,132,115,159
92,68,42,89
123,2,105,93
22,207,26,17
163,91,84,255
18,197,13,22
220,243,82,255
205,33,215,96
70,232,94,9
44,114,223,253
255,32,236,58
26,9,51,13
162,255,88,56
5,97,255,135
129,53,255,80
102,175,255,44
38,98,224,95
17,35,255,81
236,31,94,238
86,240,74,6
68,24,255,95
84,255,23,13
23,67,15,255
5,215,123,26
255,18,199,46
31,169,59,75
125,133,83,20
7,116,53,11
56,42,83,106
40,34,5,152
185,255,80,10
88,68,245,49
20,2,68,107
34,82,69,106
19,176,255,35
132,255,23,7
33,145,71,122
255,43,9,255
255,13,38,2
29,255,110,19
63,3,183,255
79,73,3,62
255,147,43,33
44,113,61,71
1,33,20,31
44,255,208,255
10,255,255,112
172,255,21,46
55,73,118,255
53,28,255,67
158,8,243,55
152,76,255,74
77,37,207,160
115,18,191,10
156,98,10,23
123,116,78,23
2,57,1,69
41,210,160,176
53,181,187,225
90,69,21,167
7,255,139,88
212,81,16,100
99,208,4,255
69,91,255,255
123,28,77,149
204,50,255,219
190,128,15,255
143,46,221,200
8,134,255,71
255,7,48,202
117,36,109,84
91,23,255,59
255,41,71,168
6,139,141,255
151,255,50,28
158,171,38,205
5,75,83,40
49,92,242,117
255,0,97,41
70,47,5,86
67,200,89,255
2,255,99,63
4,99,236,50
130,255,43,58
27,64,64,200
35,118,229,135
160,182,255,255
87,255,255,100
93,129,121,255
255,71,165,255
17,37,175,12
78,25,183,114
180,1,57,80
255,143,63,194
183,12,54,169
2,78,183,37
200,117,132,202
110,39,255,255
224,11,77,147
72,124,255,197
252,93,255,30
156,10,31,7
142,27,197,3
49,55,99,238
166,135,1,231
84,22,196,12
255,28,45,255
76,36,59,185
55,191,237,38
55,50,223,161
28,84,114,221
255,44,34,187
255,30,28,43
173,58,31,144
107,101,29,67
11,255,88,118
51,187,117,13
3,162,19,63
156,151,127,23
231,64,79,48
17,73,161,68
41,68,87,77
149,76,1,255
41,80,11,91
96,114,109,27
40,255,255,15
35,130,114,255
255,156,61,241
255,114,33,2
19,251,68,61
156,47,34,255
10,46,65,211
250,23,60,62
1,0,43,21
255,114,11,24
232,11,181,38
21,21,197,36
50,255,26,156
248,255,65,6
30,10,255,255
125,27,139,210
103,224,37,91
132,95,255,137
249,34,255,96
98,76,33,103
97,211,29,227
13,30,112,10
190,8,175,255
30,255,23,255
189,8,48,56
73,187,7,15
34,45,106,68
186,81,173,44
198,111,48,255
126,64,225,71
192,255,4,255
169,31,34,255
106,29,197,120
165,255,58,55
33,134,50,128
81,32,255,8
28,24,255,255
255,45,255,38
0,219,86,48
113,64,30,20
90,115,11,21
35,106,50,56
169,225,24,60
75,143,117,17
63,129,255,185
105,255,3,37
255,4,120,28
65,92,34,255
196,2,28,12
2,39,42,196
25,16,11,88
141,255,231,67
147,255,1,15
63,117,69,33
40,56,80,72
109,114,87,28
6,57,106,91
2,66,196,87
255,26,103,107
105,146,106,112
255,106,73,81
255,255,145,210
142,51,196,8
76,104,52,114
81,105,92,18
255,2,58,255
255,82,33,255
255,220,202,121
160,228,255,243
21,111,74,39
17,255,185,143
34,11,100,30
255,255,168,250
1,139,235,174
255,48,66,82
232,56,18,255
46,255,82,126
124,24,82,255
169,4,20,35
82,174,3,97
11,148,28,96
11,125,255,233
11,255,60,89
18,102,117,123
141,33,39,16
40,255,219,185
169,114,19,73
242,10,208,219
66,255,22,24
255,45,80,33
77,103,4,132
6,88,11,53
16,102,168,136
32,145,178,187
48,165,158,126
33,255,245,121
160,255,70,21
78,47,255,144
31,18,150,67
204,4,242,140
255,99,41,111
18,183,247,62
109,255,7,255
116,255,215,55
220,8,62,14
45,40,142,30
26,17,255,36
255,255,85,156
23,44,113,30
255,47,31,0
31,255,48,8
255,101,190,69
255,125,39,7
28,66,180,68
125,12,164,20
148,20,23,113
1,86,88,93
17,34,44,46
83,189,3,62
70,1,12,162
27,116,217,13
26,22,124,7
19,9,20,110
255,151,44,243
211,161,234,23
47,74,255,82
4,13,18,255
10,164,255,104
28,165,123,54
255,75,16,14
88,22,255,90
249,74,89,255
56,120,78,92
46,17,9,179
185,75,157,65
255,177,217,10
94,166,1,166
59,61,26,4
158,255,112,255
208,145,24,35
255,49,37,0
102,24,255,255
3,18,194,75
14,232,255,4
25,98,23,239
84,61,26,16
28,89,112,198
111,131,13,23
57,23,125,182
153,14,166,132
255,235,54,81
21,58,168,95
131,212,255,76
57,118,68,143
43,48,37,84
9,78,227,48
255,139,108,20
25,96,36,255
193,134,139,219
2,109,14,104
114,26,120,96
156,29,83,17
42,129,255,203
68,37,50,57
16,68,14,131
13,76,76,115
8,43,27,252
22,46,255,160
157,66,242,255
23,255,255,2
255,147,12,183
62,34,43,71
196,56,163,1
255,255,20,132
162,96,131,38
255,213,80,255
33,19,74,198
51,255,62,71
27,28,89,72
202,176,255,255
255,47,255,255
41,30,61,24
91,255,255,255
136,65,19,187
93,74,228,114
20,19,98,69
4,181,33,230
169,70,52,255
75,82,20,255
235,73,17,255
125,6,255,9
231,28,68,124
255,11,26,77
91,69,93,60
128,39,253,30
44,29,128,255
255,255,255,12
26,88,108,183
59,179,52,8
184,56,74,0
23,2,42,52
69,191,67,87
23,100,147,167
123,31,131,129
14,110,80,45
141,3,71,5
45,255,44,253
99,88,255,255
29,35,121,98
255,107,17,5
214,47,17,136
50,64,25,60
32,51,32,188
11,93,50,44
255,5,177,160
32,61,69,38
100,106,124,20
8,97,85,148
255,246,44,5
124,39,19,8
214,9,4,53
13,167,3,231
3,234,127,23
155,22,255,255
255,24,0,207
86,190,255,19
0,255,78,99
217,127,71,255
58,86,23,8
255,255,76,124
13,112,125,73
255,87,103,48
80,55,52,30
38,85,147,202
22,96,68,114
111,173,30,164
46,99,255,225
6,12,255,72
58,129,6,23
38,65,29,3
6,18,37,89
119,255,110,32
144,22,98,48
6,16,142,67
181,64,250,62
86,85,95,255
255,13,18,255
220,182,212,116
16,238,149,155
5,246,12,169
63,75,246,27
65,122,255,43
242,255,67,141
6,255,205,4
151,61,33,7
255,245,255,93
153,5,22,38
19,255,94,65
255,12,68,183
68,104,159,11
100,255,13,26
95,53,28,36
68,34,247,126
183,7,192,8
255,20,245,64
255,105,16,171
192,124,54,255
73,255,19,173
2,33,7,62
31,100,86,52
255,255,199,28
255,56,212,255
3,18,78,255
255,5,20,196
112,46,2,174
58,68,52,78
25,94,204,39
62,23,38,80
194,12,5,110
75,177,255,255
26,10,54,53
127,97,255,123
255,255,186,19
89,146,255,20
255,209,31,255
40,210,38,38
186,158,8,16
21,27,255,255
63,72,14,23
85,172,49,37
20,49,6,255
204,167,46,88
13,84,18,255
214,82,44,160
74,255,138,73
13,132,62,46
34,26,202,28
25,1,120,23
5,111,20,83
235,117,28,152
24,109,255,5
158,151,255,39
191,106,25,36
75,54,47,66
134,12,63,51
255,20,255,50
8,142,255,255
255,183,72,60
104,221,32,142
63,232,78,21
255,7,65,41
239,37,47,16
255,255,50,109
202,46,39,96
63,255,43,2
106,119,133,4
255,1,78,119
94,177,125,72
10,85,18,124
45,7,13,226
16,14,116,175
205,91,114,10
210,24,45,35
174,255,124,39
255,54,10,45
54,108,86,42
42,52,41,250
78,168,66,11
31,29,255,225
175,39,27,20
138,112,125,255
40,215,223,6
4,25,217,109
7,225,255,6
9,53,63,255
255,97,4,255
255,30,37,2
23,47,5,79
56,171,15,50
12,8,98,39
92,42,255,255
28,10,161,32
51,122,215,88
255,72,30,16
67,255,83,58
22,21,58,4
65,53,107,91
16,3,255,255
167,146,100,30
255,174,186,117
28,11,118,66
41,61,255,43
45,69,45,89
73,28,108,15
69,188,130,243
175,97,255,255
1,62,3,128
55,37,204,62
39,255,126,25
92,128,255,33
7,62,69,255
255,85,255,74
2,14,112,53
109,255,39,126
117,237,106,50
124,124,15,192
94,255,22,30
78,48,133,163
39,255,56,230
108,42,1,51
141,6,255,177
4,44,255,72
0,255,150,31
21,180,118,57
62,50,135,75
202,255,88,11
255,28,136,123
73,21,47,83
193,151,188,20
33,117,255,35
148,7,102,120
77,194,255,84
121,170,255,10
31,159,9,80
197,192,23,255
120,255,88,104
255,156,18,255
248,201,79,67
195,175,194,251
255,89,188,128
84,255,79,3
1,1,255,28
17,255,140,26
255,245,11,183
17,54,12,44
50,255,189,36
89,162,117,73
14,46,5,1
8,142,200,43
204,62,173,94
94,48,121,31
53,127,8,22
255,255,53,71
94,255,29,227
39,112,169,255
255,25,46,155
134,60,171,77
24,243,107,20
49,41,48,143
73,1,250,211
255,104,43,22
8,71,28,45
104,22,56,255
48,0,186,255
50,9,81,175
86,38,146,122
255,30,255,194
48,205,111,116
186,39,1,255
150,115,19,149
255,177,10,95
121,75,123,28
9,6,1,157
37,78,174,75
8,43,55,57
67,29,96,55
20,14,33,125
58,138,15,96
255,178,19,231
216,202,40,155
9,255,255,146
39,255,35,49
106,74,255,130
125,43,142,45
29,96,188,115
255,98,79,53
26,67,23,177
173,18,4,3
148,14,255,255
53,13,19,219
202,255,96,255
3,9,118,54
216,30,23,1
61,18,255,67
134,189,39,81
123,68,224,213
0,255,110,64
146,11,3,154
142,255,135,161
164,6,228,32
148,103,176,18
56,191,7,36
87,217,38,142
255,47,255,55
22,153,22,255
123,255,255,200
3,73,188,8
123,19,170,255
255,255,255,9
78,158,65,214
93,48,57,198
132,255,125,103
255,5,142,79
42,58,8,46
34,211,187,219
9,8,2,140
9,120,10,47
95,142,43,48
104,54,33,106
99,146,52,69
21,104,86,255
255,255,245,148
255,101,10,81
25,255,142,89
29,237,174,255
15,69,159,149
63,29,85,163
130,57,54,21
137,106,255,255
255,255,32,255
8,13,255,54
53,74,2,57
171,139,68,172
138,13,75,102
14,8,46,13
107,188,29,255
217,67,165,63
231,73,120,255
122,20,54,209
14,188,2,202
230,172,255,55
56,255,28,255
182,55,24,143
255,27,85,114
255,255,0,10
255,3,56,184
67,69,177,200
196,109,1,122
11,94,255,130
21,78,11,13
28,77,190,170
140,158,140,66
167,14,255,155
120,46,62,93
10,255,46,14
52,21,173,2
88,182,0,255
248,70,142,96
110,58,255,160
100,255,41,255
27,71,20,17
69,255,105,255
255,30,31,136
226,104,20,9
63,255,93,128
95,45,60,203
51,95,26,248
87,36,57,67
12,201,72,14
87,29,42,52
5,22,75,255
255,50,48,255
101,255,42,255
255,145,137,54
28,89,255,69
210,26,43,71
42,51,109,152
6,19,61,83
33,1,64,255
205,63,245,255
255,139,54,46
13,7,20,148
255,114,102,48
193,100,102,95
255,49,140,255
136,148,58,3
205,18,255,185
90,203,77,225
2,35,34,255
93,12,6,188
122,76,84,187
73,61,209,211
172,166,23,154
7,229,229,29
201,5,255,30
77,43,212,47
190,45,86,120
116,24,64,107
46,94,80,64
28,162,65,82
32,255,71,245
58,34,15,240
69,34,255,118
38,79,255,66
88,255,17,4
22,64,26,2
17,43,63,18
11,17,133,104
2,145,25,37
129,255,0,255
104,78,32,28
66,61,140,255
99,16,50,134
197,255,75,17
14,92,26,79
38,255,130,38
255,150,255,177
225,38,184,130
10,255,30,168
10,25,48,203
68,169,41,20
16,108,255,200
55,199,88,200
255,37,247,110
15,111,103,222
19,138,178,16
206,255,110,17
74,8,226,107
84,64,19,57
26,19,157,69
120,6,17,40
174,69,137,10
255,134,18,88
100,255,107,2
74,71,30,172
197,192,108,5
70,100,152,255
121,10,205,23
14,255,255,0
64,95,109,77
117,21,153,35
19,116,15,98
205,57,54,83
158,255,255,38
189,255,255,255
87,187,41,78
68,117,255,26
255,255,16,22
129,80,7,28
249,31,61,255
81,166,111,11
243,135,54,64
134,48,10,206
94,128,170,131
255,89,241,185
61,145,254,255
77,8,128,115
19,8,0,69
18,255,211,193
245,34,11,111
122,44,49,25
36,101,86,3
167,167,210,130
25,9,81,14
12,18,227,123
101,93,14,187
255,38,17,138
121,84,68,23
202,70,255,168
55,113,77,81
125,160,52,85
2,200,255,110
116,218,48,28
86,255,80,36
169,27,209,127
74,255,177,110
154,255,133,37
90,255,192,49
255,76,116,255
6,146,23,105
71,17,79,112
51,23,170,136
50,255,63,1
91,255,132,76
122,34,49,38
103,5,89,231
55,86,160,112
255,205,61,206
55,113,140,49
82,80,31,248
255,20,255,255
255,28,92,255
34,27,38,100
9,81,202,213
199,106,249,64
2,2,108,95
109,255,203,49
251,76,126,50
60,203,75,24
61,255,85,87
121,124,58,13
135,11,5,201
63,225,51,82
40,216,162,81
114,40,255,89
89,11,68,166
90,17,51,77
47,166,139,255
133,255,74,140
70,27,19,137
225,255,101,115
163,191,85,18
15,29,218,155
210,160,139,56
5,208,150,122
52,167,17,150
255,100,164,57
25,7,45,9
172,26,91,161
81,127,94,68
47,16,44,197
104,255,204,32
223,34,18,255
25,96,8,3
89,255,15,6
255,123,53,8
4,54,129,73
47,154,11,43
233,255,7,76
19,255,60,190
16,62,33,184
52,255,76,80
27,22,100,26
14,20,255,161
35,82,255,255
134,62,4,142
27,222,107,255
227,187,146,198
36,1,0,70
252,10,84,184
107,215,127,44
36,67,65,190
255,190,67,45
162,13,51,158
165,215,85,141
255,17,107,50
255,255,15,46
127,78,255,2
42,178,255,17
77,45,20,8
37,241,97,150
255,225,255,255
186,255,13,238
95,124,165,118
41,32,160,75
176,255,247,178
181,140,103,86
129,41,225,5
183,0,171,110
42,114,147,43
16,90,3,43
26,99,103,133
177,51,18,18
95,57,120,125
120,117,125,44
255,189,97,17
79,83,8,108
126,181,34,136
64,5,255,58
5,35,132,255
48,133,25,83
28,13,29,8
29,255,89,141
70,3,189,255
103,255,85,166
255,179,170,76
163,24,38,1
35,255,1,4
21,72,255,157
36,64,32,8
144,31,231,33
15,67,40,114
12,0,255,23
211,97,50,39
235,27,207,77
255,57,68,123
14,16,125,255
118,255,16,255
69,255,78,3
126,71,255,134
76,180,9,255
81,156,168,70
206,41,2,255
169,85,6,255
82,80,83,255
18,23,138,123
12,0,121,6
118,89,255,255
89,127,12,255
158,215,21,33
200,255,107,63
48,6,156,13
81,255,18,255
95,67,196,255
255,255,73,146
46,76,163,133
90,97,55,14
17,255,28,121
17,24,7,255
29,11,113,16
95,37,255,113
12,20,4,4
149,40,10,32
39,34,189,238
87,22,25,8
65,103,17,114
87,255,129,50
219,194,185,74
34,72,111,120
80,255,21,209
29,26,89,29
211,46,11,89
60,106,197,91
11,63,255,82
255,29,238,76
24,25,34,223
86,255,86,83
63,143,181,152
255,198,143,213
93,109,23,62
217,12,13,10
204,69,126,133
69,5,81,5
137,51,84,38
53,37,255,108
51,1,95,106
236,53,154,38
130,226,55,151
22,29,91,71
76,35,255,86
22,13,76,175
233,50,0,77
110,130,255,46
148,69,255,37
50,255,0,255
89,102,89,26
111,255,113,144
255,147,255,101
255,146,151,105
255,43,114,15
159,28,214,216
145,255,255,31
163,160,255,255
236,34,6,102
255,14,3,255
47,255,255,255
89,33,35,176
141,255,255,30
3,126,217,255
250,137,85,77
12,4,234,38
86,219,77,255
81,45,26,9
255,215,24,40
2,101,97,83
23,72,21,69
248,196,29,90
68,83,130,16
67,169,159,83
90,135,104,109
64,44,33,6
255,48,23,37
36,94,90,42
217,255,119,31
242,205,118,255
10,5,56,145
71,101,46,17
27,255,1,155
149,96,166,68
255,43,153,200
112,53,3,1
58,115,255,12
118,70,162,255
8,40,68,20
180,183,3,36
255,51,76,71
123,119,255,114
1,89,83,91
42,73,16,158
86,22,2,117
110,33,87,73
248,20,227,14
114,18,13,90
178,69,46,255
23,3,123,217
69,76,255,100
66,83,167,176
204,255,89,80
138,104,123,58
38,134,22,255
3,88,121,10
146,3,148,130
12,12,67,152
34,113,173,74
255,13,157,255
255,13,255,3
72,107,24,26
18,255,79,255
45,4,15,216
255,54,181,114
255,27,34,74
103,60,253,34
113,78,255,255
25,31,46,145
32,55,37,30
255,13,33,70
176,17,255,255
27,162,78,77
34,204,39,197
235,91,255,45
255,113,58,47
12,89,66,98
0,59,31,22
181,166,132,134
21,71,6,10
255,159,39,217
69,7,81,22
104,34,242,76
163,213,58,35
58,57,92,184
208,4,54,69
124,191,40,115
255,99,60,21
90,138,255,132
48,37,61,19
148,249,2,21
168,19,40,17
3,106,62,5
8,3,255,16
41,202,0,12
255,88,255,106
24,109,150,2
17,111,25,255
121,81,137,255
255,36,23,255
99,100,128,13
185,32,255,176
17,22,59,17
27,39,103,255
114,73,141,3
45,15,255,52
38,138,59,55
247,153,114,70
56,2,255,2
39,195,47,21
36,109,195,157
29,108,201,24
19,118,45,9
227,135,105,42
255,57,28,255
31,213,7,145
255,46,239,194
155,3,160,31
145,62,100,200
13,19,175,32
76,174,3,255
44,53,40,45
0,98,41,87
32,76,136,100
83,255,231,77
4,156,139,62
215,255,255,88
40,89,255,23
148,184,45,255
41,96,250,34
33,9,84,1
168,54,143,74
108,139,41,67
11,65,17,130
160,120,30,65
200,248,62,28
28,255,252,40
43,0,158,160
255,128,119,70
57,8,255,74
11,175,93,11
0,77,19,208
85,29,48,107
255,58,24,195
199,255,116,123
42,118,27,215
255,83,47,125
184,56,249,64
222,195,130,65
14,101,76,195
10,100,49,107
253,48,19,28
18,241,17,255
6,56,255,126
173,255,122,145
34,255,1,164
35,255,14,52
30,3,255,102
89,112,142,64
61,95,255,223
59,255,15,191
35,231,255,156
0,233,39,222
124,151,60,148
255,28,66,96
95,47,34,167
103,4,51,68
53,255,208,131
54,30,103,52
94,29,187,97
61,255,79,27
243,118,77,75
107,56,255,4
107,87,91,51
255,255,85,41
150,169,255,9
129,4,220,48
18,122,26,101
86,77,94,18
47,12,79,24
255,3,61,45
255,94,156,68
10,63,255,8
255,42,12,10
104,22,174,115
36,31,5,120
188,140,177,26
24,76,91,208
161,66,169,25
76,188,62,255
10,255,45,7
28,248,255,10
196,255,26,255
167,255,140,17
134,112,20,82
61,2,52,29
255,120,82,255
255,32,22,26
67,51,76,15
17,105,255,111
31,255,255,56
167,16,103,160
255,39,15,84
74,101,103,255
87,94,68,29
255,70,97,193
45,9,255,98
144,193,153,39
5,154,255,255
3,71,41,12
57,13,85,67
81,122,255,85
23,58,255,179
216,45,159,149
255,54,239,67
196,190,1,36
154,66,81,255
128,255,109,50
89,137,230,98
200,13,2,255
255,120,116,103
49,104,116,3
2,240,71,47
56,176,1,104
255,255,168,77
255,255,83,255
105,201,62,50
94,16,255,19
65,121,72,18
6,57,55,13
204,51,176,36
109,112,88,255
134,98,96,34
235,233,131,199
137,203,39,63
255,76,192,54
95,52,108,111
117,2,16,209
207,166,242,70
53,205,26,255
1,16,255,255
241,238,167,255
7,4,24,9
95,38,17,58
81,102,76,157
42,69,37,174
10,68,24,223
70,255,255,28
161,130,112,60
203,27,178,193
186,129,35,90
255,1,102,30
25,17,28,235
82,34,8,255
80,19,12,5
20,68,50,36
131,21,18,94
136,62,255,117
255,98,255,104
41,44,10,1
184,168,237,54
76,255,239,21
92,255,92,84
44,142,255,191
88,82,58,181
236,5,20,129
133,94,102,255
18,176,81,255
86,49,51,16
145,4,255,138
255,20,60,64
157,255,165,29
45,50,255,255
113,47,16,17
100,131,52,76
64,32,255,76
62,68,141,255
255,254,26,5
8,98,228,131
127,255,252,76
101,255,6,21
70,172,52,19
255,56,190,122
255,60,18,11
106,132,255,117
255,72,18,110
33,14,20,51
41,34,99,79
114,101,184,81
77,4,31,152
107,105,66,48
83,47,255,255
42,255,255,9
12,9,147,95
89,26,25,255
255,18,255,255
213,69,159,255
255,89,21,3
91,2,131,49
129,86,23,29
100,147,114,94
229,37,172,91
255,145,17,6
47,255,1,47
109,188,154,37
255,139,12,64
51,30,255,77
102,73,49,255
27,255,14,85
3,21,255,0
100,59,94,235
135,32,23,1
73,60,20,7
66,25,95,204
21,114,41,255
2,21,108,255
50,115,28,43
9,255,38,27
3,11,106,16
44,59,255,57
18,116,176,40
8,222,56,72
12,255,36,27
177,74,33,80
125,21,29,23
59,93,3,73
13,50,27,76
21,99,248,101
29,11,255,255
149,89,90,205
21,97,108,255
4,250,0,255
100,20,4,209
156,20,0,143
12,39,182,5
131,229,116,8
19,104,25,72
130,56,55,72
64,29,121,117
14,108,114,111
62,41,160,95
6,141,115,107
52,83,11,66
255,1,18,25
122,210,255,255
255,176,255,183
178,18,131,60
48,42,24,63
85,149,255,233
43,235,113,230
104,33,255,186
98,165,193,30
39,67,15,43
0,28,159,61
78,18,10,14
117,19,226,255
130,16,16,54
155,45,14,31
13,60,255,6
73,221,255,64
255,116,14,30
106,25,78,4
221,32,151,97
106,255,255,27
199,123,81,93
36,131,66,132
3,117,209,71
59,255,255,116
31,138,255,77
199,122,76,79
23,104,61,36
255,71,89,5
221,7,66,32
158,75,150,104
99,112,77,62
129,239,109,40
88,255,17,25
123,122,221,129
255,8,4,124
255,87,28,42
1,65,41,95
4,255,69,34
11,255,199,9
255,33,33,203
33,69,19,59
237,50,255,255
120,255,186,117
11,77,86,128
216,179,16,133
86,255,15,94
199,68,131,255
55,204,113,240
35,141,4,118
255,105,5,121
85,162,111,53
137,200,69,2
213,130,141,24
231,162,255,130
87,21,177,46
4,29,76,37
29,38,45,255
13,255,239,81
41,255,8,109
39,113,16,94
116,217,54,15
255,24,124,57
40,145,54,255
48,194,139,112
5,94,58,154
255,3,110,64
150,68,242,16
154,35,23,150
40,163,26,248
91,194,80,3
28,255,255,60
54,255,255,210
54,118,255,54
255,5,230,62
146,75,72,53
255,169,8,32
15,129,197,221
49,32,206,42
61,100,9,16
29,50,231,26
83,105,74,34
60,17,255,5
234,255,117,23
14,94,5,255
83,140,255,88
118,245,255,255
134,99,62,255
38,103,51,95
104,108,6,93
106,255,240,41
25,27,244,168
67,10,153,179
255,24,140,4
5,228,20,170
69,31,30,255
46,170,8,215
0,80,192,98
189,43,11,27
37,35,21,99
196,0,238,103
101,14,100,19
100,195,210,63
255,101,166,33
211,159,136,200
10,51,40,226
46,108,216,32
122,185,82,70
92,22,112,130
71,12,250,49
15,27,136,138
42,118,246,16
40,76,76,230
44,56,255,40
44,84,254,24
102,67,67,40
29,95,255,21
65,255,255,255
33,255,83,255
20,255,175,54
200,10,185,96
9,2,80,252
13,255,155,5
108,130,20,193
34,70,86,189
165,10,10,36
255,255,12,255
255,255,156,78
14,109,38,67
11,8,115,105
133,45,76,57
244,73,60,78
25,64,255,42
24,10,255,235
179,135,18,32
54,168,185,114
70,4,235,110
234,151,0,73
15,40,169,66
66,1,252,22
255,24,59,84
40,129,23,72
204,192,166,29
18,88,65,33
11,255,81,11
46,137,59,255
90,155,57,64
73,45,201,13
255,7,130,102
255,3,25,12
4,82,172,255
63,30,7,76
14,33,11,13
147,255,48,36
49,70,20,255
57,135,153,14
46,9,82,107
255,86,72,76
112,164,192,2
255,14,44,255
158,231,39,112
3,102,118,255
229,255,238,255
93,16,82,61
75,86,209,29
222,202,255,94
35,155,41,21
255,249,94,211
6,80,94,161
98,178,147,230
174,3,36,26
151,255,21,28
221,93,99,84
54,47,152,233
13,161,237,91
41,68,3,183
108,85,116,55
24,37,136,255
0,3,210,209
255,72,239,122
100,162,6,19
147,59,155,64
186,136,71,47
81,138,134,152
255,230,17,6
32,164,2,15
102,11,132,124
46,255,16,42
1,33,85,4
29,49,143,131
166,255,61,10
255,21,28,229
233,255,168,88
21,64,48,255
218,78,125,27
19,193,75,16
23,255,16,39
255,151,151,22
255,129,20,18
156,52,106,6
190,32,255,104
74,255,251,62
255,58,44,9
127,2,50,26
27,255,125,132
60,255,97,255
20,234,9,150
56,255,38,60
50,255,63,36
12,255,8,109
43,255,63,242
74,128,5,75
21,178,54,2
241,180,33,103
108,17,81,22
101,45,25,60
208,14,255,245
119,255,72,42
55,131,87,162
191,9,157,255
147,255,2,140
115,117,34,70
246,31,55,23
255,255,255,60
222,53,0,88
150,140,37,17
255,101,38,102
255,255,74,243
255,28,170,73
91,34,50,4
207,3,255,154
10,22,68,165
241,10,28,123
36,228,36,117
255,255,39,76
105,9,146,255
42,14,7,255
39,240,106,84
62,16,8,153
42,255,54,255
37,37,81,240
28,9,173,16
255,30,28,16
233,73,20,48
167,68,56,104
27,255,26,240
40,255,44,42
42,72,52,139
101,57,65,216
23,255,0,25
42,246,66,69
145,49,55,60
38,119,46,25
72,162,77,255
81,102,38,255
69,96,53,115
84,165,59,14
245,80,30,42
21,28,255,173
255,184,35,90
53,255,8,25
197,9,29,2
5,28,113,0
212,255,10,192
62,57,184,78
43,1,18,152
50,59,37,141
92,13,122,154
225,68,75,133
54,0,21,22
19,178,28,5
153,83,110,56
255,255,59,26
8,19,17,98
25,255,90,15
245,43,58,34
149,19,35,189
77,10,58,130
255,65,62,234
35,45,255,36
250,27,255,124
31,71,15,137
110,22,20,123
71,43,78,39
255,255,183,10
255,255,181,52
56,63,255,14
134,255,61,36
4,107,71,255
255,255,109,159
255,255,24,11
97,255,99,46
255,246,22,89
145,75,139,60
255,45,255,18
213,10,53,255
19,42,255,255
38,255,126,46
46,176,135,255
86,7,215,255
106,1,82,249
69,255,193,3
1,34,16,78
170,255,47,255
8,255,4,81
93,255,39,179
123,3,94,255
16,155,2,27
64,99,19,75
6,17,10,55
118,98,36,135
41,12,95,12
189,215,107,20
111,29,9,26
132,54,32,2
36,12,178,10
107,45,255,215
255,38,103,127
255,2,62,194
69,145,122,255
255,255,255,24
255,43,103,255
5,198,37,10
178,13,123,100
255,66,0,160
68,255,232,255
255,3,11,152
150,3,234,255
17,44,65,50
107,20,30,255
127,30,156,49
66,109,255,190
160,255,255,116
5,67,87,194
7,247,252,0
255,255,102,40
95,61,227,20
19,167,133,185
178,224,60,120
81,107,12,10
159,199,0,16
255,65,123,61
23,114,202,54
255,151,35,30
10,192,3,27
32,155,8,170
120,255,84,126
95,74,26,244
1,26,24,81
255,152,128,229
40,2,58,55
100,51,211,55
0,48,64,77
57,136,183,3
74,23,62,49
90,203,95,80
179,255,91,24
3,255,126,135
2,96,152,35
38,254,98,95
98,110,65,87
121,53,186,140
125,99,18,170
106,86,40,91
147,13,43,49
233,6,66,154
17,125,255,207
134,21,49,118
0,34,43,19
230,26,151,190
126,240,96,83
38,11,2,15
49,20,137,159
7,253,92,255
67,255,91,83
20,41,16,194
38,180,15,15
81,176,99,105
255,255,110,22
16,40,58,106
110,57,65,86
58,90,41,60
92,255,26,104
231,255,13,255
255,29,9,87
158,255,39,124
153,60,57,252
26,243,17,90
167,98,59,85
168,13,85,60
194,26,72,165
229,111,11,140
167,139,62,94
5,95,183,251
58,75,232,16
255,184,154,236
158,255,72,155
11,185,240,29
189,15,89,10
25,255,59,255
255,29,106,36
255,15,2,255
44,83,105,255
40,156,100,65
108,255,255,76
31,142,29,42
255,70,155,62
55,111,255,182
110,14,64,96
117,61,34,51
29,171,223,255
61,76,73,15
219,111,255,70
66,115,99,255
43,43,0,48
24,144,255,230
12,203,131,255
86,83,255,28
177,121,187,255
49,49,198,208
73,29,180,23
67,255,81,50
14,120,255,132
84,255,192,9
64,23,32,29
166,255,188,148
138,85,93,45
16,255,255,255
11,143,83,255
201,45,49,227
19,127,13,158
66,42,247,119
22,11,168,12
7,39,52,43
8,242,6,93
130,35,255,255
6,120,7,19
106,32,8,112
11,255,24,255
55,128,255,40
162,255,255,70
14,158,16,255
17,255,1,150
255,197,255,155
25,80,78,255
63,77,11,177
255,72,126,171
56,192,255,255
213,1,208,35
193,40,81,13
17,24,9,28
21,47,15,171
39,65,249,101
10,255,255,108
33,47,167,52
112,82,233,235
255,22,37,83
24,202,132,128
29,255,43,255
255,144,97,83
58,255,202,21
2,33,142,255
227,76,118,4
223,235,3,105
13,255,62,48
96,31,217,148
1,126,255,255
215,5,160,18
255,8,192,255
255,255,71,255
255,66,55,79
50,84,82,74
99,227,107,25
128,135,170,115
2,255,102,151
132,34,133,26
217,149,18,43
255,142,61,3
151,17,15,39
75,162,255,142
9,53,185,68
165,120,128,5
160,255,1,255
13,136,19,161
20,84,208,46
156,73,244,88
255,212,26,8
255,19,214,23
255,213,172,6
11,95,162,44
207,227,67,255
44,78,31,156
2,16,31,245
21,144,20,64
161,105,120,11
40,42,80,178
255,47,13,164
96,94,29,26
38,24,60,255
112,255,203,178
101,66,109,77
63,78,23,119
43,165,127,110
114,20,7,33
2,29,205,41
1,178,105,7
255,64,115,112
134,55,46,132
95,44,158,238
44,208,140,26
49,255,50,255
46,25,53,196
255,58,66,32
89,255,129,2
123,38,10,218
1,77,21,255
149,255,74,68
126,190,146,133
103,143,255,94
210,139,11,72
0,48,21,22
18,26,65,40
255,210,26,255
7,91,255,45
19,24,2,27
127,11,255,255
83,43,75,24
20,24,33,73
61,156,152,10
11,255,8,135
255,120,255,53
255,23,242,102
255,78,18,15
8,51,255,6
250,48,12,106
17,160,146,242
164,255,91,219
85,125,151,76
192,244,76,73
135,10,182,69
8,72,138,3
103,18,90,255
56,70,80,255
255,189,32,25
255,103,169,154
17,98,161,44
166,26,126,143
79,209,128,255
73,50,216,175
82,1,18,49
5,204,255,13
53,5,42,33
170,100,125,7
86,45,255,59
96,21,50,255
33,86,71,90
63,78,105,67
23,38,28,143
3,10,104,172
151,69,112,126
255,17,109,61
88,56,15,68
27,69,55,255
255,255,255,107
9,235,6,119
136,133,189,255
22,65,36,55
122,73,18,255
10,92,120,255
255,137,255,94
11,255,82,26
235,255,150,138
104,255,255,18
116,82,255,1
255,250,24,59
47,9,254,19
130,180,151,39
12,53,34,130
255,129,255,255
0,6,42,38
231,21,88,172
76,144,61,3
119,25,69,255
29,47,85,65
255,45,59,25
134,73,128,242
1,55,88,154
111,62,217,20
169,57,21,123
150,137,16,21
91,255,10,218
154,234,39,41
234,80,120,103
9,255,89,92
134,105,13,77
88,116,23,255
66,39,34,255
223,190,99,255
109,9,13,62
255,185,108,92
12,31,59,24
205,213,235,2
162,255,1,191
1,49,129,22
15,42,31,255
0,136,160,11
35,166,155,255
38,248,18,101
165,16,47,41
255,77,19,140
24,19,81,14
211,4,121,204
30,15,5,66
9,28,144,205
223,9,100,158
178,137,70,13
77,21,164,147
8,86,4,31
45,146,145,47
87,8,111,236
225,255,232,102
144,2,62,28
161,120,79,3
76,12,78,25
70,39,55,154
124,88,174,42
64,74,14,17
25,68,90,184
124,39,161,151
35,11,72,255
133,225,255,20
27,252,206,174
255,67,255,103
61,5,25,127
9,53,147,81
28,73,255,14
255,13,42,84
43,23,28,76
59,14,121,168
48,41,255,66
184,181,255,11
108,81,60,21
255,200,91,5
72,66,74,106
255,54,14,255
19,241,151,38
104,1,3,255
29,255,100,127
35,255,3,175
50,35,34,174
144,255,4,7
92,255,20,73
175,61,122,149
255,108,65,2
66,5,11,80
45,255,1,115
0,114,115,13
23,124,115,41
255,197,255,185
5,255,139,255
255,67,60,255
13,45,5,206
39,41,9,114
10,73,255,22
60,40,28,111
177,37,64,201
5,139,44,255
109,2,18,66
148,255,207,27
255,125,65,0
68,65,141,84
255,64,232,46
138,255,4,127
50,60,255,161
19,73,159,76
156,212,255,1
6,32,84,94
80,255,130,2
164,129,216,255
117,60,85,128
14,142,144,255
21,74,63,8
192,83,155,36
142,12,152,80
62,193,202,135
30,77,54,73
216,17,48,165
67,100,255,255
83,6,225,11
242,255,255,92
25,255,128,217
255,212,10,90
21,43,255,255
255,9,19,194
255,83,152,48
36,48,109,174
23,63,52,199
9,67,37,68
74,90,64,53
79,3,73,164
37,7,98,50
255,64,74,56
255,255,50,134
118,85,32,230
115,24,38,255
39,255,144,76
43,37,14,40
33,6,197,111
5,109,83,54
30,64,36,242
255,55,255,84
130,88,27,150
55,72,255,255
148,6,65,80
35,195,4,8
60,4,25,165
201,19,30,102
255,113,0,255
30,248,73,100
255,157,135,32
47,29,255,255
49,56,11,36
206,9,54,134
255,119,80,1
255,208,128,191
45,70,255,103
105,24,32,41
229,134,13,43
93,21,137,58
62,17,54,55
89,28,199,11
78,49,255,255
19,5,132,97
149,255,65,103
22,255,115,71
162,102,56,1
118,30,39,138
104,80,60,255
57,183,25,35
88,42,190,184
255,229,221,26
138,173,62,151
5,187,255,36
11,17,38,4
58,255,6,15
54,43,255,77
67,23,255,143
52,71,25,255
18,255,142,17
32,194,95,255
255,95,109,90
255,40,18,49
174,89,27,157
81,105,7,94
1,226,43,119
41,6,37,21
72,62,129,145
130,172,16,191
255,86,106,222
5,111,68,189
65,41,107,13
160,23,255,67
4,17,48,76
209,55,52,23
153,98,125,73
255,37,162,172
180,18,129,25
255,24,139,43
7,31,147,85
217,183,61,178
66,25,16,46
67,40,116,255
21,44,30,25
232,99,186,44
255,25,34,255
7,185,24,129
50,255,181,116
44,39,214,92
111,255,219,123
131,129,68,62
255,81,53,255
28,92,115,39
255,255,198,61
20,128,22,7
30,30,58,54
23,47,3,118
34,134,38,92
219,107,255,241
255,45,156,255
57,76,98,252
255,148,43,107
119,83,31,4
66,255,255,26
255,74,66,151
170,185,66,37
221,30,202,23
107,38,209,255
11,165,72,189
128,76,240,255
255,68,88,2
198,78,189,22
133,37,63,102
66,255,255,67
9,5,90,122
80,88,151,85
59,111,37,255
255,255,44,87
22,151,39,24
255,93,7,95
96,108,34,81
127,255,164,205
56,255,8,10
207,203,47,2
3,16,180,130
160,77,255,22
114,81,70,19
18,217,140,22
141,58,79,66
7,28,129,193
10,169,149,35
255,1,7,88
39,89,65,109
165,18,255,156
75,26,37,34
102,75,107,223
11,45,181,180
230,244,12,47
78,194,255,255
7,128,214,62
29,56,26,255
166,10,150,42
17,143,41,1
39,33,17,255
65,75,53,201
203,26,165,75
255,134,44,23
243,139,42,56
79,106,58,97
153,162,49,214
39,7,34,152
65,110,38,34
80,19,96,197
164,19,165,24
33,60,70,132
16,255,150,4
168,5,66,47
255,31,52,3
83,27,86,11
255,60,255,197
34,149,178,164
40,23,1,147
23,164,67,25
20,120,91,9
255,155,0,93
45,108,39,82
145,108,26,11
62,255,19,20
109,63,212,36
117,129,232,129
255,255,11,22
105,56,23,150
211,10,255,5
192,6,70,7
96,35,179,0
118,27,201,98
69,91,98,1
255,171,30,76
64,53,85,68
63,89,195,98
170,15,12,78
175,231,255,137
9,49,43,140
79,49,255,162
139,243,114,20
22,255,17,48
146,18,187,21
255,86,255,232
8,190,15,52
60,55,12,34
255,16,14,255
252,1,30,118
107,23,139,29
32,60,41,163
75,255,131,248
49,59,48,39
32,255,227,75
45,90,61,1
13,68,133,62
29,174,69,130
75,255,10,69
232,91,255,239
131,15,58,110
2,25,68,24
2,18,255,209
76,17,120,52
223,229,172,255
26,185,255,148
74,255,213,224
81,123,100,30
236,36,25,196
97,61,6,5
255,29,188,219
36,255,255,163
63,27,67,255
26,255,160,1
14,31,67,15
255,255,255,25
107,159,187,17
213,139,221,4
54,255,143,157
85,80,114,39
138,64,108,50
78,246,120,0
255,158,60,81
128,166,132,13
76,35,255,58
8,31,48,184
150,197,130,255
26,9,47,255
55,230,129,77
77,120,201,171
128,93,18,43
29,172,43,127
103,93,132,255
215,4,63,57
208,116,98,255
60,176,20,74
114,71,120,255
67,235,82,255
54,156,208,255
15,118,131,71
28,108,187,0
51,255,44,21
46,230,36,211
116,3,75,162
26,110,129,154
74,101,3,174
42,199,28,24
22,77,127,99
28,42,155,62
42,188,5,7
35,21,99,207
106,7,26,106
15,255,68,22
24,18,26,255
255,19,255,107
255,13,91,145
16,28,124,8
14,77,255,255
40,255,53,58
163,252,82,5
7,73,125,140
169,203,114,97
137,238,110,255
51,70,10,131
128,255,106,255
198,23,115,16
9,255,255,100
15,255,156,255
42,47,32,35
0,75,111,173
21,15,116,21
129,124,77,34
202,44,13,62
68,255,79,17
162,128,57,214
3,106,234,8
130,152,107,5
12,75,177,255
101,255,27,255
176,111,47,69
100,76,112,127
96,203,58,98
227,53,17,129
255,57,138,255
217,17,255,35
255,68,98,86
8,255,59,108
255,208,148,121
222,138,59,255
255,96,255,67
255,201,39,82
226,20,255,255
41,255,255,20
25,60,142,255
99,134,17,255
33,141,255,1
255,33,70,226
33,5,128,49
99,255,197,118
191,4,46,67
55,42,88,39
33,255,0,26
173,176,59,79
183,4,255,227
203,27,108,0
115,55,19,25
74,18,44,93
87,255,77,225
171,75,255,43
11,94,130,255
2,255,56,142
140,56,255,95
255,41,69,115
129,21,255,255
24,10,99,35
43,164,9,255
119,239,109,0
36,164,68,53
124,103,0,10
61,58,111,63
14,42,227,198
18,73,82,14
45,71,7,32
48,195,160,47
55,132,56,203
158,255,7,120
34,62,85,19
64,181,17,162
152,97,245,213
162,85,82,180
17,10,255,13
15,2,113,133
17,13,125,53
39,70,182,110
255,74,189,28
236,43,66,223
128,59,108,225
30,11,108,48
255,61,81,189
61,4,255,119
255,41,139,198
77,27,127,255
37,255,31,94
11,107,37,68
0,16,183,23
51,89,16,43
255,39,21,25
96,54,157,46
255,231,133,32
52,33,77,188
255,135,131,84
142,116,195,255
23,85,103,22
80,21,255,49
43,125,30,49
69,27,84,0
198,109,106,46
118,241,27,255
32,131,255,40
111,4,105,22
165,18,18,118
43,44,43,165
33,187,87,3
11,255,37,90
29,9,136,9
42,44,77,149
89,126,240,30
7,12,152,115
48,98,125,249
1,31,70,120
247,27,2,3
199,33,23,225
182,105,230,17
156,29,18,34
112,6,84,255
10,121,198,255
13,40,255,86
158,255,106,54
102,21,255,32
4,95,68,5
198,1,20,0
69,33,49,14
10,113,255,65
41,91,61,126
178,107,179,145
22,255,79,162
255,255,255,21
134,253,251,112
255,8,255,113
42,213,255,255
255,62,132,2
7,255,51,255
214,6,255,245
255,28,10,57
242,123,196,138
236,77,222,65
34,129,9,155
146,187,255,109
171,162,13,25
27,255,255,25
186,93,57,255
192,30,161,14
255,255,83,75
10,192,182,55
48,59,141,191
87,81,255,103
1,23,8,9
156,25,61,30
188,62,139,181
180,60,8,255
41,139,11,27
236,14,136,92
220,13,110,255
5,123,5,75
68,35,150,135
51,113,221,41
42,255,23,55
15,255,49,206
206,203,50,44
55,255,255,28
95,125,122,13
255,209,57,95
255,255,189,69
66,39,85,120
10,111,2,8
3,255,89,47
23,41,255,18
23,144,15,1
56,255,41,89
45,62,255,10
49,130,133,14
255,197,25,211
20,28,0,16
39,33,18,255
223,84,159,40
231,114,255,90
96,255,175,134
232,11,40,67
25,127,40,255
42,111,70,12
227,56,107,255
12,203,62,23
255,3,12,46
54,20,121,255
167,203,116,183
172,13,255,255
1,40,10,31
47,6,51,63
89,67,42,81
13,37,49,75
11,63,101,73
9,10,255,135
43,255,32,134
255,46,147,125
36,2,137,84
7,12,61,94
121,16,151,125
144,64,137,25
77,93,134,68
79,22,65,57
20,154,88,255
103,255,96,10
8,51,33,255
40,105,255,168
87,23,217,255
190,71,138,29
23,226,3,155
243,50,255,84
30,146,184,68
65,101,255,13
151,17,150,115
89,59,235,152
157,101,16,34
29,236,255,86
64,115,49,48
69,227,52,78
159,110,184,141
91,34,255,255
70,52,89,255
64,255,41,187
255,255,255,45
45,61,122,31
195,1,99,10
1,255,227,15
212,29,255,2
239,54,10,149
208,61,80,255
30,255,46,42
170,255,169,58
99,17,26,37
255,26,65,23
106,7,152,52
253,11,135,255
255,189,33,104
0,11,30,255
143,27,233,185
20,49,33,255
140,54,255,35
156,67,255,19
91,61,73,163
4,158,68,33
122,33,157,112
230,37,142,189
48,133,47,255
113,49,29,31
49,255,255,145
195,53,11,29
23,52,255,186
149,26,145,253
14,7,215,172
255,218,65,124
70,53,92,140
15,35,25,48
150,114,40,97
29,6,125,255
74,25,6,92
144,197,237,134
255,169,255,59
12,116,255,72
73,22,255,208
255,255,206,15
8,140,104,38
225,115,255,182
54,255,255,2
86,255,151,61
43,10,216,36
25,255,108,19
5,73,157,117
39,73,103,114
89,72,47,71
85,102,174,255
176,24,65,95
97,88,64,255
212,27,12,55
170,105,194,26
96,6,60,27
255,214,31,50
47,89,134,47
85,255,211,89
109,36,86,234
162,4,254,245
88,255,0,222
52,63,22,48
97,143,80,4
47,22,59,86
26,44,38,145
55,68,81,3
80,16,20,140
19,75,5,103
18,59,255,224
221,114,110,248
255,70,149,41
12,28,168,255
135,22,3,110
255,109,171,130
255,6,200,18
6,5,40,3
255,255,96,40
131,26,183,44
125,15,4,255
36,56,255,90
255,5,38,255
255,255,63,1
255,93,74,47
255,40,255,54
227,254,255,178
125,145,83,122
144,22,27,19
118,176,253,255
42,4,112,44
110,41,40,149
0,85,255,0
255,25,72,113
255,104,5,0
34,221,57,28
242,45,152,119
140,119,132,48
41,121,10,88
83,25,215,14
255,43,28,2
192,18,38,39
186,66,69,57
1,16,44,66
1,79,65,255
153,26,24,255
196,82,255,193
27,30,21,105
25,253,172,38
28,40,0,58
58,136,22,23
173,133,39,134
188,255,29,59
46,2,96,179
10,4,72,99
109,1,15,105
198,139,255,50
13,255,255,255
19,8,39,209
141,255,187,198
31,204,12,28
41,7,200,92
29,98,83,148
202,105,82,53
74,53,9,132
28,55,90,235
80,131,71,0
13,173,22,28
52,160,2,4
26,48,62,255
255,59,50,176
31,255,20,39
23,253,28,242
183,10,66,61
97,115,35,87
136,69,131,84
96,108,54,122
14,15,82,255
104,106,127,255
16,23,255,69
62,255,128,55
38,40,255,22
255,28,219,140
164,86,137,255
139,40,94,110
68,15,235,57
49,85,234,6
255,110,134,18
22,31,16,54
9,111,255,195
255,255,53,255
109,2,59,114
136,195,254,123
16,117,253,49
64,37,60,47
49,1,19,20
87,52,46,169
60,162,203,85
14,17,59,19
6,20,144,91
2,175,0,97
9,106,245,3
132,42,50,51
89,255,113,96
150,163,129,35
67,34,95,253
168,140,196,255
184,19,112,17
52,255,113,16
13,43,25,136
85,189,211,38
64,45,51,253
79,255,255,125
183,0,52,148
0,80,255,5
188,27,33,95
72,70,68,47
15,40,89,17
83,255,161,255
91,47,63,71
35,220,47,75
24,40,255,25
4,198,68,255
216,3,113,255
97,255,11,60
175,61,126,255
38,230,255,37
174,25,255,82
53,112,20,21
191,218,70,51
56,120,133,255
65,255,123,41
172,83,7,108
111,255,103,94
54,21,22,161
254,87,124,255
140,255,12,27
36,189,4,58
154,159,142,48
30,41,129,62
61,255,162,29
140,131,83,255
130,66,246,25
45,255,61,97
255,179,234,62
106,9,41,109
255,126,70,24
190,67,58,194
98,255,255,158
255,255,133,85
82,255,255,255
86,255,46,142
255,255,8,250
161,39,9,46
8,39,14,255
41,81,8,20
20,255,80,188
255,255,6,105
33,188,15,83
97,55,58,24
46,42,255,255
6,184,255,29
15,59,255,69
37,7,123,158
127,41,111,54
73,255,49,79
7,5,255,211
76,51,52,59
65,53,78,61
32,3,10,167
116,125,18,38
5,255,129,255
57,59,255,73
90,187,247,52
255,255,117,31
125,255,176,255
108,31,117,37
55,4,37,224
127,27,44,93
55,47,12,51
208,52,105,255
104,243,71,12
22,19,139,181
122,156,8,4
41,135,164,150
255,255,31,126
209,23,15,255
68,255,17,40
126,179,113,3
49,255,53,20
15,26,255,255
255,96,255,255
101,37,203,77
38,40,148,7
17,38,95,40
98,255,28,7
255,202,102,211
115,133,152,189
51,229,104,152
255,88,47,55
87,69,183,255
9,255,203,194
77,34,49,255
69,3,255,71
173,154,98,93
38,255,171,13
116,45,4,91
31,255,1,86
24,26,27,218
44,186,15,111
32,40,35,45
65,65,134,40
26,218,127,116
181,132,140,10
62,205,13,28
104,61,34,15
255,182,184,88
0,255,24,66
255,244,29,24
55,71,26,148
14,35,35,98
146,80,123,47
235,3,12,21
79,107,140,117
255,134,10,52
71,255,251,255
45,127,1,32
66,85,42,19
88,18,60,85
6,12,4,55
83,29,188,94
44,38,34,22
255,255,48,59
208,255,10,15
255,255,84,89
188,135,40,137
17,172,218,27
60,19,98,120
224,5,68,68
70,75,255,255
255,71,255,12
255,9,44,62
150,166,0,152
245,246,48,22
109,153,56,77
15,18,70,17
69,70,20,113
92,15,28,255
80,86,255,103
132,204,94,164
249,255,255,98
124,86,218,90
58,44,41,2
255,60,91,243
111,105,147,6
255,5,92,100
63,109,12,128
200,248,72,40
235,133,11,114
98,206,14,255
66,26,78,255
255,45,149,31
95,9,71,19
255,198,61,108
13,50,119,85
28,109,118,147
85,26,104,0
253,18,89,255
72,122,123,28
255,30,18,116
17,80,255,106
57,48,138,11
226,139,81,61
190,103,97,18
89,255,34,255
54,33,78,118
10,74,4,28
63,82,255,172
255,11,255,255
231,68,162,255
255,185,18,239
124,150,220,103
61,68,255,118
17,210,104,59
16,91,213,255
191,255,255,255
5,0,8,121
17,82,79,34
42,79,155,104
33,78,174,166
135,51,255,27
61,61,39,59
181,39,112,188
166,255,83,5
89,53,195,255
49,255,42,23
125,19,37,28
143,144,4,92
65,160,255,219
16,255,66,255
194,255,69,134
107,75,187,1
109,1,8,130
127,24,1,72
36,35,104,69
255,85,13,23
255,150,92,77
30,163,188,5
83,133,37,91
9,221,221,51
71,9,140,77
148,156,20,230
183,11,55,21
255,29,120,68
94,53,47,157
171,133,67,126
130,69,102,202
255,104,17,35
46,4,255,126
255,163,205,114
17,30,100,255
110,79,23,42
19,54,21,44
8,63,16,255
136,54,24,95
30,36,255,19
142,124,33,53
169,2,101,9
52,29,4,184
255,31,13,46
255,25,101,74
152,25,38,6
255,137,62,35
36,16,106,101
101,0,60,10
1,55,19,255
88,255,255,255
28,95,31,77
76,61,14,71
59,20,155,59
140,148,255,143
68,49,255,82
9,61,101,101
42,255,51,31
29,255,5,192
9,54,142,55
34,26,29,181
5,91,83,48
132,77,100,92
255,255,69,219
41,255,22,255
69,84,61,90
72,192,19,93
255,12,86,170
30,31,110,167
182,192,63,53
112,255,3,233
255,93,255,202
255,71,120,92
121,13,188,53
255,187,33,234
131,98,255,34
96,80,43,255
255,63,55,124
138,67,120,89
137,2,255,99
255,107,41,26
255,40,197,33
73,75,122,141
255,48,235,114
13,0,193,14
84,191,106,7
11,22,9,135
36,18,248,41
54,255,76,57
64,255,91,255
125,1,255,38
255,34,76,26
45,48,94,50
99,30,177,47
22,113,212,203
168,255,96,45
0,254,2,82
48,59,90,77
119,43,255,112
255,17,28,70
11,147,234,49
12,255,8,22
156,196,142,74
1,165,217,141
85,70,159,23
23,13,122,80
74,70,255,255
16,105,161,47
229,191,179,31
0,34,27,10
138,251,36,6
45,6,72,55
255,255,138,24
59,98,80,98
94,179,7,247
255,134,13,255
255,203,201,43
19,66,15,15
8,139,160,65
87,57,58,96
70,89,14,29
94,31,80,118
107,73,13,51
44,35,3,78
5,255,8,48
52,21,89,24
255,112,1,255
75,255,58,67
10,122,158,31
71,12,156,255
115,224,255,255
1,0,93,58
106,66,105,145
123,88,68,81
42,106,245,192
17,237,130,183
211,80,32,124
21,255,3,21
0,0,176,26
62,15,88,219
27,2,105,153
8,96,255,255
69,9,33,189
152,102,117,190
113,122,17,74
29,49,65,75
56,74,29,169
86,32,255,86
255,255,96,20
6,74,33,167
96,3,49,17
255,255,255,120
87,31,25,8
255,5,22,93
66,25,2,126
62,66,54,191
42,120,67,145
204,61,255,255
120,211,70,49
23,80,112,34
200,111,83,32
124,202,59,96
181,14,222,1
39,30,255,7
52,15,167,87
9,77,12,27
141,237,189,92
109,103,151,255
140,7,91,191
192,114,25,135
78,246,59,78
159,28,79,24
9,118,247,147
255,100,141,10
19,0,9,33
85,9,168,73
5,125,24,101
254,115,131,255
98,53,255,38
114,1,40,255
98,139,7,160
145,14,96,9
152,255,255,103
82,75,62,54
45,34,14,110
255,113,44,37
171,255,47,179
159,116,253,152
45,86,54,86
46,131,255,82
255,19,19,111
91,255,55,255
13,132,75,43
181,22,87,42
64,64,38,29
3,19,21,69
134,255,255,53
56,101,76,16
168,255,255,241
145,90,38,125
239,60,227,44
200,40,18,15
67,123,28,11
78,255,142,127
103,92,255,5
183,27,255,3
22,37,173,103
9,55,255,10
19,7,41,255
5,53,66,60
200,63,255,47
46,30,82,12
255,51,28,88
255,71,75,43
90,99,170,22
88,255,86,199
126,42,225,144
124,30,146,63
255,220,35,138
64,78,247,9
26,51,205,129
255,102,253,128
13,255,16,203
5,255,3,235
140,37,7,1
18,44,49,255
196,58,255,255
195,205,207,1
255,255,38,109
100,188,255,160
255,242,83,255
29,68,142,103
49,39,80,6
95,26,255,242
34,32,34,237
77,165,203,85
199,255,65,4
240,111,255,11
74,134,47,117
90,25,107,156
7,16,163,64
23,0,22,219
72,255,180,41
106,129,28,255
7,88,10,164
98,207,107,77
255,195,255,4
11,255,37,52
68,129,65,189
192,143,0,80
24,32,21,31
22,191,58,138
31,255,65,31
64,49,96,3
48,36,132,146
12,141,131,255
255,124,23,35
4,30,23,18
9,78,62,76
255,98,83,125
61,148,158,16
255,26,112,148
224,34,162,122
214,42,62,78
20,106,125,15
104,26,150,0
47,11,22,208
58,99,67,31
234,255,255,67
103,255,141,247
14,3,17,28
255,84,78,39
100,196,51,8
21,110,86,14
242,76,0,255
30,7,123,152
81,74,255,132
34,56,52,151
60,120,76,113
255,255,91,12
255,6,12,255
77,255,94,111
255,116,2,255
255,3,54,41
82,238,54,34
114,7,110,79
255,33,78,9
32,152,14,54
130,80,175,29
121,18,197,255
25,255,39,19
255,41,120,66
38,69,204,47
64,100,101,110
53,17,93,255
42,147,78,8
46,60,255,0
221,95,9,188
133,17,252,103
46,40,14,80
30,44,220,15
22,114,32,130
69,185,46,110
255,60,94,21
92,33,79,96
131,73,33,56
225,122,55,7
41,19,48,255
72,2,197,255
56,255,255,158
169,152,255,128
84,121,9,38
255,186,13,40
80,56,63,255
40,19,111,80
54,0,60,77
3,46,148,12
204,255,2,15
54,154,236,63
207,214,71,171
82,7,91,203
255,102,40,255
10,202,94,255
255,74,81,255
85,15,83,19
73,17,144,94
255,25,10,179
58,35,156,255
193,87,255,162
31,10,74,79
106,23,97,226
149,18,169,5
255,10,47,53
20,10,11,84
104,27,255,111
39,133,160,255
92,61,59,24
178,52,39,117
113,95,3,137
44,255,234,13
29,88,240,20
129,150,43,255
0,22,255,228
42,9,35,255
90,11,35,111
47,6,207,255
126,222,255,93
114,145,19,19
68,255,19,161
78,255,18,89
78,187,93,255
67,2,53,47
15,71,255,4
36,255,81,118
9,255,42,26
116,122,255,172
87,122,131,19
82,19,222,134
255,33,82,66
8,166,124,52
118,161,41,119
46,2,126,105
255,60,24,171
53,23,226,35
214,118,255,255
255,77,69,156
81,28,13,255
82,255,56,81
45,120,53,53
13,0,76,177
9,113,255,32
255,255,10,255
60,26,78,126
78,121,125,21
138,25,195,27
255,95,40,229
190,34,193,255
236,15,78,96
131,255,207,110
145,255,243,93
183,16,223,255
96,35,61,255
99,83,91,139
55,18,62,255
67,165,206,69
255,8,185,12
18,141,62,10
219,79,2,36
92,69,22,81
166,82,46,26
136,41,117,14
19,37,62,255
3,117,124,198
202,46,115,255
221,54,255,17
74,255,121,224
196,13,220,89
19,139,63,145
170,205,41,95
30,14,181,55
39,97,91,43
34,53,126,35
67,43,62,63
113,19,255,93
255,168,255,129
255,80,46,27
70,47,13,63
4,255,36,89
220,2,229,234
179,92,9,159
141,47,255,199
2,0,86,27
216,255,106,202
34,46,4,213
11,20,22,255
46,46,27,14
255,70,78,181
12,2,239,255
170,83,255,255
170,216,126,233
75,76,3,46
255,68,52,9
29,107,198,79
85,112,147,1
243,255,79,1
255,36,88,164
8,50,1,31
15,41,113,68
255,207,140,192
161,173,30,189
255,154,221,62
66,5,255,17
1,39,16,175
15,82,0,60
73,255,52,51
75,255,79,46
45,54,255,29
23,198,49,122
33,255,114,217
15,18,115,255
113,137,39,128
103,60,143,255
189,8,64,72
201,97,219,148
255,106,158,6
11,202,6,18
124,61,137,43
95,235,25,18
158,39,31,253
44,232,17,30
16,53,1,57
165,37,255,84
103,72,148,255
21,96,125,136
65,169,79,31
60,30,142,255
71,170,30,255
12,9,40,37
48,124,13,100
50,255,255,255
0,255,30,255
255,132,35,109
147,169,72,37
111,10,191,255
47,255,226,45
62,187,151,52
255,176,6,255
2,157,34,63
60,185,255,42
31,138,174,125
255,29,95,255
23,92,73,24
105,33,126,146
168,65,45,100
91,180,42,13
214,126,32,107
75,24,28,209
11,26,78,140
115,88,25,12
62,34,255,13
255,14,141,162
7,37,58,48
12,255,66,33
89,4,4,174
97,255,65,101
255,85,173,1
110,235,113,151
58,51,255,12
221,255,180,91
214,18,134,72
10,42,93,255
9,53,128,146
126,100,108,16
255,213,255,255
87,43,7,64
35,8,151,96
51,179,50,1
3,255,113,4
255,51,255,4
65,14,9,27
181,10,82,1
124,42,202,167
255,0,255,175
106,155,14,75
26,241,117,12
111,255,89,95
150,93,100,18
173,35,191,212
111,65,64,107
176,207,95,255
217,50,70,255
86,154,78,78
87,255,255,255
255,18,172,125
15,35,35,38
255,5,28,38
255,26,1,47
255,23,129,4
76,69,209,55
125,78,255,194
1,23,29,255
255,90,7,18
86,27,255,176
125,255,24,255
57,181,159,255
20,39,0,255
178,157,54,131
30,24,226,156
56,47,0,167
209,68,253,14
9,41,255,195
98,255,152,255
66,72,255,255
255,2,88,167
58,117,12,119
255,0,32,36
15,42,92,255
131,255,255,235
64,69,4,21
255,255,255,211
165,255,73,58
178,19,90,255
36,9,60,27
220,205,185,255
3,54,173,61
17,142,19,10
61,47,22,130
17,24,16,69
255,39,112,224
115,52,25,71
255,166,31,26
192,36,255,85
255,112,232,62
209,150,173,81
18,78,227,113
255,2,26,112
69,13,130,138
48,193,255,107
9,26,255,41
67,37,14,255
117,94,50,75
61,103,17,255
152,179,145,32
68,255,129,98
30,0,29,65
53,51,7,116
238,127,79,239
1,41,231,40
86,193,60,157
254,255,83,186
65,34,255,38
21,12,121,151
11,113,140,122
255,133,13,66
255,8,17,153
12,111,116,41
142,99,250,1
0,24,29,152
248,56,61,63
102,80,240,255
255,255,58,91
84,169,55,108
78,97,237,16
27,48,78,68
31,77,131,255
22,118,66,112
11,74,223,197
100,50,3,102
193,77,29,172
255,28,77,30
65,0,169,108
16,153,31,117
12,100,243,255
33,28,177,228
14,89,172,251
255,255,105,40
255,23,30,76
7,255,161,171
201,102,88,32
46,100,154,255
7,50,181,247
255,101,98,41
42,117,68,25
255,236,186,255
2,8,222,111
115,255,84,155
100,255,239,148
21,24,79,145
131,113,14,253
57,133,26,220
45,255,215,255
93,120,255,19
135,161,83,159
22,8,255,23
36,54,255,15
207,75,24,13
57,52,102,73
162,7,24,170
21,150,86,64
42,43,255,64
77,255,1,71
255,168,161,19
114,9,36,255
18,255,46,187
113,60,1,143
5,102,6,72
10,14,199,10
34,102,39,206
51,111,72,204
106,11,40,255
99,119,255,194
255,12,25,205
125,5,201,23
71,57,22,33
253,29,127,122
62,26,163,217
79,169,75,44
255,110,50,255
118,99,71,66
15,188,88,69
134,49,71,146
222,255,152,51
26,120,70,72
25,146,90,73
121,137,44,146
79,149,28,12
154,55,103,56
110,124,11,161
190,238,92,148
41,2,19,115
22,7,255,35
154,48,144,110
0,255,3,24
96,29,175,225
183,109,33,255
6,93,28,255
10,32,116,48
63,64,93,127
255,35,59,72
13,139,255,5
208,168,255,40
125,19,130,171
89,227,89,233
63,86,97,68
5,3,15,27
9,70,8,12
52,63,1,234
151,14,51,143
166,127,31,118
14,168,82,11
137,112,82,11
176,166,94,57
255,27,255,208
7,3,159,55
73,79,70,53
124,232,18,255
75,19,11,111
101,66,40,5
56,214,192,64
97,78,46,98
15,255,92,41
80,91,176,84
23,240,189,105
124,2,252,36
255,1,0,136
7,107,116,127
104,17,192,255
19,60,134,88
99,255,25,19
89,65,241,43
150,85,38,163
252,78,37,63
107,5,105,75
95,157,100,177
67,31,9,255
76,180,78,118
61,57,148,13
103,4,62,179
255,118,54,255
101,39,57,12
52,0,142,255
172,95,3,10
37,192,47,68
255,20,89,156
32,142,125,143
134,65,31,19
141,17,158,79
164,79,62,159
11,114,2,148
244,50,55,6
24,81,27,98
255,5,128,129
255,23,153,12
215,142,254,255
149,32,100,188
59,59,147,200
91,61,176,16
75,5,255,23
38,14,190,34
245,234,199,193
229,88,2,79
39,220,199,237
4,41,176,35
104,204,83,113
139,237,150,255
12,229,158,31
40,148,35,7
32,158,20,63
143,8,59,19
43,153,113,218
28,47,137,3
165,61,125,62
98,23,51,255
255,168,255,255
223,52,14,255
177,51,108,158
255,255,195,38
158,77,130,11
55,96,255,9
190,255,187,78
1,6,38,73
84,190,50,87
31,188,106,192
100,63,51,62
218,4,93,101
7,255,20,89
50,100,196,30
26,241,167,34
77,15,20,9
5,68,50,211
19,15,63,90
153,48,122,13
93,255,139,99
7,209,29,33
61,131,255,247
74,93,255,255
129,59,44,150
35,110,184,16
25,95,67,6
22,222,48,83
14,112,104,93
110,61,255,208
29,10,166,63
59,29,53,255
255,255,44,255
29,255,52,96
255,159,45,57
60,46,255,74
51,252,40,2
188,146,16,0
43,77,114,17
50,255,152,26
27,52,110,116
3,82,90,82
57,126,42,20
21,185,32,69
255,195,255,33
12,34,51,19
255,72,125,131
14,16,1,22
38,6,160,4
255,82,137,55
18,255,135,151
255,77,255,81
255,228,255,73
17,255,150,95
43,24,147,8
58,175,81,3
150,33,111,156
255,56,131,255
114,122,101,78
25,255,22,14
55,118,255,5
63,120,65,255
38,55,23,255
66,14,124,224
41,97,26,19
83,78,255,94
72,7,13,130
255,144,73,101
97,146,255,70
74,158,14,94
246,255,15,102
54,68,107,19
45,77,19,7
16,180,255,193
76,140,235,153
18,171,102,188
130,13,4,114
201,255,24,179
155,48,255,39
106,180,85,65
5,50,18,40
28,25,255,225
49,157,62,132
103,255,106,113
24,55,177,55
192,99,255,5
88,255,45,33
9,58,238,23
168,17,7,69
187,18,23,2
0,0,41,36
182,148,122,255
88,123,255,226
41,27,173,156
244,63,4,74
122,33,40,114
255,55,62,33
24,187,24,93
255,9,45,124
225,255,31,117
21,87,36,255
30,35,10,255
51,255,72,16
28,103,182,43
40,105,148,143
255,5,0,241
19,133,49,50
79,255,35,7
25,14,181,49
189,255,66,21
14,47,65,52
31,89,199,19
54,47,26,255
205,74,23,18
255,188,76,45
255,127,145,6
204,44,40,153
120,68,213,147
158,20,120,4
162,147,176,255
255,80,41,255
255,5,120,56
60,5,16,32
7,133,196,255
2,176,19,32
73,48,34,255
119,0,255,73
11,89,8,30
185,7,36,44
255,93,17,67
9,19,255,27
255,53,221,71
114,86,8,55
76,38,1,6
10,69,255,26
15,127,40,136
56,71,7,78
187,19,241,61
189,30,170,138
210,39,255,5
3,121,61,23
10,160,129,34
255,41,30,48
47,57,200,166
160,79,25,44
33,255,89,48
4,27,55,146
151,58,57,151
79,77,255,38
58,92,231,190
23,118,62,255
45,163,163,2
85,12,165,108
13,255,33,157
112,183,174,17
155,73,59,68
3,97,245,1
85,197,255,120
255,107,29,97
139,59,22,164
1,151,68,222
19,147,25,83
10,255,145,77
0,166,85,255
255,230,171,80
49,111,0,0
107,8,255,153
26,145,255,37
30,0,192,56
86,67,110,40
83,20,89,184
30,100,40,22
159,59,175,181
10,55,49,125
255,255,121,179
46,76,78,249
33,240,34,244
86,54,65,255
26,255,51,255
22,77,29,52
160,251,123,127
38,157,3,193
124,148,12,70
120,75,200,129
13,255,4,255
41,255,68,43
160,255,57,52
218,106,11,18
43,158,25,106
255,108,177,255
68,82,255,33
74,23,153,255
122,109,47,28
255,19,194,2
216,255,144,31
101,31,255,204
20,60,23,67
51,255,101,152
19,169,14,135
255,255,7,6
132,129,134,30
255,35,243,255
61,12,12,0
113,82,255,206
80,57,255,255
218,102,217,54
8,255,78,40
97,75,216,29
10,65,184,190
78,81,154,103
19,255,248,255
89,255,12,8
1,9,134,106
255,166,145,50
27,122,27,31
6,73,21,23
169,141,207,1
215,135,234,97
85,114,83,69
47,206,234,103
255,25,55,9
2,129,158,75
10,183,57,29
16,55,70,39
255,6,31,122
169,255,0,96
255,255,7,255
18,136,80,37
183,38,32,175
165,255,151,222
227,213,24,255
255,41,92,56
70,153,214,255
199,94,35,20
205,21,67,237
61,204,14,138
7,31,125,33
243,174,23,183
20,139,255,255
18,21,249,54
120,56,255,23
33,13,90,81
238,13,127,44
1,208,85,28
95,70,172,205
17,255,57,253
43,207,232,12
0,114,255,179
139,17,204,13
221,83,146,255
124,255,118,255
57,12,124,66
67,71,4,241
91,8,91,5
25,73,65,74
16,22,131,255
9,16,255,127
169,70,122,31
142,77,23,139
252,3,255,7
0,98,109,170
73,60,255,29
25,5,88,255
22,66,198,255
125,255,203,255
255,255,33,196
0,18,181,255
28,218,101,19
226,12,109,52
28,37,2,8
173,118,57,62
159,10,14,104
158,4,205,14
47,108,30,124
94,66,153,35
27,59,104,22
218,131,44,87
23,255,255,24
11,255,162,255
255,2,93,167
46,45,157,93
129,125,10,26
23,73,31,49
9,85,137,84
155,255,27,120
148,206,16,50
255,36,26,34
179,255,48,84
95,111,255,14
74,178,19,124
239,87,167,36
162,78,191,136
42,239,255,255
27,24,175,194
167,23,62,34
245,255,94,78
1,6,201,75
13,76,106,177
13,188,51,255
252,127,214,26
106,44,75,45
14,19,235,8
130,34,2,255
4,114,90,41
237,10,32,33
214,27,205,159
161,255,40,8
55,38,71,97
234,10,50,34
61,50,83,2
18,81,255,7
99,19,49,90
66,21,56,10
74,118,30,174
255,6,255,235
101,200,197,22
4,125,54,186
255,23,255,181
255,28,43,255
22,45,255,246
255,46,4,54
10,38,192,0
149,55,22,182
255,68,28,89
255,30,93,146
2,34,230,155
220,255,156,188
157,109,100,134
54,29,255,25
177,49,16,24
88,244,12,28
10,41,18,24
203,18,199,81
29,150,255,32
15,255,19,31
124,92,62,255
112,17,71,112
34,255,15,105
187,145,80,108
54,6,158,29
100,125,52,159
159,32,255,183
75,197,82,97
1,82,21,29
255,16,92,73
223,130,104,30
248,69,57,58
118,93,7,75
10,22,62,23
14,36,25,255
163,123,57,168
70,90,155,255
25,255,255,255
255,64,185,97
6,241,255,255
123,129,50,84
124,126,34,75
120,67,8,230
0,58,226,63
146,78,67,255
85,29,18,70
2,0,206,62
163,116,107,27
255,56,88,16
121,43,86,54
143,59,67,16
41,91,150,32
10,1,120,15
197,255,91,45
67,23,97,160
255,6,175,38
11,124,255,255
28,35,249,44
40,255,20,172
93,0,143,123
9,185,166,48
143,49,255,26
35,110,203,255
228,255,79,22
72,255,90,19
8,19,41,89
53,123,219,69
1,255,255,51
122,160,47,31
55,50,65,193
15,22,178,191
27,173,255,124
255,1,38,225
250,255,255,119
81,116,255,255
64,50,95,31
84,18,93,62
17,24,45,84
64,147,84,20
145,130,73,118
35,255,78,70
138,117,40,53
17,109,75,77
169,251,226,44
33,6,255,149
255,255,36,146
52,221,94,94
66,26,56,151
75,71,57,57
73,97,98,66
230,31,38,38
13,118,37,109
15,184,88,255
2,255,255,95
255,0,29,182
14,254,1,79
207,249,40,255
39,120,63,11
255,20,31,220
85,115,7,255
255,109,125,8
79,114,255,1
45,155,143,88
54,43,15,162
8,163,197,28
55,195,213,119
131,58,123,255
90,255,22,255
26,103,0,49
255,176,0,150
127,5,77,195
93,255,147,128
223,220,104,95
6,185,9,255
83,204,57,255
27,93,108,237
1,218,61,74
64,206,15,121
15,180,221,188
134,255,16,255
19,169,255,192
9,53,255,255
105,61,31,19
8,255,32,92
29,125,255,183
255,58,166,46
64,72,255,127
38,109,1,15
90,50,12,126
27,27,68,53
40,255,72,30
45,26,255,255
36,151,52,120
230,140,123,56
155,185,184,83
13,221,35,134
54,29,255,136
16,107,21,114
130,41,28,73
147,5,3,64
142,0,123,30
255,255,155,24
52,90,255,255
255,140,200,33
87,32,31,73
255,206,90,197
8,168,255,189
27,255,140,138
255,44,169,198
17,6,12,113
194,196,107,20
222,105,11,42
95,94,110,212
70,28,49,235
129,45,3,129
242,101,255,122
255,85,138,255
4,27,173,51
66,22,27,30
34,170,25,83
25,228,1,182
83,23,2,25
185,165,137,71
163,249,48,153
47,50,49,198
51,171,255,22
118,208,8,31
1,99,255,137
255,39,104,255
255,38,166,219
255,179,255,254
255,59,70,7
51,255,29,43
152,134,172,9
32,1,40,85
2,236,136,0
202,28,145,0
255,57,71,133
22,85,58,37
111,234,27,56
161,49,170,9
226,159,255,255
209,27,199,255
89,150,92,9
171,46,208,255
182,130,0,30
9,12,255,25
90,36,92,34
255,136,233,20
167,70,255,226
255,118,192,255
124,6,255,87
80,255,120,255
129,89,96,5
93,183,119,176
5,233,213,255
192,27,41,154
53,140,214,44
12,222,213,46
255,166,23,38
20,98,49,18
169,255,246,146
91,48,5,53
0,255,21,94
255,182,19,255
32,23,69,89
255,144,54,91
51,3,42,93
57,37,79,154
64,112,84,133
83,102,255,194
255,15,10,19
157,211,11,48
183,106,255,242
27,154,85,42
199,20,8,85
20,111,58,255
192,244,236,21
255,14,159,82
135,57,250,217
85,144,255,255
224,27,142,154
134,84,66,60
255,125,103,76
67,10,124,13
57,239,80,0
255,27,157,86
131,66,51,64
218,212,160,210
23,43,20,149
62,235,98,44
17,127,54,130
160,98,154,55
116,69,255,55
16,213,69,95
214,48,19,69
225,32,52,244
36,64,2,255
65,79,180,32
255,89,33,40
254,30,47,118
255,12,236,3
146,255,120,14
42,254,212,1
25,91,34,99
246,255,174,8
29,13,46,27
250,6,229,0
255,158,39,52
89,11,6,135
27,171,20,76
67,2,166,0
61,84,255,48
10,8,255,46
127,190,20,255
10,106,60,23
33,255,161,34
69,85,104,38
79,255,117,128
255,46,55,147
38,244,8,41
11,73,81,253
126,29,99,75
191,14,43,255
83,8,141,255
2,187,32,97
144,35,143,60
13,228,15,171
84,1,255,158
10,255,27,164
99,52,34,185
161,6,87,93
17,122,26,103
127,101,27,183
255,84,113,255
49,37,13,98
157,205,35,108
141,213,17,127
255,16,24,22
255,18,227,16
65,123,6,80
30,123,95,69
3,24,13,255
255,53,10,1
223,133,62,64
36,81,255,75
79,133,70,138
144,255,86,255
142,108,167,225
136,29,158,255
3,163,113,1
50,41,255,255
95,2,255,198
33,23,52,3
58,124,187,8
255,21,104,199
152,176,103,184
83,4,175,213
54,1,178,12
92,139,106,157
26,255,130,32
55,101,0,13
52,26,234,34
98,26,255,19
125,108,112,34
255,153,183,111
170,104,255,2
255,22,28,117
13,63,255,178
255,65,85,32
255,21,36,177
1,46,76,83
16,80,50,90
88,87,173,19
255,10,33,95
68,4,255,118
38,36,43,255
17,105,5,57
76,1,68,112
93,185,255,231
120,255,255,4
73,125,164,4
15,3,29,0
37,1,255,93
255,132,50,255
13,183,16,9
82,3,141,74
57,180,63,228
151,99,170,105
44,99,34,25
14,255,36,186
36,201,3,86
124,115,62,46
62,255,62,255
166,7,144,175
32,116,116,46
61,255,74,151
78,255,156,93
171,52,45,71
130,48,6,128
191,222,184,144
13,48,178,239
61,15,255,255
113,67,9,7
12,255,65,25
26,74,15,230
18,180,38,29
255,126,50,255
76,24,4,18
255,50,96,53
34,75,109,108
30,67,4,26
43,91,65,35
195,11,88,130
66,195,255,118
142,105,218,255
16,69,16,9
35,11,141,255
12,0,34,5
89,146,68,144
126,143,255,19
28,153,164,34
87,147,171,10
240,54,126,255
150,122,76,255
17,27,28,9
118,97,255,78
18,4,34,255
51,62,107,255
101,183,255,154
75,155,26,255
154,20,0,5
255,104,44,10
255,55,142,85
255,5,33,255
12,40,19,26
111,181,64,35
211,231,75,35
21,6,11,76
10,21,56,169
138,72,10,57
33,255,37,255
154,255,15,255
34,64,25,255
33,189,20,87
55,41,19,3
17,38,106,51
60,100,78,1
90,85,14,255
48,106,106,76
108,56,10,14
255,128,150,15
28,250,137,164
81,255,38,131
162,141,39,179
22,166,97,221
88,94,8,5
255,17,108,255
76,87,255,229
75,116,100,47
68,60,77,49
169,255,5,19
6,50,37,255
45,104,181,16
255,255,24,107
175,50,232,27
255,8,255,68
80,7,32,255
12,36,79,123
147,50,185,6
148,90,69,1
255,34,51,87
88,96,6,228
152,255,153,113
36,53,149,137
240,21,80,182
53,47,68,142
14,76,189,73
255,57,71,41
255,28,141,179
84,62,53,255
112,71,161,215
89,24,255,100
205,71,95,19
84,36,94,200
162,41,140,46
255,67,253,130
164,134,85,73
13,150,68,255
146,45,112,195
27,147,74,114
29,135,0,125
126,69,20,135
151,161,134,118
208,58,56,94
255,74,18,32
79,3,67,120
22,56,8,56
65,45,57,131
212,29,29,5
43,3,124,104
47,200,20,166
30,219,163,157
15,84,86,195
97,255,160,255
18,168,46,47
161,36,105,14
94,99,112,71
53,48,33,30
0,68,163,18
251,38,25,59
13,255,106,100
8,39,11,9
26,40,141,23
46,50,54,83
255,62,33,107
110,30,138,63
222,189,12,5
16,161,89,25
108,196,34,253
52,150,255,62
255,215,122,140
78,171,91,105
101,31,59,102
141,53,182,255
175,113,112,73
33,117,26,27
30,255,255,68
59,169,81,204
195,29,1,211
127,84,117,9
255,67,30,206
73,35,254,66
25,39,81,65
255,6,139,210
39,18,255,124
58,61,38,139
1,33,120,27
55,255,6,56
217,7,99,255
131,157,56,136
62,238,5,255
91,62,62,0
193,71,255,17
69,78,31,255
26,71,220,255
110,33,255,220
7,113,17,93
13,89,255,119
68,174,78,211
255,134,238,255
138,105,253,110
12,58,82,255
78,40,107,72
127,45,120,84
51,174,33,239
161,157,19,46
141,6,230,51
63,186,26,255
83,255,121,52
22,124,255,122
255,17,255,75
24,55,21,10
241,255,56,60
12,78,45,4
52,176,223,135
117,85,9,140
246,73,90,64
207,57,255,107
255,12,51,70
110,42,9,182
255,246,70,129
67,157,121,200
255,25,249,61
65,169,6,229
155,80,38,56
126,26,3,74
26,127,37,212
255,57,17,32
186,10,31,163
255,85,255,147
255,6,140,0
11,102,192,87
255,86,198,30
94,33,255,142
255,73,255,85
106,59,112,105
237,45,105,17
17,250,255,38
207,94,255,246
48,173,51,118
17,12,48,61
126,6,255,96
186,255,255,14
63,255,255,255
100,44,9,226
23,6,46,117
118,88,10,75
165,20,224,61
7,26,58,80
81,134,182,13
148,14,110,43
255,53,137,252
33,255,220,181
120,255,10,39
255,96,255,255
79,69,255,19
51,94,61,204
56,255,24,35
255,14,111,112
210,6,255,102
29,102,31,255
3,23,255,84
5,255,6,174
16,92,31,4
10,33,85,179
255,169,75,45
17,255,43,110
26,11,93,73
255,249,0,112
51,171,11,6
255,37,92,161
6,217,255,255
189,153,6,192
129,84,2,63
90,230,94,34
147,79,19,255
239,255,1,3
9,51,112,40
204,7,13,6
14,42,255,135
68,23,29,20
76,190,111,40
38,220,254,255
48,39,86,95
49,70,57,160
39,112,70,53
118,177,40,213
191,216,177,58
195,50,67,176
255,167,10,63
246,19,67,255
63,252,242,208
37,4,4,97
67,64,13,81
140,153,128,255
44,255,143,45
60,255,86,98
61,47,30,56
255,39,100,22
26,180,115,56
138,203,190,255
105,101,255,77
255,100,107,104
4,124,255,33
79,255,10,137
5,21,91,72
179,219,255,90
148,37,13,20
236,255,20,34
23,30,10,63
76,143,94,136
14,72,121,213
44,64,94,72
0,86,255,39
98,9,67,21
48,26,79,44
11,44,229,69
42,251,223,51
156,85,24,7
141,255,34,87
84,50,5,91
169,135,7,18
84,6,55,68
10,91,64,255
7,28,7,17
57,108,31,255
37,253,48,7
88,255,6,66
221,13,173,112
81,255,255,22
136,188,160,42
101,255,54,196
19,235,136,63
35,35,146,120
15,84,15,255
100,44,150,218
255,255,77,160
53,105,15,140
190,200,21,47
41,63,44,255
73,9,191,15
154,74,59,113
255,28,134,255
169,197,228,255
43,255,71,49
31,77,24,94
122,97,255,53
198,255,70,113
15,51,74,11
194,191,15,56
117,9,124,90
207,23,44,7
7,202,60,205
255,255,255,128
53,100,13,217
128,254,93,165
39,38,75,90
255,44,62,48
49,6,39,11
105,5,138,36
21,86,255,9
95,98,90,88
40,252,52,86
134,1,77,255
34,0,233,115
189,21,17,67
7,70,229,255
244,125,255,60
14,195,80,56
11,255,255,42
1,38,66,3
33,59,159,9
70,154,30,68
122,11,112,24
255,244,34,255
51,110,218,23
12,255,62,34
255,89,255,49
69,159,144,45
57,11,38,34
60,72,0,57
22,164,6,14
31,2,216,255
112,0,186,183
187,22,47,255
94,66,218,25
147,37,68,43
255,79,66,65
151,51,234,34
101,62,16,255
121,255,34,95
140,255,165,130
45,255,23,172
28,212,25,36
36,142,160,28
56,255,134,106
18,255,14,149
255,157,255,37
41,94,166,93
214,73,222,50
2,85,18,36
52,0,36,229
82,8,208,77
37,255,72,222
33,69,163,255
255,189,8,59
66,95,32,48
57,22,255,223
100,63,50,120
1,93,143,20
43,255,255,153
22,13,15,255
10,126,97,15
254,67,119,204
14,54,44,255
235,39,4,255
2,19,110,150
255,19,168,255
36,7,101,194
212,255,57,139
62,99,76,19
11,160,149,22
255,144,91,82
138,231,21,136
14,102,238,35
34,51,68,6
114,255,255,42
16,255,167,9
36,25,3,242
196,61,83,17
97,255,254,66
19,196,214,58
80,125,78,216
102,13,74,92
40,55,25,80
255,255,25,255
19,106,37,31
46,93,120,7
10,57,31,68
255,235,80,46
255,17,146,237
241,198,231,255
124,68,69,111
32,178,27,147
5,255,43,3
72,38,23,30
19,203,36,39
230,75,19,25
8,13,33,9
242,142,27,22
242,255,49,39
2,82,105,128
133,116,24,91
98,255,255,255
35,66,155,179
255,255,18,93
151,255,170,228
72,37,255,65
19,255,242,99
17,231,62,72
131,77,1,29
124,12,166,96
82,4,88,67
71,127,255,253
124,100,36,69
12,59,67,44
73,171,75,56
43,203,255,143
29,56,63,223
191,211,3,10
48,117,95,13
59,182,204,118
68,30,255,76
35,255,31,179
27,14,180,38
20,251,228,52
58,0,26,13
38,255,60,255
38,220,221,177
18,47,82,77
255,238,116,152
20,255,55,134
20,130,42,193
50,54,88,89
255,50,227,154
118,67,7,7
69,177,116,47
181,170,113,41
51,52,130,171
255,255,39,212
255,49,62,214
120,12,239,103
3,194,71,94
78,99,28,255
255,137,1,25
114,57,65,154
81,57,55,8
177,28,78,117
44,118,10,28
128,148,67,174
110,85,129,44
134,255,80,119
57,45,102,6
22,238,49,46
132,5,90,111
13,157,216,143
219,182,94,39
32,33,238,188
208,67,85,18
111,6,255,15
35,255,255,255
97,103,255,3
55,18,40,13
220,70,79,198
26,95,37,96
25,20,163,66
44,72,218,56
202,59,28,58
22,142,193,163
21,171,12,63
255,143,16,49
255,102,36,182
20,10,9,60
53,146,14,6
26,171,188,10
107,29,50,30
255,39,11,133
28,9,90,134
78,31,255,69
102,82,15,255
16,16,57,16
219,14,142,93
36,30,16,22
77,10,25,11
255,58,103,255
255,112,151,9
40,60,129,157
41,65,20,98
102,74,129,39
49,146,121,33
154,255,255,243
37,59,9,255
221,85,16,52
9,34,255,173
84,78,106,73
255,229,84,63
63,66,195,20
160,107,60,75
255,10,31,37
159,54,200,255
51,58,165,110
167,16,97,159
10,89,21,246
224,14,106,105
183,30,253,140
86,255,110,12
9,0,81,38
89,108,52,196
255,255,53,255
30,15,72,255
98,49,10,48
255,34,255,48
3,129,97,110
72,122,20,77
55,186,5,70
85,98,153,37
252,99,72,54
58,33,255,134
255,91,78,51
229,63,96,180
12,99,48,65
54,74,48,47
33,48,20,31
48,125,29,36
14,15,28,5
75,255,12,21
10,255,255,96
18,97,27,170
20,255,196,174
104,114,32,255
70,173,165,10
159,61,98,115
211,30,255,138
60,136,153,255
31,192,37,31
75,159,64,7
28,1,19,255
255,107,135,18
18,50,41,139
36,130,255,82
255,8,62,68
98,82,167,54
236,13,255,136
60,145,210,76
153,241,255,19
9,47,37,81
33,17,28,122
255,45,28,204
189,9,50,224
101,115,63,119
147,46,34,43
5,19,40,195
5,255,115,255
45,255,211,32
8,18,13,8
96,122,0,172
255,229,3,255
74,169,42,146
93,171,52,30
130,255,134,61
57,187,19,255
73,40,8,2
90,255,189,49
28,15,162,42
18,0,150,255
157,15,233,255
54,255,8,161
14,120,255,34
26,29,157,36
115,222,167,98
193,62,164,48
12,52,46,84
255,72,27,93
187,197,99,105
174,31,140,151
201,194,104,96
13,150,73,255
243,152,98,48
136,120,160,10
90,78,64,122
185,255,99,2
95,123,255,43
198,255,172,155
2,151,6,125
105,33,23,112
235,56,22,255
59,255,147,255
140,204,7,10
134,10,92,48
85,255,18,154
29,95,83,64
34,70,57,255
127,255,16,32
99,5,30,71
249,255,51,134
79,100,135,80
24,160,7,129
21,71,45,64
255,255,110,97
14,182,18,77
1,139,29,149
237,43,64,6
97,255,128,255
255,255,21,150
215,96,136,85
92,118,147,255
255,131,95,255
71,87,150,54
228,33,24,89
255,17,113,235
170,24,5,110
98,38,201,63
2,94,4,130
57,123,231,107
238,23,180,32
24,86,255,93
99,219,39,255
79,47,165,118
10,26,158,194
54,211,255,8
255,146,41,109
3,103,18,255
255,84,36,135
23,27,189,100
255,4,28,12
35,53,69,204
168,255,2,103
90,49,48,125
57,122,47,255
62,21,29,23
255,49,30,179
49,103,153,15
255,255,46,50
71,113,224,22
107,78,255,255
48,255,69,19
125,121,88,39
45,91,214,255
95,90,66,77
3,19,13,20
45,1,112,82
114,189,156,118
176,64,103,255
214,18,241,255
8,103,219,45
255,245,135,127
19,74,124,4
255,7,2,36
15,92,133,39
76,32,69,255
231,167,255,222
255,89,64,164
107,43,104,169
120,136,102,174
13,23,3,255
6,255,255,81
169,42,123,247
17,255,102,181
96,196,34,145
67,246,153,126
255,8,76,34
177,1,255,29
24,105,11,53
62,194,51,82
168,55,230,18
31,44,36,196
28,56,77,23
19,212,109,150
183,120,252,13
73,255,125,253
29,90,255,116
21,5,196,9
255,43,255,184
255,137,255,205
122,32,112,70
88,179,97,46
0,172,37,255
74,255,3,97
255,75,30,255
140,58,8,111
12,53,21,255
255,87,79,41
40,255,62,19
255,157,196,54
21,22,184,255
103,204,57,173
121,189,215,137
36,125,20,87
39,255,23,12
138,35,255,153
255,7,64,0
24,29,255,150
34,210,90,62
238,168,40,23
4,91,62,142
126,16,198,134
89,55,37,182
85,152,15,148
167,255,255,173
3,107,225,255
152,37,70,13
19,209,82,118
76,30,12,98
255,28,34,23
255,116,156,120
171,253,61,9
8,47,39,32
255,18,81,154
29,32,201,30
1,118,158,255
19,17,47,176
79,43,165,17
60,0,55,151
29,105,17,55
255,87,7,255
174,197,255,116
103,11,255,156
255,211,8,43
152,255,132,50
16,21,77,8
13,44,221,178
76,10,75,6
1,190,112,47
17,157,198,4
17,23,3,20
101,89,87,94
109,52,70,53
24,3,234,201
255,93,175,140
24,133,104,11
140,16,40,34
238,63,255,249
12,31,153,255
58,255,15,20
7,143,244,188
157,150,245,57
255,116,2,120
29,255,255,255
160,17,105,255
30,85,75,8
255,143,57,255
50,132,44,125
26,28,22,1
187,128,127,62
7,57,77,25
55,10,119,9
54,239,129,59
61,46,40,14
219,255,127,11
115,68,255,255
34,89,49,22
23,38,171,255
23,45,255,188
120,7,29,77
27,14,193,172
190,135,43,27
67,48,185,12
55,143,60,16
196,130,33,255
109,107,73,141
155,169,29,140
255,182,135,48
255,12,142,167
182,208,255,255
255,234,160,43
189,51,97,127
17,117,147,255
45,43,255,142
255,40,8,152
130,203,255,80
150,90,194,88
144,215,174,25
240,96,145,72
146,91,255,2
47,3,21,119
176,188,189,255
48,72,80,48
72,255,168,1
30,30,15,31
135,3,16,30
6,190,62,90
255,135,90,95
255,98,90,31
62,19,255,26
255,134,202,115
255,52,255,19
255,255,34,121
141,21,141,9
126,90,136,0
254,62,97,255
39,14,24,255
170,37,5,255
24,47,44,16
72,166,255,71
158,70,26,255
95,28,255,7
100,5,102,14
142,147,30,54
21,255,28,255
82,187,40,210
206,9,242,255
66,88,135,98
129,25,54,238
30,31,102,255
234,72,26,24
144,255,10,255
6,79,114,99
255,70,82,131
220,91,1,12
169,112,167,207
41,173,67,57
6,255,76,136
255,255,215,255
255,97,213,37
114,127,255,32
229,70,71,66
255,230,174,37
255,36,60,35
213,14,24,207
76,58,37,17
73,255,190,32
15,9,84,62
77,209,233,21
31,128,61,37
47,29,255,155
140,15,255,209
58,255,32,166
25,89,95,2
43,171,16,167
36,255,29,92
217,160,99,49
255,71,101,188
20,98,4,88
21,28,38,54
231,255,26,53
53,237,133,14
180,57,16,26
216,110,76,255
205,66,19,73
94,34,27,211
45,180,255,188
73,73,8,157
69,78,18,203
255,11,81,255
91,94,161,103
69,146,236,255
43,255,67,127
153,2,255,214
71,157,78,178
17,255,24,193
22,36,19,14
225,85,38,16
59,255,255,23
1,194,12,101
59,12,7,95
255,216,68,101
255,53,57,255
127,102,145,151
42,243,10,46
22,44,15,154
26,255,255,71
130,121,85,48
92,179,23,4
181,43,215,1
104,117,40,14
114,19,19,212
255,5,7,202
31,76,138,66
241,110,162,21
255,46,255,118
6,8,170,168
142,114,68,28
38,112,130,255
255,31,58,136
24,88,80,77
23,200,114,161
103,49,210,244
24,223,29,255
32,209,108,255
30,56,34,99
48,47,96,84
157,1,187,107
15,255,0,157
90,174,2,108
219,153,21,54
11,34,81,157
110,255,195,255
177,255,105,123
134,223,85,62
255,23,172,161
25,3,248,255
51,174,76,12
69,220,43,83
24,86,66,255
255,93,7,152
169,255,255,9
56,85,140,76
18,229,158,159
239,255,215,186
9,26,255,64
18,141,0,255
93,15,101,86
233,182,255,4
18,154,147,216
135,13,198,172
255,48,137,48
92,255,7,6
17,88,255,237
250,77,131,24
0,114,3,166
216,16,97,68
44,37,120,35
44,28,203,168
225,255,23,255
46,22,255,44
170,19,110,76
147,30,11,215
255,88,23,255
51,49,171,9
124,253,66,63
255,80,7,255
12,255,93,255
58,255,36,156
2,143,136,104
121,89,90,255
90,180,22,97
17,76,134,83
8,111,52,98
96,142,255,74
26,20,10,47
29,9,109,159
144,133,133,255
224,31,72,26
49,3,188,129
172,192,255,184
29,97,64,3
1,6,31,91
255,4,180,72
136,6,66,9
240,18,19,255
57,111,159,9
116,155,255,51
255,110,7,81
80,255,105,20
16,255,11,193
54,251,95,106
176,255,255,12
141,164,255,1
47,229,50,102
255,91,61,49
51,135,224,255
137,91,255,94
78,34,88,255
160,0,255,198
252,82,57,255
255,6,42,52
6,16,1,2
49,14,107,138
183,255,69,103
28,124,94,255
64,101,43,154
116,30,208,255
94,253,122,3
255,92,255,172
58,255,177,255
255,50,102,51
9,61,255,1
22,51,3,61
68,61,3,218
179,95,21,255
243,225,34,4
255,88,232,255
177,23,138,23
122,255,114,75
255,22,76,45
26,125,222,83
82,7,173,33
41,95,126,56
154,18,194,146
34,197,42,19
141,148,32,69
95,230,207,205
255,123,116,12
114,123,76,48
39,87,128,30
7,106,50,255
229,208,83,35
89,135,193,2
71,29,77,87
92,108,170,255
17,255,106,65
11,255,60,1
12,148,45,58
66,255,255,76
255,35,246,22
16,137,255,255
4,35,255,10
65,238,38,244
255,59,183,255
255,15,165,31
194,29,3,255
75,216,104,254
105,97,255,255
21,68,119,69
165,100,33,39
255,139,21,229
83,97,60,0
86,185,255,3
9,74,24,6
133,26,0,94
151,29,0,151
41,19,241,141
62,16,26,9
62,255,21,83
255,229,17,16
140,13,174,255
41,44,123,19
41,1,34,181
7,73,236,234
2,88,45,168
4,222,64,110
69,142,102,217
58,67,76,255
6,39,122,84
13,67,94,6
255,109,85,96
54,255,45,32
175,254,45,94
67,255,93,8
18,65,198,3
255,75,255,37
255,63,74,255
41,193,151,12
56,86,70,255
31,215,255,255
24,87,205,132
6,31,71,115
189,65,7,255
255,3,201,27
21,102,19,238
255,64,255,255
255,10,106,120
9,19,7,16
64,50,31,116
211,11,60,84
18,159,58,168
54,189,24,72
1,255,200,255
74,246,2,255
2,70,175,122
156,31,134,16
68,15,10,107
255,43,45,48
86,16,116,13
251,255,12,255
212,159,47,255
255,224,137,230
145,110,41,1
37,84,185,35
124,229,40,6
111,255,255,255
144,48,0,69
213,74,41,114
194,35,46,255
213,108,62,7
255,38,255,76
149,154,255,82
20,33,9,240
101,85,49,84
120,17,37,173
16,39,255,52
52,255,104,213
192,183,96,111
209,18,43,255
125,1,130,255
22,232,153,253
121,26,51,76
10,239,110,12
13,173,118,182
242,255,117,59
12,116,66,26
153,39,199,180
202,2,72,141
58,64,255,36
52,74,14,255
14,171,147,12
11,76,0,114
6,48,255,191
10,137,13,184
24,193,48,84
161,240,238,0
253,42,152,107
255,97,114,18
53,70,164,73
63,20,4,255
2,16,5,146
19,255,18,115
66,149,19,128
211,30,249,101
26,134,158,85
99,219,69,6
51,255,127,255
55,122,215,32
12,255,0,44
255,255,6,164
255,45,252,115
13,255,49,88
17,189,255,59
4,37,210,9
82,193,113,31
5,175,118,143
52,54,49,16
2,255,87,42
122,255,229,244
82,46,2,171
188,17,40,61
141,192,75,35
73,170,26,156
142,81,145,255
31,203,33,227
113,75,211,135
45,88,35,248
255,158,202,85
48,164,59,45
213,160,33,55
52,63,111,255
151,68,22,246
135,112,211,125
25,5,209,160
255,70,5,53
251,37,102,111
85,8,255,64
57,186,255,58
119,255,41,77
50,45,113,153
79,42,95,82
13,47,126,71
139,72,20,187
255,170,255,54
130,56,1,23
84,84,255,16
3,137,255,41
96,4,179,100
255,255,98,40
31,96,255,66
60,131,20,53
26,105,101,104
47,97,53,157
112,47,122,195
18,20,22,75
61,181,129,11
8,90,152,43
164,127,38,30
40,91,154,255
38,54,56,239
255,6,255,58
66,125,204,255
105,255,6,46
65,250,170,55
79,106,64,26
10,36,255,24
21,128,167,69
56,255,72,255
255,37,71,27
255,21,186,102
36,203,29,255
67,196,65,88
52,232,35,110
168,34,255,78
28,255,83,255
255,77,24,94
255,7,63,244
2,116,23,28
201,75,6,37
199,49,51,70
68,48,221,50
11,167,60,255
30,4,61,6
27,58,251,238
76,55,255,112
40,255,94,114
177,86,9,36
108,26,40,26
74,40,1,127
104,128,255,83
255,114,19,255
60,33,134,171
126,146,73,207
196,174,209,150
178,90,255,151
128,177,183,19
154,36,255,73
255,221,1,85
25,255,79,157
179,64,255,190
255,255,3,71
255,255,148,119
41,255,31,236
61,12,61,29
53,0,216,182
65,60,255,117
48,154,72,74
13,94,42,24
75,23,118,255
151,125,255,52
26,85,114,122
99,53,18,255
58,103,18,198
139,81,117,179
99,12,8,116
124,55,123,255
255,13,19,194
45,255,48,138
29,88,86,26
4,126,255,27
167,255,138,166
219,96,255,255
92,58,218,255
196,190,34,255
255,8,101,71
255,188,113,80
26,177,105,129
6,59,15,255
106,81,95,3
21,213,33,203
33,255,86,43
43,50,176,255
127,255,176,77
32,114,11,76
91,34,196,47
147,239,153,70
36,229,6,32
121,127,26,220
255,238,153,255
114,86,248,83
24,17,50,193
255,81,240,54
19,91,93,39
52,28,244,213
255,127,40,2
144,255,113,38
212,255,54,69
39,65,42,67
34,181,173,2
185,161,18,72
45,140,255,255
47,255,96,31
145,20,16,6
4,39,7,77
141,64,157,128
101,83,255,48
151,60,98,94
27,255,177,91
73,40,23,2
127,34,255,98
26,30,68,86
134,79,134,255
80,255,27,137
150,78,60,10
255,85,14,26
255,38,38,255
130,68,75,111
140,255,81,46
139,72,198,159
113,103,64,151
255,180,33,158
24,81,37,255
255,97,179,12
24,104,10,84
76,6,8,105
164,123,255,3
163,47,10,11
60,244,121,26
90,114,73,156
199,2,117,35
41,18,131,46
9,92,190,112
50,28,56,206
72,212,113,12
8,22,103,8
81,49,1,72
255,63,21,255
41,4,57,255
26,255,117,35
70,17,1,255
39,170,241,56
52,255,16,185
24,115,37,79
113,135,255,62
113,88,255,2
20,130,153,29
191,5,4,59
160,162,160,149
255,134,130,105
255,50,100,255
255,255,128,55
41,68,97,255
168,27,76,153
255,208,201,52
37,10,18,162
64,76,40,5
212,16,2,131
51,78,25,43
58,94,157,108
255,49,238,91
2,100,24,141
243,89,255,35
7,255,147,6
47,100,27,207
66,113,26,83
167,169,167,3
95,102,255,77
255,156,118,255
85,41,30,71
154,175,57,41
19,114,65,255
255,208,114,164
87,255,55,131
127,26,255,49
255,81,6,91
27,255,67,89
22,159,58,255
20,84,57,67
100,255,76,125
52,62,13,13
118,81,69,80
249,79,25,255
32,226,76,255
255,77,47,23
214,144,50,100
235,73,21,53
15,7,80,229
255,53,61,43
89,230,241,81
25,26,64,119
105,255,51,255
29,18,161,127
60,159,186,1
40,83,173,45
36,19,255,255
10,201,21,60
36,47,106,107
239,23,86,109
149,3,26,151
185,92,255,232
2,29,63,255
36,11,30,68
19,181,103,113
66,118,255,62
89,84,105,123
255,118,102,20
212,222,235,125
58,108,28,146
216,143,5,51
62,120,24,42
36,27,19,13
71,199,186,255
126,123,5,54
42,76,255,103
79,57,116,18
106,199,255,153
28,179,84,5
114,35,1,255
23,255,255,124
156,133,255,255
0,255,165,39
107,255,232,231
5,255,129,255
64,16,32,91
148,190,101,163
255,124,5,161
47,186,195,23
54,25,255,225
21,37,102,117
226,116,141,255
2,149,255,55
37,255,56,255
84,255,73,113
255,79,27,164
22,5,80,134
43,51,47,255
53,69,244,36
5,125,121,8
11,21,255,255
63,81,18,81
37,255,30,255
139,29,5,55
255,74,255,255
255,255,13,4
255,14,0,12
17,44,112,255
87,22,15,4
111,17,3,255
70,63,22,36
168,121,25,7
17,49,255,255
146,101,115,255
247,20,150,255
11,254,22,34
4,255,50,123
101,137,57,255
118,0,22,255
255,105,255,102
117,81,255,101
255,255,1,255
34,28,27,116
120,24,165,26
99,97,77,95
184,32,81,7
148,33,255,255
19,255,29,45
0,74,161,129
29,5,158,104
54,207,66,122
255,34,255,255
194,238,152,25
16,103,66,13
32,58,23,167
67,157,11,218
20,159,55,58
235,136,140,64
255,152,255,255
19,18,43,48
41,17,211,12
50,136,194,69
255,31,255,5
4,7,209,29
4,15,70,255
162,20,90,44
126,169,255,5
9,52,5,16
49,35,103,56
11,200,255,178
255,102,115,168
255,78,97,13
20,2,255,82
255,13,66,23
4,243,51,29
120,132,84,33
119,19,65,25
8,255,71,113
130,38,255,211
86,84,158,246
191,3,11,11
255,53,241,31
41,185,37,255
61,4,117,121
59,255,48,255
5,29,42,203
150,206,239,47
94,15,83,18
216,255,78,150
38,32,53,128
62,36,87,58
201,5,208,53
37,74,10,170
27,113,255,13
200,40,255,255
208,23,255,218
250,62,255,255
50,99,12,138
72,17,2,255
186,65,9,69
255,255,38,219
57,56,5,105
255,88,110,21
169,63,101,68
50,34,3,170
29,108,93,63
55,43,44,106
103,54,218,76
16,108,218,68
58,255,153,13
45,105,59,104
255,37,50,46
23,62,40,0
142,218,105,201
65,102,19,255
120,80,94,11
23,255,54,6
255,24,255,135
54,28,8,255
26,255,0,39
47,17,255,10
75,16,73,0
201,76,5,64
255,28,98,255
220,94,196,116
255,202,213,94
48,13,255,41
63,238,212,51
80,29,255,255
68,69,3,30
40,81,26,177
134,188,75,101
54,255,146,13
73,1,255,151
255,51,46,22
26,8,42,177
24,1,68,2
21,255,144,105
29,75,50,255
55,86,255,9
138,195,166,68
158,5,4,138
185,255,255,101
48,3,255,1
118,65,16,55
89,5,194,64
60,137,13,37
130,100,110,167
209,169,191,51
75,7,255,255
94,223,55,177
21,65,81,135
36,58,91,67
44,4,87,255
23,108,39,168
120,58,255,222
34,120,65,45
155,143,247,255
149,100,102,180
78,255,255,43
107,100,36,0
6,22,255,158
120,254,255,33
146,84,173,25
38,41,14,201
103,55,255,7
59,40,93,27
87,89,6,121
214,181,5,160
115,167,196,5
69,31,51,61
188,78,108,255
159,255,91,98
90,99,0,22
29,108,255,10
28,255,123,19
17,11,32,8
255,102,255,242
219,8,29,83
255,33,159,106
55,255,1,27
83,104,222,97
53,255,37,76
6,14,110,8
41,88,255,99
78,208,12,31
146,97,62,255
17,9,61,215
126,9,114,255
146,255,80,180
197,47,11,255
101,2,77,17
66,23,156,255
65,75,16,43
49,141,25,3
11,40,41,45
255,74,4,29
255,12,2,60
73,249,71,53
154,130,255,9
55,255,106,178
163,201,255,69
82,117,255,96
77,255,126,55
200,32,77,255
46,227,107,255
154,255,0,255
151,45,240,228
255,25,191,18
255,255,87,130
37,184,146,172
82,36,167,255
49,171,18,13
42,117,193,208
124,34,153,38
170,23,255,10
174,132,17,99
65,1,143,68
6,41,18,36
10,255,10,75
255,163,255,15
81,49,144,57
89,157,164,9
208,55,41,157
177,255,128,32
114,7,2,101
89,123,255,46
36,189,97,72
78,255,141,143
123,196,255,255
134,255,46,81
233,201,31,255
64,10,45,196
82,19,43,26
95,255,67,82
255,70,255,255
36,142,71,64
255,25,212,84
45,85,146,92
39,26,28,130
255,181,134,14
175,37,36,3
107,191,65,70
31,255,1,83
54,41,83,128
101,199,255,109
128,255,59,84
173,112,85,70
255,255,157,24
74,20,95,134
122,133,255,125
102,255,168,39
17,30,181,153
255,137,255,76
13,105,20,7
29,20,85,28
220,52,35,106
255,155,18,57
136,81,82,135
58,26,78,46
69,254,28,148
32,186,104,2
92,20,140,59
210,255,83,14
88,211,224,0
67,7,132,15
23,87,55,156
34,70,28,160
25,255,56,120
32,253,116,61
114,60,57,60
7,255,153,163
220,43,1,137
29,183,176,109
249,227,29,104
142,159,0,141
20,75,99,104
117,151,32,32
124,14,29,117
231,45,110,50
255,255,126,255
94,114,93,217
60,60,255,43
255,84,247,228
42,16,56,255
22,39,44,67
154,10,53,248
154,52,123,16
59,111,125,129
28,66,35,243
67,153,31,121
203,7,149,187
243,193,255,87
53,86,14,191
55,255,21,99
75,6,255,103
49,120,145,20
103,202,121,103
255,255,45,181
41,211,75,79
37,153,33,92
255,255,255,110
70,51,110,41
120,155,24,30
255,6,230,52
190,68,244,16
118,85,100,37
45,33,240,1
153,12,125,5
233,5,255,12
145,255,150,123
168,105,255,255
33,255,249,57
35,3,3,145
29,135,23,22
35,204,59,233
255,48,46,54
59,68,255,36
107,255,128,224
149,126,74,71
78,255,21,163
97,11,6,91
38,14,115,100
87,69,20,183
255,122,110,5
255,67,228,69
119,24,51,56
45,52,15,221
35,57,31,106
16,125,255,41
245,137,108,190
123,120,160,155
61,140,255,58
101,46,63,84
17,85,28,9
16,47,9,6
118,176,56,172
122,55,255,28
202,68,52,199
35,24,104,25
2,155,148,82
4,255,37,239
89,36,50,255
255,83,35,134
98,196,115,68
255,204,24,61
73,21,37,135
54,140,5,178
190,15,202,43
38,111,255,180
251,104,255,87
91,46,47,66
34,77,255,11
231,242,200,7
68,1,83,47
240,56,145,166
1,255,55,33
24,15,38,54
147,104,133,219
36,140,28,67
12,213,53,255
8,59,84,255
177,249,102,46
255,31,62,8
194,41,73,65
47,63,255,40
255,39,194,255
89,148,255,212
15,3,1,55
55,12,48,53
255,232,49,255
12,66,171,57
109,188,52,38
12,25,67,43
51,124,83,28
255,155,101,19
196,37,255,36
150,97,107,60
255,60,203,255
63,255,125,255
55,255,0,65
46,132,17,76
79,152,232,44
96,255,160,47
18,227,81,119
6,46,33,173
45,56,163,228
1,58,100,5
222,31,64,255
47,97,147,97
103,100,141,90
72,255,125,65
32,57,50,23
75,128,151,185
38,90,5,169
169,7,252,3
159,92,80,78
28,90,255,16
143,83,27,46
16,26,7,255
228,244,11,90
29,255,19,26
3,195,53,148
131,11,70,123
84,144,36,37
66,12,235,64
255,81,16,255
134,48,201,66
24,66,23,68
196,118,74,106
34,49,1,51
255,59,205,121
48,4,194,162
34,197,255,0
20,255,255,58
58,255,25,22
15,46,15,36
4,77,6,6
20,224,255,62
111,5,23,105
255,158,19,74
10,63,27,102
27,8,128,148
87,16,101,190
255,53,255,71
230,35,101,129
165,17,17,255
29,97,89,60
155,38,124,255
30,120,151,39
17,70,168,110
35,103,97,106
169,6,255,255
178,255,41,24
171,200,124,103
77,12,255,125
92,48,56,165
56,21,51,84
80,59,83,41
225,87,254,55
4,62,69,39
101,111,132,255
23,255,7,59
21,139,57,6
154,0,38,24
3,65,78,223
255,255,74,52
0,87,42,80
255,44,47,87
24,118,179,26
4,175,101,119
42,160,11,13
61,11,22,255
255,255,215,97
22,213,127,169
114,49,250,255
67,14,71,255
55,69,92,255
84,253,14,103
160,174,94,107
255,40,255,65
138,221,134,31
179,51,27,29
46,17,216,58
11,77,177,90
36,12,32,187
23,11,94,180
100,63,73,255
108,255,11,138
171,255,78,2
13,14,171,59
42,96,82,4
70,166,39,54
76,224,12,173
34,57,97,195
43,40,255,153
59,5,72,255
163,68,18,55
47,255,29,68
165,2,255,94
72,179,80,178
70,57,48,102
12,61,56,156
6,255,21,149
37,57,67,255
103,38,68,149
63,85,160,158
121,170,11,255
72,98,98,43
141,43,122,192
22,194,67,55
149,75,34,130
110,27,84,71
230,108,102,114
46,69,67,3
10,67,255,41
0,0,40,25
223,66,33,155
35,168,119,252
48,69,31,23
189,122,82,225
229,22,190,52
255,255,136,39
139,48,1,21
161,24,7,119
77,7,179,63
4,203,73,90
177,120,47,13
165,110,181,198
160,5,28,255
68,207,3,80
15,55,136,170
45,166,87,16
62,95,131,31
59,24,151,255
133,126,28,161
36,170,78,203
255,102,57,3
68,56,111,255
255,255,74,111
255,8,37,255
121,30,209,255
73,255,115,221
33,167,37,29
165,100,136,3
58,39,48,18
255,8,238,21
240,39,60,14
16,73,0,11
70,107,241,105
59,57,53,213
2,142,43,70
32,140,136,184
45,235,255,15
149,223,102,84
4,91,255,164
38,84,50,14
255,132,50,33
21,143,254,23
162,16,255,255
65,255,138,140
74,42,35,167
48,21,71,71
29,23,4,255
2,78,85,241
77,31,56,15
26,123,75,157
255,255,149,58
195,255,148,43
237,69,255,176
131,255,15,19
127,236,170,5
92,27,138,179
103,8,54,33
33,8,215,136
255,195,68,137
37,65,98,255
225,10,178,56
4,29,80,92
25,168,255,90
25,255,101,241
16,145,255,228
54,255,26,1
197,86,156,255
59,105,135,255
59,46,255,133
80,158,171,102
255,70,176,44
75,168,35,6
255,201,41,255
253,255,255,51
118,30,31,5
123,1,127,122
133,101,5,58
16,72,87,34
92,205,12,8
94,255,134,28
91,17,102,254
54,255,255,144
108,41,14,114
138,87,45,255
3,8,255,79
127,45,255,255
4,110,230,66
209,24,13,77
35,37,110,202
2,224,134,54
6,48,129,95
59,177,8,101
23,135,255,134
58,255,37,55
100,68,101,8
21,3,130,48
153,255,33,154
114,159,44,42
47,0,157,31
21,113,255,63
89,91,11,91
110,180,78,28
10,255,75,32
255,255,255,58
255,255,96,55
188,50,146,28
65,255,57,255
211,111,255,178
126,21,30,55
103,32,34,9
247,102,75,255
95,81,167,13
82,149,95,12
255,41,68,4
59,80,255,255
36,112,201,255
90,37,14,135
194,239,253,255
119,249,92,134
66,212,255,201
7,255,14,43
207,255,80,255
13,247,209,94
159,124,175,36
138,255,10,0
10,9,64,139
12,178,163,182
37,16,71,112
202,23,90,255
70,53,255,202
52,180,114,161
21,7,255,41
95,255,84,255
111,21,14,79
255,255,66,221
86,196,68,20
245,255,168,70
106,81,13,255
48,137,197,255
224,37,18,150
231,179,255,143
229,25,101,255
162,36,255,107
7,135,170,222
45,76,28,65
255,102,40,181
6,28,255,21
190,165,23,12
44,255,77,28
63,104,255,17
70,59,20,255
65,152,16,115
127,117,255,12
78,60,144,91
115,0,110,142
33,102,0,255
53,65,137,42
143,255,51,255
253,116,27,39
68,255,37,54
255,255,38,79
33,211,255,31
48,196,99,156
243,15,141,136
174,64,47,10
73,176,101,18
76,71,255,102
29,15,255,255
70,66,129,169
180,255,34,49
105,18,26,87
38,255,77,243
100,148,56,53
186,255,193,172
120,255,58,4
16,58,46,49
90,51,154,151
101,35,216,41
9,10,19,158
255,207,242,88
125,68,242,113
68,124,55,251
145,255,43,131
92,26,215,95
110,19,80,11
38,56,23,237
56,112,32,33
255,46,181,90
128,61,255,97
96,255,10,4
9,159,47,14
19,60,21,220
255,146,255,216
56,255,191,126
78,49,144,132
60,122,136,21
255,62,49,94
43,35,22,62
39,19,56,90
4,255,145,152
5,194,192,209
209,73,11,65
255,125,131,0
46,124,77,56
28,111,109,27
34,12,33,148
125,82,9,40
89,99,59,133
16,92,24,90
17,114,99,66
125,150,255,46
62,179,35,30
140,123,180,112
29,38,57,224
54,2,52,255
48,9,18,3
255,80,38,245
28,31,11,222
31,108,2,19
255,0,132,255
255,3,119,45
255,20,3,47
68,22,30,22
78,135,9,88
187,18,222,61
252,127,48,101
140,251,252,70
186,175,23,42
33,84,65,43
34,19,204,17
7,43,46,153
96,255,141,70
214,72,97,178
17,80,87,124
43,94,56,255
21,249,255,109
87,62,152,29
255,255,16,158
177,79,118,28
255,30,59,255
50,167,76,79
43,186,149,13
2,161,80,40
1,111,82,33
255,31,64,24
3,45,123,69
167,45,8,114
163,65,147,255
163,0,76,255
56,121,161,5
73,4,255,203
69,255,4,82
41,71,213,141
110,196,158,171
13,163,13,54
131,139,37,63
144,9,128,106
20,97,48,144
48,255,99,255
255,255,36,255
115,50,63,86
22,189,32,43
53,79,118,75
59,25,15,77
255,29,210,16
35,149,146,175
248,32,152,58
92,95,27,132
121,5,255,24
55,99,134,61
255,3,137,71
44,202,40,240
255,78,145,12
24,25,16,110
255,255,176,35
109,24,230,255
250,53,7,57
106,149,90,11
101,66,72,30
28,50,44,255
202,108,255,170
179,55,147,66
49,192,77,187
158,255,82,143
2,98,16,255
255,79,126,78
255,28,23,151
36,5,12,82
10,92,101,38
46,105,133,157
129,143,39,26
128,255,40,37
91,84,5,255
91,49,9,116
9,163,54,62
66,40,81,252
74,69,172,13
45,164,255,126
36,24,1,13
107,6,71,183
255,163,15,0
46,66,121,76
130,25,255,18
104,111,181,111
50,23,194,74
60,255,255,255
73,125,129,15
191,171,23,194
255,20,41,72
188,242,26,132
88,27,116,91
169,25,70,32
94,11,255,144
5,28,15,162
88,255,104,3
243,40,8,85
62,255,96,55
255,48,199,30
85,255,238,10
1,178,165,255
104,59,175,40
11,85,34,67
158,221,109,44
4,99,68,255
34,27,4,63
243,255,18,236
137,255,89,29
16,195,124,82
104,97,55,159
221,28,236,18
40,255,40,23
133,138,109,72
255,255,139,32
255,156,174,255
255,2,255,119
89,16,69,255
39,247,16,255
68,255,172,110
79,10,43,156
110,61,16,75
70,109,55,23
219,177,72,157
22,5,255,172
24,68,253,114
133,14,166,6
45,29,255,97
203,27,230,255
123,51,1,24
7,255,19,23
237,45,184,24
15,129,27,50
255,25,123,101
3,183,137,20
96,105,28,255
155,10,28,39
44,255,73,55
186,85,89,197
39,5,83,103
170,0,8,66
255,37,0,33
47,7,90,103
73,185,76,255
208,100,255,92
255,52,192,36
89,255,161,77
110,255,25,16
177,174,255,255
25,62,25,59
46,119,22,34
150,39,255,141
34,99,206,255
183,56,131,54
38,255,43,131
50,13,24,255
120,63,56,65
9,114,24,82
56,2,133,147
86,253,68,8
10,149,36,55
61,10,180,55
255,255,255,255
149,226,94,130
44,131,147,184
85,8,36,196
31,75,228,116
8,64,10,50
159,162,209,161
255,189,2,68
119,6,36,1
55,90,126,191
140,255,6,41
10,38,148,197
61,255,88,52
194,32,86,255
61,0,190,57
236,91,0,255
47,255,46,226
77,86,59,147
9,25,134,12
22,24,84,255
64,152,255,7
14,255,207,125
101,109,234,10
118,254,47,121
144,126,58,163
39,255,72,47
255,48,133,5
173,108,68,87
93,89,184,54
55,60,107,255
19,30,121,38
150,156,61,7
108,161,138,3
2,53,24,142
161,49,40,169
155,91,35,141
219,29,146,187
0,170,43,69
216,51,67,59
255,25,151,16
7,255,196,45
148,18,19,146
11,123,84,103
53,2,165,91
242,116,255,187
255,255,9,255
173,3,113,45
46,126,151,69
147,202,9,216
29,205,74,49
56,35,49,198
98,43,72,173
76,54,106,42
26,8,255,195
14,27,89,110
207,134,96,38
16,154,225,120
18,255,28,109
61,115,255,81
1,220,111,180
5,34,39,255
255,57,48,9
27,142,186,78
30,140,162,21
252,87,72,200
64,53,140,255
80,67,71,255
163,255,34,127
84,27,210,97
53,79,8,48
128,26,91,28
13,255,161,28
143,28,83,255
12,197,255,5
122,14,29,82
41,0,65,21
12,206,92,158
49,29,86,255
31,206,1,217
36,255,134,165
18,46,134,113
86,246,112,193
41,169,255,18
255,80,128,70
127,60,255,88
3,16,216,211
160,255,98,56
41,255,20,46
233,95,237,28
81,45,116,62
255,81,41,21
19,75,22,54
66,59,134,13
255,2,255,228
85,12,14,1
112,255,89,3
13,81,80,22
39,238,107,99
159,153,111,255
56,187,92,138
255,45,203,5
233,81,205,38
86,2,181,7
29,24,63,255
71,81,255,149
9,147,47,145
73,4,77,233
57,198,116,155
29,141,31,144
109,255,31,123
12,80,7,36
37,130,26,29
19,104,255,29
53,54,175,57
28,1,26,163
64,28,255,103
138,7,25,4
191,40,94,29
116,87,22,141
157,177,255,19
232,229,29,228
255,255,37,170
194,77,159,21
19,156,152,255
122,8,168,101
62,100,58,6
33,199,7,237
255,255,92,45
25,225,62,228
114,56,107,255
13,2,10,30
126,255,157,233
79,59,255,25
3,73,85,255
42,87,131,4
65,50,10,255
79,255,40,255
109,27,60,18
255,255,16,255
208,89,148,23
14,72,43,124
47,3,80,93
100,198,109,130
168,255,68,204
64,142,39,81
4,25,212,139
150,41,51,255
84,255,6,10
106,55,255,3
177,94,181,255
122,255,192,255
255,87,147,107
255,45,222,37
110,207,28,19
18,142,71,13
143,45,124,31
41,103,13,249
252,255,20,66
151,34,47,214
131,138,238,255
65,251,123,32
12,96,75,136
8,255,255,58
255,62,50,149
42,225,255,134
83,27,34,255
255,62,120,177
25,76,36,131
30,82,85,241
70,60,121,163
100,255,51,145
255,102,113,5
170,47,78,163
54,21,255,44
92,17,162,248
40,16,53,139
44,83,8,205
187,1,255,165
243,24,9,145
255,111,117,148
209,147,168,43
147,30,55,173
255,26,255,182
76,208,162,6
25,117,121,4
6,85,14,255
140,252,52,3
92,10,119,192
129,203,255,121
155,255,255,147
25,46,0,111
28,8,201,156
117,255,27,43
57,128,14,147
47,42,255,59
87,102,61,172
77,24,100,85
10,255,255,255
27,115,255,25
16,67,32,47
62,28,53,46
21,79,30,8
145,255,110,12
37,31,166,77
153,0,255,215
89,22,255,104
255,103,9,68
38,160,186,59
184,4,26,120
241,55,64,87
87,122,121,115
255,255,255,255
87,255,31,59
180,54,41,24
67,5,255,37
255,71,15,26
66,19,255,4
170,47,120,115
14,6,160,251
255,255,42,255
3,141,135,179
255,255,98,119
226,255,4,192
110,59,164,121
191,255,255,132
73,1,41,255
30,82,255,40
100,17,99,9
39,255,6,22
255,121,34,6
255,20,108,181
156,7,136,13
131,206,155,39
5,18,9,255
255,33,176,198
40,28,10,136
255,35,225,236
99,16,94,255
146,51,127,17
17,66,37,49
136,23,143,92
179,15,55,50
255,21,182,44
12,12,182,4
6,255,126,153
27,57,31,196
179,202,74,194
111,147,58,9
19,23,19,255
174,78,255,143
35,101,255,133
161,3,54,255
230,0,20,192
13,131,1,235
24,9,255,28
69,232,100,189
80,20,56,48
71,143,13,51
1,49,121,144
69,119,144,49
102,20,42,53
134,17,69,158
95,43,35,200
73,93,77,157
84,102,235,174
255,165,183,61
65,32,5,232
67,255,246,69
255,38,6,15
121,102,142,72
255,230,236,52
255,255,230,106
255,151,195,127
255,172,118,14
41,97,76,198
255,60,27,27
78,36,255,118
164,154,19,88
68,27,167,34
56,57,226,36
75,227,65,3
157,10,150,171
240,3,255,137
125,42,76,33
8,20,127,46
36,129,233,210
12,47,18,33
245,255,126,59
32,114,255,255
255,1,101,28
91,64,33,255
79,54,28,61
136,5,19,70
7,63,104,28
52,169,23,64
162,70,187,126
247,9,76,49
255,61,133,64
54,54,87,198
49,136,101,54
2,217,145,27
9,145,255,191
11,255,88,85
255,75,255,9
255,6,255,54
127,61,234,160
32,108,124,64
12,5,9,83
72,22,255,82
225,0,188,13
255,92,8,255
255,129,109,77
255,114,255,99
33,14,255,153
3,255,70,14
105,136,44,63
192,255,10,6
19,255,233,255
124,105,29,3
133,83,36,41
75,79,246,22
16,137,107,7
71,25,32,90
127,190,120,47
212,141,100,170
173,54,31,255
74,143,101,3
152,255,17,13
8,94,44,32
56,66,17,43
19,5,255,64
202,130,183,69
15,255,89,224
17,128,46,99
121,174,255,203
48,58,49,75
29,15,34,255
65,49,41,87
115,63,13,255
208,6,67,23
48,255,5,255
240,84,255,172
58,255,137,132
2,127,28,63
12,15,25,150
96,2,144,14
56,200,129,44
180,38,190,164
245,50,24,147
245,12,46,184
139,154,100,24
4,17,135,8
132,31,80,56
96,35,120,111
255,255,0,14
10,224,88,54
22,116,17,71
120,150,44,60
142,6,52,105
255,70,3,255
102,255,72,255
224,159,51,2
120,115,28,28
8,106,49,107
102,51,50,255
202,255,18,12
74,67,82,213
24,26,33,206
117,161,25,113
84,97,139,82
40,134,3,255
63,24,33,10
132,255,52,63
35,131,255,53
120,99,76,102
137,82,240,37
33,58,42,255
9,60,13,3
48,101,91,62
55,226,69,7
60,117,25,17
34,179,255,78
255,47,98,8
27,255,2,43
115,128,255,71
158,50,96,46
157,51,186,6
255,255,40,81
101,50,79,253
1,161,149,151
96,12,162,255
255,151,255,86
82,255,106,115
148,253,207,88
255,13,48,20
197,54,209,255
115,7,255,94
255,42,253,13
176,58,11,97
255,255,255,119
81,255,157,18
82,255,255,128
3,255,246,13
11,13,1,127
255,255,165,53
137,8,65,189
162,255,167,59
8,207,214,109
56,85,39,200
35,108,0,112
35,255,132,255
86,255,142,255
23,76,99,6
206,55,61,72
47,0,119,41
43,97,90,1
8,15,35,255
11,198,32,18
255,201,77,190
255,113,76,85
150,219,111,255
91,72,10,40
22,255,255,4
182,33,103,255
67,255,155,110
65,61,113,21
0,43,182,75
6,42,255,78
73,16,11,61
245,9,69,255
26,39,35,152
130,20,180,100
27,49,71,64
248,31,112,255
98,45,15,151
99,178,5,115
255,22,60,9
62,255,33,255
7,27,177,144
228,49,255,107
14,126,99,141
134,81,99,255
27,110,144,125
7,20,91,255
255,36,255,83
149,2,255,168
13,88,6,61
178,34,69,124
42,25,255,110
53,53,18,255
124,255,255,17
236,3,255,170
4,45,43,5
255,42,252,116
255,24,66,74
255,211,11,5
45,70,126,5
65,95,7,85
255,78,100,87
160,95,2,214
255,119,1,89
255,144,17,30
173,133,8,48
234,198,107,76
255,197,133,67
11,135,79,54
89,34,106,242
31,238,178,76
255,255,255,36
255,18,111,105
90,132,93,245
5,70,68,40
47,63,165,38
84,24,10,5
16,36,255,13
255,66,103,10
7,249,210,18
91,31,15,73
22,255,143,71
255,54,255,255
70,70,51,23
31,85,70,57
53,21,241,28
203,249,15,57
70,43,35,132
255,96,133,51
119,93,255,255
255,175,255,139
8,139,68,107
84,12,255,76
19,255,37,21
20,210,153,111
139,178,248,67
9,255,16,120
202,113,172,249
2,108,255,69
47,53,55,89
87,101,255,92
74,171,82,75
150,47,86,1
255,45,158,88
82,92,247,255
111,70,255,195
161,249,120,174
209,255,192,4
83,11,240,31
64,25,150,53
56,29,255,62
72,41,0,51
35,0,43,46
255,144,187,7
93,81,114,112
195,127,255,255
212,255,148,182
57,135,255,34
133,87,42,105
77,60,255,19
255,21,7,0
82,255,75,142
48,255,61,145
117,5,192,63
151,27,255,53
1,255,255,116
74,97,255,255
255,92,191,138
140,255,25,125
231,6,74,7
99,30,98,114
34,66,61,130
255,27,191,22
10,255,196,82
255,19,233,191
66,62,192,56
136,18,135,91
120,38,76,116
76,56,95,25
246,255,76,20
26,255,255,29
255,255,169,101
153,255,13,54
21,41,8,8
167,108,255,30
239,44,148,31
73,207,52,10
237,22,255,78
146,91,149,145
255,55,37,111
173,167,136,77
248,255,136,147
69,93,43,46
68,35,35,0
255,82,11,58
69,188,13,203
93,255,180,92
109,61,253,43
54,126,212,13
45,175,40,142
34,60,163,9
55,143,163,19
68,95,48,234
183,22,255,177
11,15,255,151
30,13,11,27
12,54,79,74
172,67,27,10
255,255,203,75
142,105,8,66
52,60,38,100
45,54,255,71
22,255,62,185
255,77,117,255
33,185,150,16
255,255,191,101
74,255,172,28
13,147,92,255
45,40,31,98
236,243,35,43
48,49,44,119
248,78,255,255
1,68,13,75
255,255,44,67
204,38,22,255
2,68,255,81
154,255,111,255
63,3,17,111
181,42,71,19
118,6,255,11
11,65,104,255
126,76,216,8
27,90,56,49
212,212,77,94
55,68,255,73
255,125,32,146
86,241,52,39
74,103,68,228
53,87,51,255
77,72,88,243
84,177,221,166
36,255,15,126
54,1,129,7
4,21,153,103
255,57,119,255
138,108,241,13
19,147,120,255
93,65,100,215
234,40,80,5
116,255,153,255
255,10,55,105
33,255,32,70
19,146,255,194
77,30,45,30
21,4,49,209
0,0,255,47
255,0,6,33
182,45,121,255
74,62,155,125
45,38,37,69
29,13,221,255
8,214,255,255
14,28,37,51
104,79,5,255
65,3,175,185
2,197,255,114
29,255,61,81
98,16,129,1
116,255,29,4
144,255,194,150
67,212,255,197
16,3,72,23
73,202,64,233
9,162,169,42
6,132,173,236
74,158,33,255
10,151,37,255
15,26,14,9
5,35,160,231
20,28,92,23
44,255,220,63
1,255,206,26
99,255,193,255
178,4,127,13
17,31,18,207
44,56,255,40
255,22,75,255
255,7,82,3
16,84,128,230
57,222,19,71
249,177,255,201
70,255,255,54
212,42,7,146
255,125,158,46
32,179,32,103
5,29,68,255
17,109,50,114
45,83,198,243
88,54,58,132
26,157,252,255
107,80,255,5
4,57,34,82
75,1,110,60
51,198,217,10
10,38,53,67
206,178,4,179
143,92,118,196
27,93,97,253
129,255,107,255
159,16,254,203
255,47,107,38
13,8,255,55
48,89,104,10
255,255,124,48
94,255,20,211
115,50,116,113
54,39,255,122
251,18,150,175
194,9,1,170
95,25,91,255
23,67,49,188
84,1,44,255
20,95,17,107
125,96,17,255
96,97,251,255
157,255,61,87
14,131,44,133
255,84,19,255
32,78,9,7
15,255,107,2
228,61,210,138
76,23,183,255
51,92,80,96
18,106,247,68
34,85,141,130
13,12,255,41
109,82,26,24
193,255,44,255
36,63,7,227
255,12,43,112
0,97,111,58
27,200,43,164
112,151,161,80
85,21,43,0
255,43,255,195
13,43,195,108
1,29,41,43
159,211,89,76
255,52,110,255
10,42,41,78
176,102,35,12
255,116,87,226
180,255,243,193
185,156,79,129
6,59,23,181
8,49,62,200
93,106,139,51
159,29,131,59
31,44,220,44
19,147,255,52
57,14,167,42
214,12,250,42
56,255,143,69
24,255,12,25
19,27,32,23
12,13,59,255
255,255,36,255
24,6,117,11
6,121,167,255
88,177,255,255
9,255,149,150
48,40,58,47
255,55,180,48
171,46,48,58
221,250,10,255
255,158,255,24
233,155,12,47
27,167,73,124
255,205,19,255
43,199,21,53
159,39,78,1
143,60,207,0
46,94,136,71
237,80,219,255
140,255,116,150
63,9,120,49
157,9,161,201
124,136,107,49
255,151,238,122
73,132,217,49
24,61,21,178
255,13,161,163
133,229,15,32
80,40,149,255
1,205,113,80
146,17,139,166
3,150,255,75
219,199,14,29
97,50,71,70
255,2,43,124
24,79,119,105
153,179,171,5
158,62,255,87
144,3,201,71
255,29,156,113
51,57,128,105
62,23,43,210
140,34,54,89
65,101,22,115
65,255,86,57
67,7,62,120
37,240,43,119
20,14,4,12
57,162,247,149
57,177,86,96
255,52,20,48
204,166,164,95
52,36,255,164
255,98,195,255
255,132,58,245
41,70,11,71
183,38,8,255
65,131,12,8
94,116,39,124
234,255,23,76
255,91,152,196
30,26,255,111
255,118,100,5
167,255,127,173
25,22,69,61
59,255,91,221
44,68,59,12
91,196,69,34
65,51,88,255
53,71,10,2
122,94,203,40
207,13,255,128
152,47,18,75
68,182,245,36
96,14,25,236
105,198,21,255
15,54,139,61
217,255,255,89
3,228,71,255
255,239,23,245
65,131,31,37
128,43,37,31
87,127,184,50
130,6,254,77
138,9,134,194
45,52,83,97
11,51,162,16
124,191,29,10
23,27,29,85
55,12,21,31
13,150,195,60
255,31,67,89
255,255,255,12
172,76,55,22
68,255,2,254
113,80,86,157
255,6,73,46
59,131,128,14
48,192,79,120
15,7,57,86
255,24,255,4
255,66,140,59
107,110,77,11
70,145,108,135
127,28,20,101
69,165,89,20
134,255,144,144
255,16,76,132
6,65,230,213
255,102,255,37
255,255,47,11
106,98,255,214
226,3,29,87
70,32,244,6
103,198,14,149
255,152,221,255
151,163,113,68
255,7,145,39
2,82,240,25
109,26,3,9
50,166,224,52
255,255,181,239
43,20,45,255
1,10,255,235
152,255,255,117
33,112,101,28
198,40,114,107
69,31,105,10
39,9,245,133
78,157,141,149
70,26,84,72
93,255,14,198
183,6,12,168
21,80,135,16
255,54,128,130
30,14,14,147
53,4,250,91
29,255,99,255
68,100,99,231
126,178,166,164
244,78,4,160
118,20,13,18
255,168,255,52
46,53,65,255
121,113,96,3
228,255,209,8
255,255,112,213
165,255,154,255
153,115,184,15
153,15,73,2
28,248,52,204
46,237,1,69
181,49,98,255
190,64,12,125
255,54,27,78
255,20,98,255
28,55,2,255
255,144,41,3
184,255,59,41
2,80,117,31
255,26,255,255
255,169,255,42
91,40,255,255
95,246,55,70
27,34,255,255
104,26,14,35
155,136,131,110
123,92,70,47
79,143,255,12
70,22,28,21
105,175,27,255
131,255,82,255
155,255,130,255
60,4,147,102
255,255,52,255
205,203,121,6
152,19,0,17
204,35,139,207
16,11,255,19
109,255,130,82
199,122,122,87
20,30,9,91
17,45,3,24
135,196,29,49
78,2,44,11
130,255,198,21
1,46,91,33
16,255,74,228
143,0,17,52
38,113,9,158
148,255,0,41
70,146,63,6
91,14,255,126
39,31,255,116
188,87,17,255
172,58,4,0
145,75,179,3
47,150,14,227
8,76,37,255
57,1,248,23
5,141,100,19
52,33,255,52
56,39,2,42
255,255,96,56
107,33,55,115
55,112,118,68
79,15,255,53
12,24,95,41
54,141,28,31
117,36,35,25
255,38,18,69
51,255,49,118
157,121,255,11
15,202,42,25
59,211,39,150
131,23,92,22
94,194,53,20
229,174,162,66
210,187,219,48
255,79,197,199
6,255,86,195
166,255,94,160
149,76,255,13
56,48,180,15
255,1,255,34
37,71,3,130
18,36,2,6
10,72,12,177
255,19,60,70
22,255,5,38
255,177,255,108
43,105,23,125
46,117,46,13
139,46,5,167
20,237,84,255
105,195,35,96
92,137,46,31
79,41,74,156
64,163,53,18
39,112,14,93
0,255,38,84
17,58,78,77
48,142,18,105
170,31,255,38
7,42,227,70
255,12,3,23
88,17,132,39
255,11,5,23
59,180,74,255
234,109,53,23
130,9,242,103
197,144,255,77
255,7,128,225
255,2,85,67
25,44,73,45
114,12,13,82
92,10,56,41
92,36,49,154
104,58,125,204
21,24,69,165
100,67,132,255
255,63,77,27
255,155,255,21
134,66,255,26
84,12,255,0
14,236,201,157
2,181,255,64
20,13,71,12
111,29,157,45
144,255,255,12
255,26,46,17
132,74,100,6
255,84,164,65
81,61,255,167
36,131,123,50
237,30,62,224
31,108,160,164
255,99,4,47
151,126,196,168
255,61,70,86
34,56,122,211
215,255,24,135
114,125,197,200
41,79,26,141
39,12,255,34
104,79,110,66
102,51,65,232
255,167,255,0
255,141,123,10
83,92,255,62
63,255,178,92
167,63,89,36
2,101,255,40
128,76,255,121
255,119,15,30
105,6,255,155
255,10,32,150
39,27,9,255
35,152,77,120
36,144,255,255
1,70,37,50
1,255,223,56
185,91,31,3
39,13,13,59
102,219,90,57
77,3,10,46
131,12,194,26
112,58,111,255
41,22,255,100
47,37,64,146
7,2,232,22
57,35,26,36
37,149,104,108
2,114,66,89
8,124,57,96
170,72,39,76
96,106,184,255
68,45,181,121
78,192,231,143
255,112,124,89
12,11,172,171
191,45,227,136
130,16,94,3
33,3,224,144
10,48,124,127
57,39,90,75
72,217,4,101
99,22,164,44
99,80,194,223
39,52,56,10
8,136,22,87
255,255,125,15
39,80,59,186
18,255,65,255
19,255,255,111
255,87,21,175
3,155,162,255
24,30,28,126
62,36,64,161
25,132,5,60
38,253,98,0
11,64,56,181
182,84,7,16
191,150,159,135
100,69,0,106
8,68,42,47
255,52,0,6
48,56,67,131
131,74,31,63
74,0,119,158
5,249,199,255
255,58,4,29
4,166,44,83
108,98,130,88
222,115,102,190
27,61,255,255
3,19,53,1
73,57,32,223
19,222,210,14
255,167,49,56
33,255,15,133
53,62,255,20
186,31,25,123
255,37,40,161
81,71,130,138
161,161,62,58
80,24,182,72
31,141,255,255
234,66,4,55
44,21,97,118
16,255,122,51
96,68,79,254
63,31,255,41
68,77,108,85
204,117,6,127
141,238,4,255
102,131,131,49
182,255,86,27
124,107,255,255
84,255,255,255
229,1,255,79
8,255,12,72
43,14,111,84
159,185,62,50
36,77,16,214
97,0,123,255
255,229,207,168
19,1,93,131
255,16,141,232
95,255,255,186
102,18,142,101
84,255,93,138
192,201,255,228
0,69,21,255
17,129,220,52
180,250,161,117
104,24,7,36
19,72,85,178
93,4,94,37
255,25,35,232
39,198,230,22
18,121,143,255
103,125,93,255
93,188,60,37
13,14,46,30
255,78,24,154
64,17,83,12
15,52,53,25
255,25,24,81
11,189,13,15
26,221,53,221
255,255,61,63
68,195,255,234
202,10,186,52
12,255,47,255
56,255,30,65
38,43,75,46
55,27,33,207
255,255,45,18
140,132,148,46
48,68,35,1
255,204,255,87
32,255,99,255
70,138,255,78
17,122,255,163
50,96,103,206
29,199,3,37
67,41,42,15
255,29,117,201
53,103,21,70
23,110,170,12
178,131,116,132
241,183,75,32
10,174,227,165
4,161,95,244
31,60,60,118
254,3,212,188
13,31,144,176
255,31,164,44
88,100,145,162
255,11,189,72
63,65,160,27
125,255,255,0
4,23,17,255
105,255,60,33
255,227,255,201
199,221,9,31
158,112,37,14
104,124,40,104
213,32,159,11
81,208,97,255
69,119,25,44
156,0,85,111
255,186,84,24
185,132,255,28
146,52,148,156
77,76,81,164
206,78,147,99
134,75,6,248
206,222,30,89
229,202,107,31
164,184,212,255
31,24,141,119
210,0,198,158
100,24,87,102
118,83,21,255
255,104,117,67
168,36,140,61
245,10,7,123
194,58,17,29
101,20,115,56
255,33,53,50
39,18,85,112
2,69,201,27
11,217,73,13
0,255,48,113
255,8,42,8
131,255,96,48
7,38,124,24
123,151,6,164
255,91,14,38
177,255,63,18
59,83,28,13
70,123,126,17
42,89,140,58
230,255,109,27
67,74,161,25
16,73,39,43
161,41,64,33
132,245,23,255
217,161,122,171
2,49,39,174
11,7,30,159
94,19,229,117
93,29,11,124
134,255,68,255
10,106,81,102
92,31,223,255
255,183,56,75
80,220,9,227
35,52,111,233
9,184,211,114
6,28,48,53
18,89,46,93
136,118,67,88
135,20,32,250
74,255,47,133
111,18,221,162
176,232,71,30
196,147,8,1
41,106,6,255
11,5,255,124
255,35,255,93
42,12,90,125
32,24,145,27
255,55,182,209
65,89,196,52
49,213,223,255
69,38,162,160
244,48,98,200
18,145,112,255
12,69,121,107
183,78,134,125
78,98,232,32
166,97,57,58
255,71,10,10
190,36,53,49
23,147,21,255
59,65,34,107
19,111,51,50
25,94,3,179
119,134,3,166
78,255,137,181
19,93,12,79
5,25,34,255
74,255,134,12
255,102,25,43
255,68,164,8
104,30,165,8
32,159,23,78
162,93,9,25
26,108,24,184
62,106,255,26
33,114,87,105
33,159,10,255
7,167,87,76
192,111,26,0
16,144,19,13
104,43,130,9
48,134,43,3
159,255,69,52
14,114,238,60
9,255,171,53
57,124,24,225
56,166,91,255
193,115,10,4
64,142,27,20
171,27,255,20
22,207,224,21
207,102,255,67
42,255,49,201
255,76,208,58
192,71,21,28
252,30,244,12
33,136,255,101
11,123,93,113
86,57,155,16
118,255,48,48
255,53,35,0
65,27,100,14
86,255,195,255
30,253,235,52
208,31,255,8
31,70,255,128
17,30,255,42
67,185,42,59
118,211,105,1
255,111,27,1
36,255,204,172
110,50,255,79
27,76,28,63
255,36,59,109
67,210,40,47
117,48,244,252
108,255,16,255
63,65,0,2
48,99,255,132
88,255,112,37
255,6,31,255
221,255,27,66
170,76,3,49
134,64,255,162
117,108,92,195
80,95,41,5
37,78,252,5
25,78,147,176
254,255,255,10
255,18,29,255
38,46,185,10
58,4,78,255
15,68,64,16
11,93,71,36
152,215,66,30
60,191,4,1
1,212,255,237
255,162,255,99
123,255,8,6
170,82,209,255
138,135,77,255
99,140,24,255
10,121,6,97
121,255,30,255
36,255,8,29
44,230,86,5
16,39,177,16
0,98,228,4
22,10,255,19
178,29,155,89
1,68,24,255
248,193,22,175
255,218,72,201
236,67,70,30
197,55,14,88
34,85,181,31
27,34,76,6
20,191,85,2
199,15,32,255
2,3,22,44
136,195,78,19
203,188,67,36
223,72,43,4
255,144,219,69
15,8,207,255
23,189,255,138
255,20,90,255
187,127,255,16
180,69,56,56
70,53,255,125
165,176,50,143
247,116,207,213
57,52,29,255
124,21,106,67
25,12,200,137
23,188,31,71
9,19,255,9
145,74,207,255
255,120,255,52
130,242,85,12
127,42,208,106
52,3,24,94
28,28,22,215
91,255,8,39
38,32,186,177
72,190,112,116
117,9,50,27
150,104,59,66
250,255,63,41
54,66,54,91
199,13,45,101
255,128,87,255
129,238,206,149
40,29,126,38
72,59,79,49
138,110,239,18
80,0,52,39
45,157,45,26
22,146,37,74
148,95,177,60
47,76,7,136
10,148,67,255
115,255,75,84
113,168,63,121
74,88,255,50
9,33,38,21
43,8,6,98
63,237,60,255
46,255,97,98
77,3,57,255
13,46,13,120
228,129,48,33
175,220,115,23
74,168,108,52
95,255,111,124
54,172,25,32
157,44,255,20
88,121,65,47
230,235,31,255
224,40,12,201
52,9,68,41
1,59,159,150
48,43,15,14
255,117,234,2
255,84,46,9
16,179,79,12
34,5,151,34
255,19,47,207
205,34,25,76
112,255,255,196
247,69,255,48
57,25,255,60
55,23,255,40
65,71,66,255
93,3,29,195
47,172,19,255
31,235,36,95
255,19,240,16
128,62,82,44
122,38,203,255
81,255,190,144
98,176,131,61
255,255,52,79
255,108,195,161
127,255,69,137
183,38,255,215
44,45,255,23
175,6,46,19
104,239,241,58
10,255,202,79
255,87,213,255
41,28,255,55
255,7,44,169
83,85,97,110
119,255,63,8
42,32,93,64
64,182,99,255
255,1,115,223
140,212,117,236
28,72,90,10
4,162,236,255
197,43,96,95
55,11,255,8
62,187,168,95
189,22,165,19
0,88,196,53
255,28,30,137
26,86,210,90
180,67,211,172
255,69,255,103
237,17,131,73
68,12,255,255
235,173,22,202
84,226,93,41
26,0,54,6
107,255,34,1
215,22,255,255
7,107,96,221
200,45,135,59
255,129,12,255
33,146,255,54
255,158,82,255
34,49,6,174
46,2,110,57
39,44,255,104
71,166,45,110
40,47,22,54
193,129,2,36
255,10,13,70
78,154,255,44
97,2,135,83
5,255,230,200
74,166,94,39
4,233,198,255
255,35,65,65
142,19,108,255
255,255,3,98
56,68,255,255
102,11,255,135
207,255,188,38
36,255,49,88
137,3,255,201
26,21,17,5
33,97,4,7
57,8,116,150
31,53,51,109
187,24,98,9
255,213,72,19
125,23,26,255
255,255,22,103
14,255,55,96
137,72,35,67
8,185,129,43
255,255,38,255
138,4,83,177
64,144,67,43
29,138,22,46
254,255,20,8
23,163,225,179
41,65,3,172
255,99,68,59
25,9,89,74
215,36,82,24
255,9,232,255
234,99,7,5
94,170,255,129
255,145,202,255
9,103,186,142
194,148,169,23
94,57,24,255
65,137,70,149
193,63,80,255
129,16,204,213
14,22,134,124
113,125,160,2
183,255,9,25
34,14,196,3
253,255,255,61
5,66,155,255
119,52,14,98
255,5,106,21
2,255,127,10
206,5,44,255
125,53,96,216
33,159,22,55
107,119,47,9
255,255,255,87
139,33,22,70
210,209,65,167
255,122,55,3
124,109,255,140
212,86,112,162
137,6,170,13
5,1,50,34
255,122,94,255
251,50,2,74
28,36,57,255
80,26,91,174
0,120,10,197
195,31,86,158
188,188,65,36
171,183,173,255
14,64,9,198
58,10,186,45
255,81,76,95
208,63,87,106
168,7,255,28
16,15,90,7
27,4,5,255
10,57,225,38
189,43,18,84
132,4,244,249
206,19,58,223
36,255,78,45
255,7,138,91
69,255,250,44
37,155,19,61
32,179,137,43
46,68,236,83
255,12,70,50
206,39,107,22
103,6,255,67
220,215,103,77
115,11,116,58
127,14,54,188
190,36,0,240
255,83,60,255
255,148,255,255
5,158,3,152
10,34,255,126
0,47,28,58
188,87,61,237
140,38,83,54
28,18,72,17
40,133,19,236
59,78,60,135
35,98,67,6
54,27,218,133
106,255,255,45
255,14,48,35
35,98,243,109
59,27,226,255
147,157,255,218
22,53,83,33
1,10,43,40
74,255,43,200
106,23,255,145
94,107,85,212
255,17,255,79
42,27,248,169
35,5,88,255
89,255,1,27
23,38,255,99
83,59,206,196
87,56,22,97
7,255,142,43
25,109,52,86
79,244,175,94
255,189,26,237
255,5,73,255
23,17,126,255
106,83,8,59
238,43,118,18
53,183,120,11
8,2,90,22
45,48,255,80
24,28,158,103
65,255,13,182
98,142,164,26
62,23,34,60
24,208,71,138
111,106,79,97
14,18,19,255
61,65,16,29
140,7,255,159
7,255,255,255
60,79,157,221
78,255,156,24
180,115,240,6
255,36,94,255
39,40,19,255
255,15,135,255
84,255,67,107
21,59,199,11
164,79,164,42
28,35,132,93
23,225,126,74
120,128,255,213
109,1,34,36
255,143,105,46
84,76,76,255
169,194,255,57
255,37,255,51
107,85,255,8
245,17,149,11
22,36,192,54
255,255,38,255
196,73,235,10
48,78,44,84
255,50,30,201
27,128,48,56
18,29,178,1
100,74,88,215
160,50,255,26
35,255,255,2
0,52,7,107
71,147,209,128
147,60,44,3
74,248,147,95
68,158,175,15
43,42,96,6
249,73,255,20
195,141,65,29
255,154,42,192
255,48,100,152
63,207,157,111
39,100,255,26
133,154,83,116
80,62,53,215
172,67,128,24
108,3,162,255
255,120,59,1
50,61,12,62
95,62,255,11
255,110,99,131
255,95,22,144
156,37,17,24
78,11,26,255
12,75,255,249
75,74,3,236
90,89,202,63
29,22,255,82
104,38,255,255
199,51,54,27
70,16,69,7
30,100,3,4
37,116,16,255
147,180,15,16
0,67,102,4
197,15,255,43
11,68,81,74
70,54,123,255
55,237,29,24
189,255,51,63
32,25,109,243
29,132,255,179
99,35,128,13
75,30,39,255
31,123,130,72
53,86,150,3
64,77,124,81
227,255,1,172
34,255,67,35
255,138,81,194
4,18,114,43
3,116,23,192
56,93,22,71
122,39,122,53
9,6,198,255
62,149,111,106
62,61,157,71
15,64,103,255
47,27,20,43
11,91,255,40
221,55,37,22
161,5,64,130
255,116,88,1
56,255,63,41
9,73,215,18
255,50,100,62
113,255,42,51
117,30,139,74
127,255,56,71
7,100,80,15
104,251,9,255
13,11,2,154
147,25,110,9
96,158,255,145
0,40,93,71
23,94,255,12
37,40,215,151
79,255,255,192
114,55,134,53
221,78,102,64
213,168,0,2
24,95,105,0
61,86,69,50
255,93,255,33
91,19,4,7
21,42,32,86
173,33,76,106
53,189,17,43
92,2,216,88
39,13,35,62
162,147,19,64
208,206,255,77
24,18,233,0
240,82,64,40
83,92,9,255
255,37,41,45
71,145,3,1
79,44,255,98
86,72,228,182
66,42,11,183
61,255,65,5
6,193,122,234
81,86,92,255
68,255,29,236
10,173,137,98
61,120,87,161
255,77,140,89
15,72,255,132
91,112,18,27
58,4,255,15
255,80,46,204
22,113,255,42
1,8,118,47
120,30,235,41
236,221,210,14
212,90,8,255
255,154,37,255
63,226,0,255
89,47,120,238
52,11,25,58
255,25,255,155
201,255,177,41
4,133,1,163
36,255,163,151
255,61,255,29
255,117,143,50
28,73,12,29
49,231,255,255
22,105,64,113
31,245,255,22
129,30,74,187
77,255,197,134
13,212,255,129
20,1,72,58
112,44,9,86
30,44,255,173
138,33,80,196
125,255,255,66
139,49,255,30
122,68,255,255
3,14,6,57
218,242,0,168
21,13,10,16
92,5,72,255
84,13,36,6
94,133,44,63
15,131,6,1
31,157,16,13
145,38,15,18
255,102,7,23
115,30,52,255
67,41,14,221
165,96,6,17
25,232,50,74
255,207,67,255
255,140,49,165
96,15,65,255
65,255,126,49
80,255,117,4
86,161,50,4
59,25,22,64
177,1,255,79
115,182,128,70
24,61,26,44
255,88,51,129
47,166,15,30
58,255,163,56
131,19,255,70
13,123,29,21
1,37,0,247
255,194,122,131
176,255,255,210
2,255,140,187
25,218,255,255
180,255,77,50
38,61,95,105
90,111,92,165
6,255,83,54
40,83,43,137
68,37,49,12
22,1,129,255
36,5,166,179
10,104,74,18
17,9,6,22
99,39,73,251
126,255,48,125
31,215,114,143
160,15,178,242
255,255,39,7
4,71,51,34
30,206,255,91
97,38,73,255
54,57,25,55
6,41,6,124
29,115,95,7
255,37,66,255
91,24,140,255
21,41,77,255
89,255,25,79
213,1,220,86
143,11,20,140
16,124,96,58
127,255,127,17
192,147,14,227
255,19,59,72
27,68,133,67
229,172,255,45
9,253,255,211
233,209,42,46
59,227,255,203
100,112,13,11
192,199,154,238
255,222,30,0
255,255,62,14
136,69,77,232
255,79,47,60
99,57,255,141
71,255,129,13
35,98,255,53
104,27,75,74
15,255,49,255
36,182,47,208
255,15,24,255
113,174,113,61
88,91,5,80
117,10,74,15
173,30,154,217
247,255,19,151
55,34,0,10
217,139,79,85
255,101,24,105
145,32,76,38
255,231,11,63
130,34,140,48
39,32,104,51
102,43,139,77
255,63,36,122
255,43,192,147
30,168,6,102
129,66,22,3
32,33,178,52
15,74,7,255
114,25,215,184
0,29,22,116
190,47,172,123
12,255,38,86
126,143,161,108
72,189,49,126
147,107,133,5
13,28,215,217
6,2,105,16
173,255,19,144
85,46,255,22
28,168,15,65
42,110,12,255
255,18,114,122
36,150,35,134
255,113,132,73
88,114,48,6
108,69,3,76
68,79,90,101
180,169,18,174
33,255,79,109
95,255,98,38
166,167,16,79
28,152,20,7
103,98,255,251
51,89,68,239
4,255,190,99
36,5,33,207
6,32,255,117
21,215,9,44
47,78,152,42
183,11,93,220
255,38,16,255
81,40,72,255
76,255,154,9
38,56,138,63
255,255,255,151
255,26,255,25
88,93,19,92
140,135,255,5
14,91,255,255
42,26,64,255
75,19,4,191
255,87,255,255
51,0,206,255
180,209,255,13
37,13,255,16
226,46,56,255
174,46,79,246
143,129,31,124
31,141,160,106
233,91,187,17
122,8,60,18
10,181,28,72
255,4,201,4
171,167,20,162
98,255,83,19
255,125,187,5
255,255,255,255
41,95,22,92
77,23,72,255
3,232,80,37
101,94,157,241
12,33,255,12
245,160,45,220
255,128,89,185
95,95,20,85
82,11,95,153
51,37,170,90
54,158,64,97
95,14,135,165
11,115,92,20
24,255,1,47
255,32,81,19
86,98,85,16
93,106,160,255
11,37,66,214
159,86,140,190
18,23,54,165
254,27,195,57
39,64,119,119
87,153,220,255
111,70,248,40
121,170,26,51
136,117,34,19
51,52,255,30
79,4,44,82
255,255,255,39
29,255,90,61
255,195,64,107
255,255,3,178
168,130,255,235
255,40,19,17
180,137,11,11
122,152,157,63
94,67,30,90
61,144,5,148
255,134,255,179
255,255,63,16
42,253,48,72
20,53,40,255
245,117,187,166
17,255,80,6
167,58,47,80
7,120,36,165
11,41,23,255
223,11,255,82
255,78,203,163
33,28,87,243
52,125,255,128
255,2,47,116
255,50,255,91
87,127,6,62
227,63,48,170
236,195,153,192
255,26,159,61
0,17,21,136
65,255,238,58
125,231,189,10
255,37,161,58
36,84,19,145
33,87,255,37
111,61,7,53
119,118,159,100
116,63,7,31
0,195,12,40
0,32,39,74
30,216,12,33
76,81,217,7
71,62,16,189
64,35,239,167
179,159,145,2
101,9,255,224
100,62,14,178
27,25,143,48
114,64,223,80
15,132,59,107
31,255,170,203
211,111,184,131
73,95,246,53
255,251,16,46
125,255,46,44
57,62,144,80
200,16,72,244
88,142,187,18
208,59,95,240
73,255,5,244
97,31,62,244
255,156,255,66
65,68,34,174
15,143,255,22
255,34,14,43
145,20,135,110
121,81,54,4
129,255,68,63
240,32,44,69
255,155,218,140
13,255,87,66
235,41,153,82
160,50,15,54
174,70,255,255
202,129,255,67
30,255,255,3
104,14,46,34
155,255,85,157
51,253,32,131
30,227,255,206
29,22,175,82
9,69,3,39
21,255,62,117
46,34,187,107
170,255,108,50
99,56,4,60
76,47,199,55
22,248,54,91
165,108,255,255
11,7,89,10
255,255,84,124
31,69,88,70
3,255,21,186
255,1,234,184
18,81,160,134
162,55,45,39
91,255,76,96
255,24,190,63
162,121,192,176
132,190,146,190
107,54,39,255
142,100,255,49
5,167,42,33
56,60,53,180
83,27,153,151
79,42,21,133
8,12,19,70
27,24,136,43
127,94,255,195
255,87,13,26
134,162,59,40
98,10,71,255
33,82,77,39
103,116,68,134
5,39,90,122
194,100,12,67
56,73,225,255
96,240,0,31
48,214,115,75
218,52,218,70
35,30,255,129
8,255,107,100
65,54,13,65
92,123,255,255
17,102,11,255
135,9,22,51
30,54,255,228
99,111,12,143
30,11,99,142
189,29,255,76
255,31,119,29
16,255,6,255
50,111,122,255
26,194,255,26
32,27,255,255
41,215,37,77
127,176,36,50
1,63,84,255
31,255,15,157
82,255,176,255
62,96,255,124
32,21,33,7
35,85,20,117
126,10,45,147
22,164,20,81
48,255,108,110
84,39,163,18
135,32,255,147
43,12,46,12
39,55,13,255
88,105,36,128
9,66,39,47
167,141,69,255
56,155,69,17
4,132,13,159
84,255,89,5
19,213,8,69
255,255,61,134
59,12,22,65
42,52,117,60
255,255,157,8
236,50,36,36
112,142,255,174
5,41,124,255
182,164,4,255
13,63,77,173
255,184,84,83
50,13,190,17
27,136,70,126
10,72,255,22
144,55,152,255
76,32,255,5
44,146,208,209
27,29,138,128
11,12,65,255
143,44,51,19
255,255,18,147
150,9,72,29
93,170,255,192
178,255,72,213
158,69,208,167
14,255,7,241
70,86,52,48
116,255,207,7
255,255,128,255
111,255,166,20
10,197,213,87
110,126,224,197
16,39,60,32
150,98,31,46
255,20,85,255
255,6,89,159
13,54,56,240
52,254,22,70
78,86,18,153
70,99,92,53
81,3,58,4
92,48,146,30
211,4,225,177
189,33,5,78
6,46,2,2
255,255,141,1
209,111,24,65
20,70,141,205
53,20,172,2
176,82,86,105
255,73,13,20
18,33,143,240
255,68,18,56
213,15,197,90
66,255,48,22
30,79,109,81
118,110,11,17
48,255,45,1
171,7,1,176
157,21,57,2
213,65,81,187
91,116,72,191
96,209,255,13
97,2,243,76
22,31,10,36
12,2,143,135
85,255,47,11
89,52,219,130
79,236,7,27
49,17,132,66
209,42,187,114
16,255,255,16
22,158,79,107
159,105,51,36
90,39,72,99
255,21,26,49
255,100,6,146
0,255,71,135
110,54,8,43
24,192,0,255
120,150,9,61
255,0,18,164
9,91,75,255
255,17,217,21
9,255,173,121
255,105,78,229
10,45,157,66
8,17,38,5
20,33,217,2
80,74,16,68
71,255,232,69
35,20,174,75
19,7,106,156
151,23,21,81
121,255,23,197
181,68,255,255
56,255,255,9
63,124,190,25
255,190,255,2
46,7,39,82
52,4,66,61
23,10,50,255
13,23,63,101
163,73,49,25
224,3,255,81
166,230,20,197
120,255,3,0
233,54,186,96
86,212,110,255
29,105,147,255
92,255,19,68
255,26,153,71
93,134,134,205
46,15,8,101
110,56,129,149
3,7,105,48
187,29,255,255
147,57,2,26
127,255,63,135
31,30,23,212
47,128,25,111
255,17,83,255
255,65,104,35
108,95,127,96
40,86,177,255
36,16,77,98
112,255,255,255
105,22,7,42
236,15,224,79
27,255,88,247
255,26,22,4
255,19,9,255
69,107,97,255
93,80,255,46
181,24,65,59
22,56,255,86
44,16,16,214
187,255,28,6
24,77,251,75
59,60,61,140
133,205,255,3
255,24,4,3
14,158,91,173
255,154,110,56
26,255,153,40
255,49,52,1
62,1,26,167
86,7,11,13
255,255,255,135
255,38,154,156
255,53,10,255
255,255,46,66
250,120,75,40
231,33,102,188
31,12,121,255
4,8,255,194
68,60,255,128
255,24,82,107
11,40,70,15
255,17,255,97
2,14,255,44
138,55,56,81
150,26,255,3
93,85,15,208
7,255,7,16
40,11,23,101
228,160,255,183
255,255,255,121
8,17,109,93
230,41,11,90
48,77,32,84
85,70,58,83
255,255,36,52
8,12,125,31
50,21,80,151
113,11,255,129
255,4,46,61
46,35,105,119
12,255,255,56
198,88,255,255
22,72,45,254
37,190,75,4
207,255,255,89
27,56,3,30
61,20,40,53
231,12,115,48
83,156,40,255
55,12,5,96
69,3,26,9
197,23,12,109
91,147,51,255
76,43,227,55
135,35,255,89
37,255,5,14
25,26,7,120
25,116,138,136
170,217,135,110
255,255,111,36
196,136,111,198
255,120,16,86
80,181,72,154
74,26,77,255
41,168,42,33
104,22,86,149
255,76,255,255
60,111,47,66
86,6,48,251
2,16,255,84
255,255,255,120
37,204,12,255
23,25,50,116
93,255,241,31
255,36,3,56
81,176,233,255
13,16,204,93
255,151,97,45
177,166,153,255
3,23,35,113
255,62,117,97
21,19,52,103
255,21,255,11
6,255,37,11
244,73,83,116
4,122,84,174
255,89,237,119
56,227,255,33
5,20,50,225
11,50,100,46
107,255,255,30
6,3,1,102
187,156,138,5
207,20,86,26
18,47,192,255
4,146,65,125
65,0,54,2
163,255,18,16
94,42,240,93
2,98,81,173
133,81,101,69
30,28,158,39
66,166,79,36
26,72,141,7
235,31,255,84
255,100,49,16
34,172,255,67
62,255,23,23
97,30,61,23
255,255,255,8
103,93,76,128
4,188,233,24
255,14,62,227
39,189,16,121
101,1,191,4
255,3,44,59
45,128,10,18
121,26,48,5
255,212,117,145
84,107,133,103
0,255,120,23
255,118,255,64
128,15,45,60
32,139,86,255
24,248,255,255
92,25,206,16
116,121,20,7
111,16,255,50
25,13,255,60
15,114,81,50
20,255,13,8
93,177,78,147
5,52,233,60
197,7,129,16
89,220,31,17
86,171,108,231
2,0,21,32
210,1,50,87
56,255,1,37
34,255,255,21
210,22,94,255
10,144,208,214
135,93,255,74
255,82,255,138
73,147,81,255
255,61,18,43
211,255,43,62
51,99,3,60
89,182,228,57
255,51,11,79
58,84,92,58
181,255,158,105
33,35,156,255
93,158,73,185
20,26,24,49
255,137,41,255
7,8,90,146
64,75,212,255
7,57,99,255
79,45,54,31
29,73,62,43
132,55,51,80
88,18,81,99
94,121,59,126
164,152,3,220
161,24,187,28
255,126,255,206
188,168,36,21
112,57,59,255
155,223,2,173
32,255,79,59
255,219,20,255
109,8,3,1
75,53,88,255
250,4,62,14
190,17,5,92
225,81,173,255
208,255,125,86
80,255,255,195
209,109,235,208
104,18,101,255
169,87,246,194
255,73,19,2
21,90,255,52
104,94,223,74
188,73,30,235
255,14,255,58
67,122,167,73
45,95,98,9
77,66,23,71
126,255,61,37
103,12,84,255
112,125,13,255
18,21,44,187
123,118,20,125
34,0,47,161
23,150,247,26
82,145,19,133
20,200,203,138
255,15,12,94
31,255,39,202
25,209,28,255
134,10,16,42
64,141,41,219
255,98,221,161
46,174,255,178
32,34,66,59
20,220,244,23
255,37,155,248
33,75,30,255
125,196,255,71
34,84,216,134
186,33,70,61
154,255,216,67
53,73,188,59
93,3,68,166
166,255,52,254
59,52,139,43
175,124,47,212
0,255,164,108
13,65,255,26
166,131,255,110
152,12,54,12
255,200,233,255
104,112,255,131
37,107,73,165
229,101,48,9
214,6,104,255
8,88,49,7
132,18,15,33
69,255,255,28
154,232,173,94
154,255,48,108
92,46,127,182
255,243,255,34
132,12,255,181
51,255,145,20
8,104,198,117
153,22,144,255
191,8,53,17
159,2,105,67
71,109,83,216
255,56,67,254
96,15,2,46
5,91,87,2
174,255,242,146
23,30,38,255
255,92,255,195
15,197,125,50
11,111,126,56
10,160,27,119
164,255,255,255
255,106,48,162
172,255,255,9
231,111,56,255
255,255,199,255
44,62,255,2
26,49,149,228
185,203,130,146
65,133,255,177
85,59,143,152
4,51,121,255
118,11,55,217
12,4,188,26
54,3,34,1
255,130,255,20
44,49,255,83
238,170,60,134
208,19,255,255
158,22,20,13
148,62,20,9
31,255,230,55
118,10,16,68
88,22,4,30
42,64,183,244
125,255,125,229
197,33,96,97
0,55,255,255
143,27,40,162
204,255,210,255
233,88,70,99
242,26,84,24
10,255,67,2
178,46,71,181
11,9,32,106
15,48,255,46
179,42,22,156
255,255,73,18
62,61,206,129
240,14,255,82
51,163,50,29
160,40,203,55
94,66,162,32
255,43,17,29
255,69,255,255
255,216,208,15
144,255,49,136
73,66,205,8
6,255,149,7
58,35,255,25
89,163,62,128
24,18,0,3
39,57,56,33
155,20,81,5
181,158,255,38
73,107,255,128
185,2,0,51
153,40,183,10
227,255,140,12
78,4,39,22
92,75,160,22
61,37,126,245
13,1,86,47
113,35,22,38
141,255,235,152
114,243,15,32
117,182,255,251
220,7,80,255
255,161,50,46
66,11,255,145
131,255,102,79
79,255,154,255
91,4,105,3
85,33,222,151
202,173,124,106
21,255,255,205
21,213,255,129
195,154,127,208
42,30,186,41
255,57,49,69
195,72,9,55
49,15,26,34
115,9,34,78
19,5,124,115
52,255,122,9
1,115,171,235
255,30,113,126
255,255,45,135
255,34,192,229
54,255,80,68
137,52,0,168
134,100,83,42
200,49,255,160
91,184,4,255
24,127,69,255
156,218,11,144
146,18,48,155
93,19,137,249
194,60,255,185
68,128,140,40
37,32,13,157
52,75,118,13
116,170,90,184
10,193,243,211
80,169,101,120
150,8,51,33
42,6,12,45
134,255,107,45
77,50,16,142
255,126,44,118
39,36,255,59
113,255,255,150
177,84,252,50
3,177,132,52
19,206,156,28
53,40,41,217
110,255,78,97
88,213,13,241
255,255,22,115
170,25,128,34
146,56,31,77
166,22,59,46
107,25,144,255
107,222,30,206
74,12,55,37
177,60,41,85
54,100,147,255
32,0,15,255
95,255,93,157
92,255,44,220
33,46,7,255
47,159,135,152
133,206,96,75
87,64,38,136
255,82,119,58
99,58,193,64
52,21,25,91
1,89,170,64
17,5,255,16
26,0,240,40
83,91,50,108
97,14,61,67
255,255,29,67
35,127,34,27
45,27,67,29
61,255,108,208
177,16,89,40
30,113,255,127
4,4,45,40
83,162,46,65
196,240,25,47
149,255,255,206
89,129,255,212
117,0,107,16
238,141,255,66
64,4,173,38
155,210,85,255
114,69,55,255
4,208,187,197
102,200,62,255
228,6,4,7
238,39,7,74
125,82,92,132
28,10,112,255
27,255,255,164
44,163,105,129
255,2,97,84
61,24,255,67
46,1,44,5
8,155,22,25
34,255,17,43
62,65,89,188
110,156,6,59
97,165,179,46
94,135,35,71
255,83,255,30
1,15,51,21
30,255,255,65
255,3,246,16
136,62,255,57
10,114,138,54
3,18,14,102
201,95,196,57
255,183,57,52
0,130,26,116
86,160,48,133
30,189,30,45
2,59,63,210
18,30,59,63
21,255,192,225
35,15,56,13
198,108,27,27
47,26,134,139
104,122,71,86
200,119,159,43
255,63,133,2
244,11,202,192
5,206,4,7
141,46,75,116
255,21,18,8
255,40,255,28
5,255,93,255
65,37,11,82
157,68,34,255
49,204,0,7
52,77,185,255
69,221,93,255
5,255,37,206
116,180,247,71
249,244,98,26
43,208,36,38
69,255,121,20
45,255,254,6
174,166,216,255
0,15,48,101
8,5,6,255
255,50,110,43
53,255,215,27
173,14,124,56
255,255,29,255
132,243,2,187
106,126,255,8
243,37,17,7
174,6,94,24
62,238,53,190
255,38,43,144
80,54,28,23
77,213,15,85
169,22,20,26
244,12,255,45
255,151,142,182
102,111,156,48
71,146,48,67
100,38,91,77
84,12,153,134
255,163,255,11
120,215,196,9
76,255,255,76
85,25,255,255
144,138,12,211
73,92,213,17
255,47,113,38
55,134,72,202
115,121,40,156
55,255,121,123
16,134,49,117
255,222,255,124
255,3,81,154
108,139,255,28
255,78,103,14
29,86,255,218
110,201,112,77
227,42,209,10
61,109,57,2
51,205,3,52
41,41,58,255
189,41,112,17
255,244,6,255
226,90,5,199
100,206,255,163
105,9,202,0
107,255,255,34
138,13,7,60
255,29,95,172
220,94,85,13
255,73,100,92
125,255,22,255
150,75,70,45
34,17,255,235
97,255,134,131
156,255,190,174
198,255,140,8
19,163,6,162
29,70,17,13
226,90,255,115
6,4,255,241
25,220,249,229
96,94,147,62
144,255,13,154
65,40,116,34
255,53,36,25
9,19,53,229
73,80,50,195
111,54,22,0
46,1,255,116
40,17,60,226
48,125,12,14
0,78,12,56
22,80,13,5
48,175,121,41
82,147,136,218
255,13,255,16
74,22,91,48
9,13,54,239
40,197,8,110
130,248,73,103
8,103,156,74
77,136,57,151
142,135,4,148
21,87,30,3
255,255,158,143
