f1,f2,f3,f4,f5,f6,f7,f8
201,190,24,224,240,246,227,105
5,45,23,175,127,14,21,9
215,249,116,36,36,106,101,228
62,115,128,187,142,143,106,243
111,178,111,232,70,108,181,75
119,217,251,184,90,202,140,194
13,169,226,170,130,222,23,105
237,169,239,10,76,116,167,177
127,27,177,149,88,58,0,252
134,143,38,225,137,126,68,14
142,171,151,136,185,235,206,113
37,152,15,195,190,225,139,15
40,104,186,180,169,212,132,102
146,220,219,129,188,68,97,130
97,83,176,246,67,186,171,54
117,18,241,174,132,42,39,233
142,93,18,115,57,165,171,48
72,61,125,55,223,180,7,225
26,52,134,91,34,108,143,239
175,149,248,109,132,80,67,255
155,221,49,231,172,158,104,36
122,156,163,221,52,195,152,120
35,134,195,193,154,75,62,177
158,118,133,76,152,21,189,207
201,109,202,30,168,88,151,89
189,153,97,94,190,120,17,32
132,54,203,177,40,147,106,133
129,209,194,117,196,196,121,176
145,169,115,106,130,39,100,126
85,171,231,48,84,63,172,134
109,90,146,182,103,112,170,150
73,38,247,110,13,243,74,27
210,58,146,226,29,126,173,116
57,51,123,178,166,6,111,250
156,209,234,156,44,184,167,107
15,226,157,200,30,20,77,120
24,147,241,26,154,104,206,72
124,242,94,23,126,154,3,42
98,200,184,36,160,182,170,29
24,57,168,172,3,26,202,129
47,211,8,197,122,232,70,160
68,67,50,224,10,134,2,84
223,36,46,173,123,197,148,6
110,147,92,141,123,133,80,158
162,157,38,240,189,139,4,44
206,165,199,48,13,99,199,23
154,75,57,231,171,204,169,202
163,32,27,198,90,179,198,157
75,211,42,187,87,211,39,177
148,222,222,143,97,115,51,31
5,52,28,233,163,51,118,149
165,180,165,129,156,161,219,182
136,236,142,94,223,128,157,153
41,144,96,63,232,32,24,180
28,232,149,99,99,73,230,103
58,235,131,160,191,11,12,95
202,0,159,30,131,0,9,38
22,52,189,155,117,10,69,82
234,181,90,25,44,204,130,115
2,159,242,175,87,7,246,5
126,110,58,158,127,61,166,231
164,196,70,210,69,69,33,126
44,185,188,205,157,169,133,7
7,176,18,18,212,226,232,69
71,183,44,149,242,198,123,161
4,81,195,197,83,156,17,244
173,251,110,90,150,72,193,41
221,113,249,234,76,180,10,140
58,92,203,47,248,192,203,91
184,114,65,15,103,143,136,252
39,105,228,231,56,219,139,150
190,31,150,223,177,254,98,26
173,176,247,22,5,29,175,107
29,153,49,222,99,96,148,4
59,0,204,249,115,153,39,35
0,254,4,169,186,26,197,11
134,22,103,52,12,253,119,23
29,22,20,110,254,193,197,107
19,102,40,114,174,242,93,255
207,226,114,221,235,16,251,130
30,238,55,67,195,187,80,245
217,229,14,4,24,190,91,122
175,63,106,139,103,190,87,102
197,70,253,87,239,47,206,153
47,49,202,50,118,46,124,6
14,142,99,82,129,79,189,17
92,245,221,167,136,17,224,7
187,183,91,222,152,229,88,218
229,77,153,232,84,188,131,80
251,168,83,79,233,30,237,217
67,61,145,143,147,94,87,224
15,4,228,112,242,81,65,244
40,247,205,197,164,17,13,181
3,234,118,125,40,108,141,228
155,179,80,246,33,223,189,127
134,120,68,92,242,14,96,116
194,66,155,7,216,162,225,42
83,0,29,173,115,204,137,3
79,95,23,82,81,13,241,180
50,137,54,209,133,57,202,243
232,128,94,154,76,245,107,244
155,243,181,58,65,172,33,115
160,153,229,172,159,96,98,191
82,178,47,125,153,210,184,212
229,52,250,104,101,246,243,219
155,176,222,13,183,102,124,16
100,235,252,186,228,54,164,80
103,150,26,252,54,231,108,192
27,26,247,172,226,107,147,175
97,63,154,158,192,113,95,36
119,73,63,129,130,203,105,152
192,16,181,246,227,194,194,116
153,69,51,1,172,135,1,167
175,249,252,167,249,98,6,185
175,202,71,213,206,252,130,248
61,114,239,248,125,110,113,231
214,169,151,141,177,211,234,123
156,85,1,205,130,225,114,3
187,82,147,51,157,150,47,172
12,228,97,75,56,158,63,15
13,249,157,55,88,171,178,160
135,203,52,94,4,241,6,220
186,151,67,248,175,52,29,238
154,106,51,56,75,201,98,30
166,226,21,243,255,215,104,248
49,158,218,182,88,227,14,70
231,77,175,127,170,193,87,25
103,47,94,1,53,200,1,111
67,151,255,161,218,69,98,103
18,141,10,68,113,24,96,162
84,195,159,237,121,55,194,36
228,212,31,218,172,46,17,137
14,125,104,168,137,60,254,239
225,245,73,103,209,252,6,179
241,6,224,238,209,128,174,225
136,221,200,75,27,133,153,146
82,149,104,38,144,139,96,23
22,148,236,157,200,238,227,219
134,179,181,255,234,50,36,171
181,34,164,187,109,52,214,26
186,243,53,59,133,96,59,15
201,216,114,210,210,7,146,10
18,178,153,24,208,249,22,193
56,189,156,200,46,20,157,201
168,104,34,181,221,250,235,218
234,22,221,147,106,57,189,58
39,33,166,7,199,222,148,172
74,59,153,71,140,123,103,243
99,106,255,164,19,221,168,30
169,85,246,66,209,9,169,42
185,201,8,153,165,67,30,170
125,231,42,11,242,116,114,251
142,89,240,203,203,44,241,202
225,220,81,200,47,28,92,134
57,148,198,192,6,99,98,199
198,225,25,129,229,238,65,198
178,221,135,103,199,211,91,104
22,142,128,16,186,29,6,161
185,193,49,169,67,170,106,76
80,230,221,12,210,239,126,71
110,56,82,48,91,153,117,116
105,166,147,93,78,110,199,16
97,189,107,89,126,54,118,119
30,238,47,161,201,248,15,80
196,80,54,48,154,33,100,80
150,137,170,228,232,174,121,233
19,201,95,251,34,215,123,118
210,123,150,223,171,53,1,181
235,19,60,223,240,214,191,138
176,253,141,97,189,45,233,253
201,144,75,4,170,12,146,254
164,245,134,213,21,255,174,219
238,49,103,225,243,124,152,26
84,112,126,77,11,175,176,219
98,17,161,136,134,155,234,25
30,44,116,184,236,126,189,8
8,108,186,98,99,181,187,236
203,204,119,129,93,131,54,186
163,165,111,215,223,20,18,4
0,235,56,35,112,250,213,40
74,241,161,196,73,253,55,107
180,198,17,242,94,15,125,77
71,201,199,126,239,23,127,174
105,246,44,198,4,4,4,89
200,190,240,110,177,15,164,82
2,73,90,64,208,106,86,130
70,81,6,144,127,232,90,174
35,114,195,203,229,34,194,66
199,242,172,215,195,50,159,234
44,186,139,125,29,77,179,247
136,122,181,248,221,241,197,182
15,94,209,138,78,173,133,53
28,217,77,101,220,73,134,235
68,17,124,186,145,47,86,163
121,66,178,23,101,124,105,227
93,43,20,121,81,114,100,226
108,121,89,131,216,253,150,4
87,6,13,73,218,75,140,112
75,176,111,154,110,216,174,193
210,206,59,0,87,64,13,83
244,43,1,157,219,140,5,46
93,14,25,240,119,235,20,154
102,187,189,23,151,196,94,74
95,222,165,135,97,218,252,3
252,215,229,80,128,13,20,75
34,15,111,127,150,32,126,106
117,229,232,50,236,148,55,66
254,93,119,238,255,174,71,231
121,236,141,92,80,57,165,236
78,9,78,97,138,81,32,46
255,180,17,98,140,178,149,90
169,64,201,186,74,116,127,128
30,238,219,145,35,255,191,34
174,225,27,216,42,213,131,73
164,172,91,94,60,182,85,62
216,233,168,191,126,211,48,34
16,185,96,226,213,201,136,87
100,191,243,112,113,99,143,78
45,154,117,160,21,229,160,215
144,166,86,206,125,73,161,229
146,168,138,223,7,221,212,155
106,219,82,236,15,111,184,32
197,198,140,39,210,125,44,95
61,121,16,13,139,166,14,19
243,135,196,98,241,255,147,251
87,63,53,179,25,155,17,107
30,41,242,247,90,143,130,98
59,11,231,55,18,218,149,239
153,87,44,240,158,109,34,183
86,169,221,97,108,161,140,173
49,2,140,136,7,204,191,66
36,238,44,117,203,19,253,169
43,192,93,248,153,25,231,54
161,23,213,189,2,122,2,22
169,203,136,8,247,26,168,63
199,217,92,36,132,103,222,14
44,126,45,1,47,4,104,13
62,119,38,93,38,62,30,38
237,25,194,213,2,80,139,73
64,156,201,157,120,99,34,174
208,72,230,33,91,210,169,162
90,73,207,156,177,170,67,114
204,217,185,106,17,138,144,107
241,99,71,105,117,184,149,84
132,121,51,146,27,171,190,186
186,163,169,61,4,20,74,42
221,119,203,19,80,255,252,153
71,6,175,204,12,92,139,118
191,43,6,165,102,39,121,187
134,33,228,156,142,186,53,139
130,25,15,149,53,8,94,192
114,227,51,43,154,132,171,77
244,152,104,216,88,104,221,176
75,247,46,214,123,208,98,116
144,204,151,183,6,191,204,94
17,70,223,79,67,116,165,166
49,211,141,96,157,246,71,204
81,93,91,188,217,97,222,9
159,4,170,76,186,152,178,106
106,251,63,173,15,232,197,54
164,199,186,210,217,102,148,244
49,156,247,117,122,142,17,216
62,214,250,2,184,116,91,109
86,252,59,140,245,105,143,63
141,229,196,161,2,59,64,144
219,147,156,223,26,139,254,201
213,142,201,241,174,251,118,121
246,136,204,254,86,88,172,140
84,89,70,251,130,28,53,225
121,107,38,61,80,83,196,246
148,4,46,237,77,50,86,119
34,48,117,177,98,58,95,5
186,231,181,185,247,120,247,174
52,158,0,164,132,160,39,185
227,119,215,191,196,50,80,18
57,160,164,26,122,111,177,194
59,5,18,29,149,13,196,64
201,202,156,196,240,117,61,207
252,24,225,28,102,4,163,39
66,223,145,150,97,38,92,248
190,80,47,73,132,84,146,228
139,26,105,152,187,5,191,14
95,132,97,104,69,108,57,36
132,178,247,91,223,59,243,191
5,218,74,237,195,32,154,211
223,77,19,249,167,13,212,28
4,61,168,137,171,68,70,102
210,107,4,102,131,76,1,126
81,219,195,213,109,61,247,225
55,181,8,74,35,128,213,142
106,175,136,74,145,37,188,22
235,188,251,154,239,55,243,158
131,50,205,91,160,164,25,144
78,191,205,133,231,120,218,97
198,96,102,158,32,119,50,31
237,241,145,28,69,69,180,218
10,57,52,54,165,84,57,126
82,124,169,128,14,9,5,42
240,49,45,126,30,245,149,151
159,72,225,184,30,237,209,254
139,158,83,22,39,8,248,248
2,220,181,150,134,182,239,190
69,249,98,179,71,254,127,56
225,189,86,192,169,237,247,79
147,216,233,38,67,143,203,224
210,26,236,241,234,187,54,245
195,255,248,163,211,186,57,69
118,180,69,6,95,35,190,195
113,127,21,87,41,0,168,164
233,49,57,221,238,102,165,38
143,231,1,193,172,118,118,178
247,254,133,14,144,106,101,173
248,157,142,58,184,251,198,117
142,41,131,194,68,115,173,3
19,24,73,76,45,81,128,14
106,177,192,37,83,203,98,52
39,226,225,101,53,54,98,244
17,38,29,12,150,172,81,116
226,196,95,116,215,121,5,85
64,234,128,40,7,235,190,21
188,142,219,136,5,141,11,134
27,149,37,165,161,249,207,197
229,211,218,54,177,11,93,127
97,118,241,159,86,22,76,70
198,90,135,87,143,155,83,236
249,92,14,181,156,162,70,46
34,117,240,172,170,99,36,182
241,218,248,250,14,217,163,172
226,101,34,120,22,97,180,135
89,197,45,57,196,34,174,61
110,53,27,167,187,70,143,89
49,68,176,139,229,187,104,125
144,132,69,137,139,42,58,118
164,241,74,57,116,61,219,146
244,63,202,92,189,180,55,30
170,29,67,111,86,3,170,59
229,2,245,188,57,227,24,49
95,235,254,52,250,184,31,9
172,159,131,147,204,72,32,212
123,114,0,19,34,172,93,10
188,224,151,109,57,170,188,6
41,42,58,133,24,253,58,195
221,73,19,73,17,203,27,234
37,142,5,129,141,29,142,178
17,101,216,65,78,238,176,123
39,29,67,76,71,60,44,137
99,219,164,184,141,97,248,240
144,10,252,132,142,134,21,74
15,28,52,179,174,98,225,203
212,85,73,189,176,145,216,90
35,88,2,0,134,172,28,60
39,115,104,115,20,137,151,70
99,46,132,216,146,118,213,7
61,15,22,119,246,219,118,0
225,10,24,185,172,56,159,169
248,62,218,251,67,195,150,140
19,146,40,248,64,219,123,154
111,179,241,176,23,247,38,254
137,243,242,105,94,248,238,73
246,209,75,168,193,88,87,51
62,127,231,31,198,122,50,179
162,94,35,194,34,86,139,251
102,25,62,219,236,237,178,244
216,33,110,104,126,119,217,54
227,89,13,168,106,165,5,201
179,9,66,206,146,105,138,70
228,134,29,89,137,54,245,42
151,173,40,70,120,48,182,220
188,212,223,88,238,79,176,173
133,109,195,192,209,79,238,134
143,68,218,75,197,89,73,7
252,243,129,107,245,136,21,5
72,152,185,55,78,228,120,23
231,115,105,6,190,120,192,8
115,183,61,199,88,255,216,49
58,194,80,153,173,211,33,223
203,182,62,249,186,148,43,140
145,217,36,59,48,6,170,21
197,234,235,159,104,192,116,135
219,101,179,170,214,241,110,199
187,220,180,171,122,17,152,110
115,127,200,65,147,42,185,247
120,223,70,63,93,194,28,236
49,45,196,253,54,18,127,144
89,179,139,139,255,209,176,12
43,185,41,160,204,143,235,25
151,215,198,213,226,101,100,188
17,237,100,177,173,210,89,209
139,67,102,76,75,178,69,100
97,45,198,119,150,69,180,228
129,220,182,159,72,0,59,6
206,29,76,129,132,2,24,17
22,170,222,2,7,51,248,186
23,54,160,105,142,240,92,16
108,188,46,93,78,241,233,139
103,224,24,197,146,22,213,138
24,103,218,47,72,12,165,250
175,85,42,132,171,224,39,194
32,40,108,72,92,165,147,202
154,24,148,242,54,227,143,81
227,65,51,94,233,98,0,194
174,243,12,230,180,197,146,161
35,244,4,68,72,201,199,27
79,152,184,137,143,161,240,107
156,62,151,35,214,148,7,38
151,155,203,231,205,73,43,42
70,13,174,200,249,19,45,157
240,145,19,172,26,151,71,218
229,165,120,29,217,223,142,30
233,98,119,8,247,194,195,227
14,87,105,17,217,192,105,106
41,254,197,199,123,251,216,248
144,100,47,75,193,99,244,130
167,133,92,66,234,228,158,27
230,117,64,247,93,33,17,112
11,110,7,33,241,251,148,209
130,188,201,188,35,28,170,245
51,223,131,188,17,193,197,196
39,189,154,134,159,74,144,7
19,189,44,38,40,204,158,126
168,75,156,58,94,161,16,179
168,131,217,175,179,204,95,240
212,78,162,61,142,58,191,86
1,225,85,44,151,22,241,223
114,81,111,144,68,223,155,84
29,26,178,65,243,242,25,91
235,160,92,143,237,93,40,124
92,237,249,190,75,72,18,47
28,120,229,229,127,120,197,78
131,134,170,229,93,197,160,137
27,31,213,127,190,2,63,164
70,223,213,188,116,252,131,24
185,129,74,25,184,118,147,81
22,228,50,49,56,161,218,132
103,18,148,138,212,229,210,26
210,63,46,143,45,131,88,89
20,243,215,121,129,13,253,244
179,80,189,197,182,153,70,70
4,20,247,62,213,167,103,32
174,154,53,57,2,198,249,184
23,118,36,8,79,119,42,204
59,76,20,73,171,39,97,22
72,212,91,183,190,48,240,26
14,220,12,252,63,198,130,120
167,180,227,101,224,106,243,110
20,133,41,39,235,4,253,74
132,169,19,38,120,4,187,50
156,94,120,36,103,205,33,121
43,183,174,55,103,157,172,99
38,147,139,104,24,207,11,68
247,57,178,100,87,179,27,52
158,220,161,167,122,23,4,80
121,201,120,211,173,117,100,120
82,135,225,145,4,249,32,106
64,29,126,133,181,250,126,60
179,255,109,230,150,224,115,35
51,20,28,162,97,170,64,240
55,191,247,34,205,175,31,208
43,121,178,226,149,170,176,29
141,201,96,171,250,230,132,160
62,66,44,171,254,182,136,138
163,141,133,137,232,108,45,49
218,173,202,212,179,235,182,198
153,64,175,62,52,188,193,123
223,75,129,93,79,176,196,52
14,84,240,246,155,222,252,130
114,203,96,170,174,44,169,190
11,3,141,233,77,121,118,43
51,66,85,27,38,118,34,118
2,13,56,113,144,177,163,22
144,232,47,193,179,203,19,87
232,184,51,1,73,203,8,159
145,78,16,176,203,166,226,84
10,199,122,163,21,181,105,137
8,176,41,7,201,169,255,216
221,104,59,112,205,131,40,38
134,140,131,107,199,185,6,115
115,0,107,202,21,195,249,126
15,35,214,82,243,74,247,245
30,203,186,215,53,58,241,54
235,79,146,19,214,194,114,141
37,85,122,219,217,108,69,111
62,110,212,194,116,39,224,120
93,49,208,249,104,141,168,144
124,248,155,151,118,74,227,199
251,80,203,85,226,244,118,117
128,178,184,78,250,154,251,161
108,43,30,115,216,179,118,233
138,71,160,233,113,208,54,31
203,246,15,170,32,134,175,145
231,250,154,89,35,221,231,147
52,110,200,93,187,161,252,162
246,208,44,105,173,210,222,43
151,201,84,13,68,179,28,221
246,196,214,84,214,212,86,201
146,39,163,185,149,138,143,11
111,33,93,66,49,3,160,202
53,110,238,12,5,35,107,41
108,179,115,119,77,3,161,4
244,35,138,99,77,195,141,137
72,4,51,143,203,167,248,4
185,56,109,47,135,57,197,145
197,76,244,210,59,202,80,89
123,189,217,16,233,74,74,149
143,126,52,150,153,203,145,222
44,49,177,131,161,182,133,1
252,140,191,214,185,243,96,160
84,97,209,133,144,195,53,240
236,55,248,21,220,199,33,233
148,102,47,211,149,8,191,210
0,153,41,18,120,83,193,9
197,108,162,150,227,132,79,105
86,143,48,60,31,83,143,231
229,90,30,42,203,38,40,67
125,93,236,103,60,138,126,236
73,59,65,228,3,0,222,228
224,254,155,103,22,29,45,31
203,168,26,193,89,16,103,77
81,75,65,224,56,77,124,242
103,109,245,42,43,98,81,75
55,231,143,168,119,163,182,203
27,129,218,14,40,228,101,201
225,145,76,142,120,196,198,223
249,204,75,204,176,27,33,11
176,160,239,181,78,255,38,194
40,169,29,97,179,196,101,39
100,10,144,28,168,18,55,77
160,229,147,165,57,73,104,108
115,29,197,204,248,98,103,61
239,117,174,192,74,241,35,77
153,200,245,61,188,187,30,38
214,163,208,115,203,39,187,235
47,234,160,241,233,150,100,41
138,249,30,8,109,94,232,132
0,255,241,118,62,108,90,6
83,71,121,190,118,78,148,27
169,129,185,252,147,74,152,17
174,131,180,96,19,249,38,13
199,209,245,57,2,5,11,255
174,255,22,38,157,253,255,0
125,192,159,248,245,26,228,224
52,246,202,153,178,36,240,114
135,248,196,116,199,220,23,41
65,195,233,220,6,50,209,185
169,133,162,137,207,166,82,240
118,211,58,32,139,153,189,117
157,136,116,76,237,6,236,169
23,198,133,5,208,86,243,43
186,176,239,114,180,121,22,52
205,214,34,49,241,103,120,180
27,253,179,95,110,93,195,58
28,158,112,88,80,92,247,159
163,20,217,90,224,122,141,70
255,32,183,151,209,85,31,192
243,106,19,192,15,204,23,206
240,213,116,173,221,159,103,244
173,188,93,176,156,5,5,230
132,120,89,8,78,44,245,108
192,176,228,144,222,182,215,135
141,140,172,127,0,171,235,215
78,104,149,32,75,242,110,187
186,128,124,74,210,118,74,95
235,84,159,93,169,152,176,68
96,199,76,33,200,47,106,15
200,211,65,176,42,214,97,88
117,253,189,46,143,238,77,221
192,51,218,174,166,192,21,156
118,42,210,211,192,20,29,207
182,72,140,241,94,207,52,118
90,22,129,0,6,95,178,44
147,235,219,211,143,82,77,153
221,134,53,250,212,51,168,99
104,167,159,107,31,182,97,146
141,162,190,12,41,196,231,199
36,194,228,27,49,186,164,100
45,61,239,31,182,104,189,168
160,89,12,116,18,234,176,46
127,223,2,55,201,32,164,240
47,34,39,52,179,219,57,206
75,240,64,230,22,182,90,206
62,116,165,78,92,179,105,92
169,204,171,58,247,198,100,222
21,208,128,127,36,21,77,224
37,3,182,131,98,141,102,23
175,113,241,50,53,121,176,158
192,215,38,57,100,14,53,156
35,36,193,230,154,65,254,152
131,37,10,100,5,226,69,173
243,221,62,236,216,175,200,155
23,75,41,95,179,125,119,128
248,210,228,178,58,150,95,132
93,149,225,15,197,215,114,34
26,110,74,66,32,29,35,3
183,16,113,109,200,172,227,239
52,107,222,146,55,178,215,91
41,168,18,231,111,43,130,86
237,95,3,153,201,0,82,85
3,57,241,13,72,61,168,175
197,226,135,33,116,157,216,127
62,221,54,217,115,10,24,89
235,34,151,67,235,85,60,185
88,128,64,134,53,57,139,65
119,151,249,141,247,84,48,167
119,201,160,100,241,93,36,87
161,237,9,32,142,77,132,199
168,221,249,14,151,87,198,199
161,95,221,254,54,146,239,99
44,87,94,101,64,78,62,4
70,243,155,145,244,249,163,91
19,110,73,70,79,170,193,18
25,174,16,19,117,45,105,164
17,73,69,139,216,178,114,4
220,113,104,86,117,36,27,107
216,17,51,9,91,20,96,77
100,38,205,148,209,56,73,101
159,96,191,120,19,227,20,154
208,30,28,170,118,15,112,243
147,187,135,242,140,189,222,87
42,244,150,129,236,119,63,49
197,88,227,147,81,235,184,83
227,1,245,13,210,187,205,86
186,36,208,255,222,137,40,138
229,8,244,71,250,4,223,77
134,217,27,102,233,254,8,62
206,248,149,142,73,74,125,79
254,92,76,194,173,110,222,231
51,14,112,9,104,111,222,167
183,67,83,230,130,227,229,129
185,35,129,18,252,140,12,244
121,83,88,71,77,122,154,249
168,218,116,60,20,31,56,57
52,248,183,78,106,190,176,99
164,115,200,81,101,90,237,191
86,189,57,35,198,47,63,60
119,111,148,66,214,248,6,71
9,140,162,133,25,10,236,139
61,160,209,74,214,222,1,132
81,50,20,87,251,247,141,83
10,195,74,235,151,216,222,162
156,118,142,29,131,230,3,246
161,144,54,163,219,65,31,157
205,219,26,126,188,151,226,16
177,163,213,102,128,129,169,124
38,151,158,172,52,31,9,189
110,255,98,169,149,99,117,126
171,226,77,94,126,168,13,251
148,21,118,212,242,156,35,220
34,77,58,83,240,103,233,194
146,62,69,166,92,234,216,127
23,244,255,11,46,33,5,252
66,238,68,103,140,109,233,88
10,230,141,55,217,220,237,238
72,195,179,186,137,172,19,251
0,51,166,5,241,217,191,177
227,40,22,176,172,66,251,106
216,61,97,192,237,26,187,158
106,238,84,211,98,47,144,107
77,82,197,179,198,145,88,230
90,216,69,55,14,104,24,33
194,250,75,184,209,119,79,237
200,113,102,188,99,191,4,29
82,81,219,151,9,86,8,143
35,15,42,3,222,87,176,89
15,98,44,197,169,244,70,50
228,195,186,30,90,151,192,81
125,94,96,251,131,239,241,59
196,201,45,63,250,12,87,92
80,64,153,202,155,200,5,114
184,79,184,201,10,143,14,237
170,100,74,124,220,109,4,93
160,42,193,240,40,150,144,205
111,220,171,35,158,155,150,28
75,212,63,107,9,161,91,125
134,147,250,101,72,119,43,86
28,194,225,164,232,255,251,245
97,69,153,50,19,155,14,153
53,186,90,73,33,119,69,94
154,18,38,109,11,93,35,141
181,67,35,200,49,230,255,254
61,180,230,104,247,148,253,142
90,192,212,212,161,14,237,193
28,27,19,86,241,3,83,22
118,59,12,114,209,75,104,216
206,159,223,246,94,140,69,24
190,183,29,229,109,231,234,196
249,79,107,93,54,210,195,34
61,105,253,246,115,153,105,117
78,230,145,2,34,205,135,128
164,21,127,173,11,77,94,250
18,47,250,176,139,186,228,247
140,40,111,45,135,230,107,95
103,67,133,75,58,40,180,196
51,182,240,99,158,5,183,124
42,122,163,137,179,203,34,222
173,94,100,125,164,15,40,51
173,223,91,127,184,88,156,199
12,199,34,100,170,209,102,244
82,212,176,151,29,173,243,216
162,61,154,42,159,139,239,7
55,249,204,239,166,66,164,16
92,131,175,69,39,81,252,153
11,127,159,219,114,59,244,128
62,184,45,137,68,61,158,234
187,217,134,195,213,76,218,44
253,99,57,220,234,201,201,152
170,182,142,172,157,150,147,71
149,130,63,68,185,254,90,85
159,246,65,114,95,50,63,164
93,70,181,220,7,19,27,154
150,12,199,217,90,139,123,106
69,150,29,241,69,8,74,217
173,87,242,121,104,112,180,227
203,3,14,168,54,66,227,18
113,47,211,188,48,12,239,174
97,79,66,240,231,78,110,247
246,81,219,88,68,215,151,15
165,252,22,52,166,118,255,110
4,61,25,131,154,199,51,177
107,110,165,217,50,193,77,213
227,207,54,179,4,233,246,131
89,92,173,183,109,221,241,44
100,145,76,94,149,210,98,109
54,73,104,97,128,230,35,216
217,247,203,254,172,144,33,66
61,195,94,213,171,211,6,148
206,110,248,232,191,136,243,207
49,202,90,67,164,82,137,150
103,206,210,164,40,229,0,71
252,48,79,96,91,223,43,138
121,92,225,135,126,133,179,69
100,71,187,67,220,124,195,211
46,227,242,173,183,67,73,180
212,87,152,209,95,141,135,127
121,207,186,240,140,101,22,96
211,157,53,112,144,181,178,240
146,26,102,64,113,91,110,162
216,146,31,31,50,148,1,176
121,159,232,203,255,67,70,203
46,219,37,24,123,190,206,251
88,127,197,190,116,40,142,237
71,28,93,244,204,30,83,28
35,36,218,132,141,90,71,91
66,51,93,22,163,74,212,122
16,68,70,225,75,203,49,204
83,212,213,37,223,101,107,172
7,11,76,255,31,76,24,167
44,34,79,158,6,216,116,8
26,28,144,77,121,239,65,213
179,118,132,230,120,4,76,16
107,244,2,184,128,241,75,36
227,94,245,167,228,239,112,37
93,37,201,156,177,58,8,166
214,241,81,221,204,50,73,137
149,146,85,73,19,168,147,8
238,215,154,15,207,41,203,135
89,228,155,41,15,179,98,201
197,147,84,14,241,9,220,49
100,12,29,133,50,174,226,102
183,27,116,214,134,222,196,34
156,132,126,68,57,31,57,194
116,184,151,200,22,172,203,132
151,141,73,68,83,52,213,53
49,28,84,98,223,41,200,87
196,218,33,36,92,51,71,38
84,154,161,121,240,233,91,225
215,67,75,239,216,136,186,88
48,125,134,168,211,66,13,184
175,187,59,229,255,205,37,27
226,158,145,58,78,208,21,31
182,12,115,98,188,154,121,71
134,80,131,5,228,200,79,198
16,214,64,130,254,129,239,48
118,167,175,0,36,185,81,190
224,93,165,88,70,97,120,246
216,181,125,195,190,238,12,55
224,104,199,250,155,188,203,156
58,16,114,232,213,30,71,159
27,250,223,158,0,132,210,128
17,107,111,173,92,113,250,161
92,79,187,79,237,43,26,66
215,233,76,47,127,201,152,51
254,210,200,202,99,46,183,99
88,97,164,67,200,99,34,141
69,247,176,58,86,165,60,5
110,37,76,229,142,47,146,250
57,13,161,37,129,30,113,217
213,229,86,184,105,7,97,72
16,205,58,88,60,175,117,122
118,65,47,31,37,17,216,208
200,55,145,91,104,176,54,156
139,120,88,41,240,69,42,77
172,193,194,140,86,189,152,166
58,56,58,46,168,68,235,126
39,40,205,148,175,50,102,25
1,157,66,23,6,179,32,245
119,53,156,83,33,84,215,128
77,151,131,84,132,50,176,84
242,8,63,44,30,175,214,24
131,153,234,43,10,80,53,39
152,235,61,199,190,102,70,118
129,199,58,31,254,242,243,126
178,48,103,91,235,177,157,241
212,208,36,155,123,218,72,121
201,176,17,196,238,70,125,85
33,142,8,121,47,176,86,116
32,167,245,39,46,180,190,28
236,242,115,9,220,53,107,67
217,18,236,178,186,9,55,53
105,173,69,204,199,221,37,81
158,178,46,159,193,172,148,154
168,119,97,33,29,215,160,176
157,208,205,98,90,150,122,25
249,144,252,169,182,111,17,81
80,76,216,194,161,206,163,23
235,173,205,174,23,95,37,90
211,55,253,116,178,146,8,120
166,179,80,180,90,85,46,138
81,143,210,21,146,87,11,136
245,248,20,80,102,107,147,66
12,33,110,109,8,46,84,168
218,60,171,227,252,50,122,237
128,40,211,56,143,8,42,163
236,67,4,241,86,204,192,25
63,146,15,18,185,74,134,84
150,25,44,60,121,65,108,141
80,195,88,29,244,150,94,41
199,121,106,140,98,185,79,151
85,142,93,222,57,162,187,34
182,153,72,4,113,86,163,6
227,63,118,50,251,158,36,149
211,85,206,109,211,89,247,88
40,133,8,213,50,140,39,243
125,104,212,167,119,110,206,133
147,24,153,82,134,253,80,9
238,230,192,29,143,140,46,225
161,118,120,234,81,12,40,101
109,10,90,188,234,202,107,78
5,70,146,234,232,147,121,219
23,143,108,67,221,89,21,14
152,158,184,167,208,219,39,10
175,188,68,181,50,108,139,162
149,122,178,62,42,88,232,252
132,95,113,200,169,49,33,200
204,98,51,112,62,234,157,73
27,161,118,179,80,33,104,252
80,230,233,9,42,185,229,224
106,160,173,87,14,234,244,237
21,162,111,56,213,87,144,235
162,42,165,23,69,145,249,1
106,206,227,184,225,27,114,74
190,237,53,223,190,152,26,133
105,79,192,165,73,241,245,47
248,216,213,230,92,18,246,43
217,28,147,240,242,100,15,216
167,101,114,243,105,38,203,238
188,80,200,19,85,85,122,75
61,16,225,7,234,114,128,92
52,134,72,126,188,137,2,2
118,145,165,172,166,72,210,33
49,58,83,236,116,208,245,80
134,254,234,73,216,162,189,7
248,185,131,38,193,79,69,232
105,232,162,172,156,106,250,76
221,186,215,113,135,109,171,218
125,21,83,77,182,177,240,188
126,15,115,128,68,56,212,167
90,163,135,242,101,128,239,113
89,149,166,230,125,23,27,165
23,182,60,145,51,151,44,201
166,188,60,191,0,201,173,183
59,247,252,57,54,78,81,143
28,149,124,86,188,204,167,165
227,81,241,115,109,68,56,22
139,27,9,173,169,160,5,157
218,28,126,121,244,151,78,53
21,31,23,210,2,38,23,4
101,128,135,19,4,118,14,181
217,104,115,46,170,232,88,88
20,184,25,252,255,207,26,255
239,236,253,157,194,29,179,97
106,152,249,211,14,163,232,40
193,49,95,120,51,27,112,100
72,112,185,45,88,141,125,140
55,209,46,192,24,163,221,75
38,26,111,183,102,240,64,1
45,59,186,22,230,151,161,227
115,0,152,81,158,159,185,174
5,15,67,85,190,37,90,82
203,234,34,97,78,0,194,118
162,112,41,248,4,88,189,17
253,188,217,121,242,63,219,158
97,73,56,212,251,17,197,94
234,30,96,23,176,61,166,1
90,118,98,2,51,145,2,155
115,134,230,22,11,219,60,153
230,194,93,39,242,97,87,192
66,251,63,155,97,239,230,186
23,138,184,120,209,247,234,152
224,110,148,152,161,30,33,68
151,79,57,18,76,61,72,211
62,184,100,51,100,77,244,142
152,170,38,173,200,247,60,123
30,189,170,35,78,83,133,10
244,218,13,89,204,80,49,126
147,93,37,43,239,164,93,136
251,15,227,128,237,177,61,205
183,26,90,35,85,118,55,58
197,218,3,249,153,149,254,185
120,171,175,203,213,49,57,56
177,167,112,196,168,160,247,75
203,49,149,119,35,234,144,253
110,252,157,200,83,19,186,245
45,184,164,58,21,234,218,85
173,227,210,151,143,128,234,181
227,209,187,158,130,253,245,74
48,231,206,226,170,94,60,155
53,172,171,101,125,127,148,197
12,87,163,239,129,156,45,207
78,26,217,90,77,40,165,165
23,140,54,231,155,203,230,175
157,182,4,80,224,65,45,156
1,32,90,90,164,171,41,74
210,194,28,186,80,60,220,16
161,240,26,227,128,59,130,221
73,205,74,171,169,222,164,105
98,69,102,176,139,247,198,228
161,252,108,163,71,2,75,25
21,147,91,195,222,181,43,131
82,123,246,26,35,126,238,188
154,156,238,26,149,105,31,129
106,184,122,187,237,152,27,35
189,237,118,106,32,109,133,61
228,109,95,158,114,62,90,32
161,90,77,126,86,228,187,190
76,99,186,71,243,145,196,153
219,128,190,148,82,129,3,32
230,177,182,157,133,68,26,250
149,88,27,98,12,130,181,145
77,138,185,111,213,47,195,102
203,72,74,124,214,178,160,227
141,53,247,129,80,174,225,42
74,133,223,7,194,44,209,89
207,174,111,12,228,142,54,128
193,117,154,1,182,57,128,144
63,158,139,42,59,110,133,230
3,210,179,159,58,2,132,143
31,29,188,102,103,47,11,108
60,140,82,28,251,146,231,135
174,170,191,159,203,97,26,147
43,50,21,39,226,131,27,198
201,204,248,221,145,89,82,198
12,137,159,238,233,237,202,233
12,236,159,245,173,184,26,127
14,216,54,93,125,8,105,152
157,25,142,108,67,84,55,90
149,182,53,164,117,63,111,236
116,119,254,4,53,100,166,100
185,123,23,46,183,227,245,92
195,18,11,224,41,205,212,127
128,166,112,86,39,34,126,62
159,243,198,167,77,246,69,219
195,70,218,210,29,36,248,238
166,51,142,45,240,207,198,69
211,133,247,75,14,207,0,46
171,117,3,128,64,154,125,214
159,41,4,245,172,159,198,151
28,86,116,19,95,92,179,198
53,192,212,157,81,191,233,251
228,218,104,26,72,208,15,7
192,101,155,204,53,221,90,13
100,173,252,206,170,49,239,28
238,48,191,230,169,128,228,161
120,217,92,213,19,11,240,216
232,46,222,15,219,88,239,79
136,104,127,153,187,156,195,108
18,130,58,249,132,87,221,60
231,216,0,83,46,24,17,92
124,39,218,87,203,85,253,219
153,23,15,121,68,156,111,179
9,165,79,226,178,202,16,86
71,237,66,236,50,230,91,99
68,227,61,244,120,77,124,98
160,110,225,98,107,67,102,89
30,170,69,225,108,178,40,21
168,45,116,51,89,127,130,150
89,220,68,207,34,252,43,230
168,124,228,220,193,186,73,179
219,142,28,253,55,108,114,138
47,23,92,188,150,204,38,106
124,160,39,172,94,250,107,133
107,153,106,181,118,250,251,194
194,66,18,186,93,250,215,108
176,224,209,76,190,27,179,208
242,244,201,26,150,151,189,205
49,12,194,22,173,103,90,85
108,189,246,168,33,197,252,65
7,34,190,192,152,7,117,204
24,101,61,47,193,166,46,214
103,112,2,135,55,105,167,46
48,59,44,66,242,113,218,103
102,202,228,200,228,242,78,180
249,226,77,229,146,67,231,112
168,109,191,121,192,185,128,249
220,142,100,114,135,60,13,199
22,66,220,90,18,222,15,205
197,149,46,26,25,179,239,34
123,111,151,65,69,210,187,220
66,255,222,111,122,7,146,10
242,224,14,237,168,111,157,169
2,119,173,155,37,137,127,192
64,168,204,72,171,137,170,214
211,248,9,44,39,247,46,154
133,203,167,84,20,178,126,90
197,112,180,116,187,80,19,253
3,85,126,244,218,94,104,133
63,60,179,252,116,55,21,3
221,153,87,15,103,173,154,196
52,221,125,166,0,245,239,192
186,153,64,199,86,54,169,117
82,156,48,229,238,14,18,245
137,154,4,51,93,97,76,147
56,189,124,2,175,16,205,34
25,140,202,71,248,77,133,157
155,182,4,32,137,193,170,11
8,0,102,199,132,76,207,3
138,226,45,83,177,3,189,92
48,55,137,110,164,179,224,4
135,200,117,111,222,212,3,85
192,160,231,25,223,32,149,149
188,17,172,33,111,97,19,175
125,13,239,178,68,159,39,28
246,20,41,41,207,157,103,240
6,189,119,184,4,3,0,197
108,44,11,43,155,155,225,67
182,247,179,70,23,171,149,255
97,245,242,124,134,125,207,229
101,76,173,48,132,244,250,101
164,34,179,161,160,246,228,44
47,251,6,91,84,8,189,205
206,138,147,61,151,108,27,140
72,136,58,124,237,220,211,44
137,226,210,51,164,15,114,160
200,54,226,2,118,45,161,17
155,121,176,184,156,74,154,248
183,171,225,254,237,28,196,163
240,102,162,181,113,157,131,8
169,39,53,119,28,144,164,232
185,236,125,106,150,60,244,52
109,101,95,81,103,251,54,161
207,96,251,122,152,242,196,22
212,28,63,69,50,112,4,209
157,34,71,245,144,196,245,250
44,250,236,86,28,227,154,190
128,154,69,156,24,149,49,191
224,238,76,23,144,125,220,103
204,63,84,137,232,69,106,38
44,47,168,34,89,50,22,153
138,95,4,217,92,165,179,61
100,81,79,35,141,244,199,32
21,63,161,131,217,95,221,148
15,68,159,213,153,26,35,96
153,109,84,98,64,175,52,129
109,152,139,179,96,114,22,89
170,113,83,71,89,21,83,38
95,45,31,27,95,27,39,243
241,42,242,55,123,60,18,13
224,175,139,4,90,197,154,137
182,91,47,74,108,122,169,178
135,187,231,183,163,225,5,60
62,176,91,192,211,172,231,196
117,52,17,213,219,122,160,6
177,111,147,140,34,101,229,149
189,114,203,159,119,148,92,50
69,90,202,182,106,53,48,166
78,31,204,208,211,129,31,154
195,109,179,59,179,250,244,237
99,109,26,223,242,142,252,78
28,151,245,52,250,52,110,165
90,202,222,2,121,25,75,91
73,65,221,83,55,127,63,46
32,235,95,13,62,92,110,188
44,45,12,32,159,25,52,62
105,190,163,188,41,235,205,10
74,241,120,229,26,147,197,134
4,209,49,82,201,142,88,250
160,222,75,116,211,176,166,194
72,156,89,11,113,102,231,215
123,198,114,79,71,168,78,204
50,208,116,187,80,182,164,63
118,7,105,156,177,140,221,193
3,235,207,146,105,139,221,50
148,38,107,20,75,214,128,32
19,14,7,90,136,172,188,114
116,0,166,215,225,24,187,13
22,151,170,62,59,89,76,118
22,161,51,215,85,130,99,176
144,239,133,162,210,216,80,135
177,82,228,59,187,142,137,21
101,16,97,212,27,196,77,9
36,111,98,49,79,155,183,241
18,127,160,91,130,108,106,247
96,4,222,153,231,37,190,56
164,154,187,254,156,108,206,190
146,89,113,247,156,14,80,135
14,43,118,228,170,196,13,247
245,132,104,205,53,62,218,49
120,230,147,226,49,25,172,168
105,68,54,145,8,57,3,180
155,7,69,172,217,146,149,123
86,245,57,235,21,195,188,1
251,70,204,17,6,148,8,34
215,223,231,160,238,200,224,24
142,106,176,163,162,151,174,0
130,203,149,145,0,208,55,243
89,49,146,180,238,60,104,195
11,216,124,1,97,128,245,157
156,248,94,135,64,133,234,134
133,108,5,167,237,32,69,123
89,60,211,44,31,137,27,130
166,116,171,19,237,82,70,66
148,226,144,54,33,182,152,87
144,62,191,60,97,31,126,216
115,218,72,58,98,90,174,182
87,218,154,87,192,99,102,213
179,97,8,212,151,88,16,2
125,93,76,245,0,229,197,215
228,67,120,130,180,145,176,110
70,23,83,79,228,94,7,191
170,44,177,237,56,96,48,92
167,39,151,143,120,118,115,101
161,236,105,87,248,67,67,201
66,123,33,139,222,25,7,255
89,142,30,42,65,5,237,130
93,66,190,167,25,78,155,161
138,227,34,77,196,188,164,57
87,196,250,3,227,222,177,235
141,54,34,126,21,52,83,203
40,1,55,56,165,86,216,72
192,228,68,63,4,14,82,57
48,96,213,169,117,58,216,155
236,44,241,136,108,1,120,129
245,117,102,85,4,135,153,77
166,183,11,120,32,164,73,82
94,97,101,43,181,176,100,232
94,175,45,209,226,243,206,22
28,214,193,30,3,84,148,206
9,236,53,162,50,99,196,80
174,19,25,239,255,154,43,150
161,30,241,199,249,186,44,27
237,201,208,253,213,74,27,182
73,136,236,74,16,229,150,1
123,113,103,80,191,16,107,142
2,71,162,119,87,74,203,176
95,209,186,139,210,245,160,252
188,173,112,129,167,162,33,200
4,232,190,109,45,160,206,19
128,31,163,135,15,194,81,178
144,48,130,54,95,252,177,179
98,25,122,249,16,44,205,8
57,179,191,196,179,75,109,73
34,137,1,169,50,69,228,151
210,227,7,134,137,153,200,185
120,252,36,142,132,202,57,149
24,134,61,51,50,32,218,212
231,207,77,4,120,162,198,240
248,220,120,209,24,194,21,167
37,146,124,96,232,47,10,174
158,134,104,135,88,173,210,14
109,93,234,255,186,134,82,122
119,171,27,255,119,2,239,167
131,2,52,99,170,63,223,38
41,64,234,107,249,91,60,80
254,115,199,220,72,102,239,30
6,29,71,58,95,76,14,215
136,246,50,10,244,44,84,69
13,127,4,44,162,12,62,110
114,35,250,101,147,189,222,42
231,9,231,59,98,124,163,174
182,199,19,22,163,242,74,146
239,153,160,102,57,225,62,185
217,44,62,114,116,91,191,141
248,204,38,136,219,71,194,255
110,138,175,113,132,163,146,233
5,175,212,203,22,164,113,236
211,137,221,204,187,136,16,60
88,96,82,228,196,208,133,40
25,84,239,230,224,30,152,110
238,59,227,169,81,202,79,245
184,238,153,129,82,247,18,155
253,176,218,165,217,57,124,78
162,157,146,154,212,181,57,110
186,235,208,148,115,204,72,63
48,89,16,6,255,115,108,159
103,45,157,161,243,73,127,128
180,67,229,132,232,181,214,210
184,230,183,253,17,236,49,23
244,249,201,211,218,252,217,227
211,247,239,202,232,235,117,88
215,35,156,243,1,242,254,142
168,69,134,251,170,67,84,74
121,182,219,215,12,66,78,11
76,142,46,22,57,217,95,28
5,219,40,97,19,243,15,173
155,84,20,245,68,170,222,21
32,160,232,138,210,145,74,72
208,116,220,4,80,106,95,186
166,255,221,87,18,149,58,217
8,143,134,163,41,99,100,46
43,155,43,173,40,63,208,195
172,91,182,80,117,191,104,77
118,35,37,107,132,255,126,10
178,175,85,243,250,193,196,77
57,139,130,20,35,54,227,122
20,65,212,246,133,0,82,228
236,144,108,23,216,26,117,211
22,136,22,156,8,202,254,132
114,169,135,42,237,123,8,194
141,170,84,57,22,186,0,66
46,191,149,36,203,176,6,26
234,205,25,56,253,25,78,243
136,31,23,224,157,144,56,202
7,56,119,134,140,255,48,232
53,236,251,106,50,226,207,152
236,115,138,53,15,101,237,77
101,208,32,240,196,140,111,152
216,113,243,113,0,115,248,101
250,108,227,204,209,62,226,197
160,61,227,227,248,13,154,211
116,98,145,59,230,47,28,167
127,163,171,161,81,235,100,5
191,47,250,52,222,27,237,63
195,116,91,108,104,190,192,205
100,65,85,21,46,29,190,127
66,90,164,182,253,192,197,174
96,82,70,113,18,223,222,101
116,106,107,113,208,22,102,107
159,91,230,144,77,21,110,45
255,57,251,82,114,25,16,110
56,119,225,141,215,176,55,34
92,74,52,12,75,127,198,150
90,57,83,1,202,114,246,214
49,51,250,152,84,163,193,170
106,55,71,241,74,23,51,30
48,105,163,216,171,127,151,243
137,165,2,134,231,20,14,62
156,6,240,35,119,203,35,11
175,17,77,180,255,95,111,160
168,209,119,229,17,239,126,187
112,139,152,51,147,49,5,63
206,201,56,83,123,52,124,182
204,12,14,82,232,67,58,109
52,189,185,27,121,251,202,98
220,95,23,162,221,37,145,244
175,89,172,8,127,215,93,198
165,227,78,169,100,133,63,78
107,84,154,226,12,150,152,91
225,13,38,216,227,46,131,192
55,238,45,60,240,239,7,158
209,144,242,218,60,68,231,220
85,59,229,60,70,177,42,200
198,184,247,112,88,203,23,191
249,248,9,236,195,247,10,163
52,91,197,105,31,99,101,94
241,63,37,136,22,90,181,11
179,156,235,77,150,217,58,181
89,113,35,207,119,109,121,215
191,97,191,193,153,235,103,63
19,198,47,193,177,100,150,108
85,156,39,246,5,159,150,137
246,241,39,175,235,26,80,103
182,142,223,83,2,210,149,3
126,217,157,107,143,129,113,199
205,215,138,82,177,21,199,208
25,195,71,163,41,20,117,13
151,53,227,7,9,252,215,192
8,137,7,161,179,31,83,185
60,243,127,228,112,77,14,36
126,163,109,164,36,59,128,127
178,41,204,147,3,195,101,41
131,201,31,81,96,234,162,126
129,81,169,140,116,240,103,15
221,25,33,163,171,204,197,90
98,23,197,59,140,115,219,85
9,23,47,43,99,182,148,212
82,113,51,81,230,204,38,99
44,134,215,126,85,38,130,96
81,101,47,132,105,81,85,236
58,130,232,223,145,178,212,39
103,104,45,164,139,214,201,61
104,83,144,33,29,107,80,197
229,33,208,116,8,223,188,229
168,197,231,80,208,37,16,237
50,172,16,182,186,199,168,151
38,170,163,88,78,168,47,95
21,101,236,82,48,187,184,23
18,200,75,185,213,18,63,165
152,241,70,51,37,137,40,230
28,236,2,80,174,49,170,84
192,74,215,4,58,140,27,149
37,202,93,203,15,193,73,164
33,118,210,220,70,233,9,145
187,173,32,233,32,235,135,115
94,26,178,163,120,123,110,88
171,86,104,161,206,246,191,244
184,74,153,0,138,191,55,250
220,55,37,132,101,79,84,109
195,234,211,93,177,73,43,87
44,123,130,76,135,88,170,17
215,73,169,227,133,42,0,21
167,41,80,32,91,30,225,248
21,209,196,176,171,16,87,32
199,16,222,67,144,131,91,250
148,179,174,70,63,8,2,24
115,67,155,117,54,28,128,131
181,63,132,63,40,138,199,56
142,252,178,176,215,87,54,15
142,196,166,218,221,59,240,252
14,141,22,165,117,237,44,21
115,57,66,230,176,61,165,197
12,22,228,245,150,178,132,171
68,178,222,227,104,0,143,120
63,209,130,52,11,14,134,254
155,128,231,142,11,209,66,86
18,192,183,75,92,74,104,138
89,226,194,156,190,194,103,38
68,202,197,94,110,28,250,38
43,129,243,138,194,159,10,235
15,111,239,13,56,114,219,160
121,144,243,45,79,61,124,23
251,160,243,221,42,119,252,164
66,79,134,21,37,43,30,80
221,187,218,142,71,138,5,82
133,26,214,111,201,208,223,73
254,2,21,68,198,97,126,236
49,117,207,67,89,240,191,102
230,195,35,159,66,149,67,206
10,151,128,49,29,87,78,58
92,114,164,15,109,205,91,116
201,56,183,204,42,175,181,134
114,61,229,131,51,95,99,244
124,141,53,152,84,183,82,131
44,247,162,11,198,8,4,105
245,225,238,20,220,207,174,52
6,78,171,33,1,207,249,170
248,99,87,245,26,70,60,179
238,59,8,72,129,22,137,57
206,128,172,28,114,244,57,7
178,45,63,130,76,196,125,6
135,144,141,91,180,194,122,136
52,212,55,33,92,18,233,227
175,163,163,5,131,48,147,74
249,133,94,43,103,201,174,194
96,179,3,36,156,246,202,191
61,155,131,143,140,159,34,82
75,174,41,159,178,79,64,213
122,215,8,58,152,215,174,100
228,90,121,202,170,162,228,73
195,84,11,229,239,165,180,33
167,64,24,125,193,108,9,22
24,206,196,87,208,43,245,215
98,10,106,243,45,243,181,97
3,39,91,110,107,40,227,232
14,35,61,24,199,249,18,4
97,101,65,43,108,249,45,128
99,5,245,234,27,90,100,116
20,110,119,47,233,220,86,17
116,57,202,56,23,123,161,176
134,238,117,28,105,178,169,248
123,154,61,39,165,51,146,138
51,81,77,70,193,253,175,70
125,101,118,96,152,40,200,174
27,196,95,9,5,113,146,158
233,201,236,102,186,237,228,145
98,67,93,218,191,230,84,158
225,158,200,10,34,229,11,234
219,142,30,110,45,32,127,61
47,126,167,179,52,172,184,186
78,162,107,247,241,214,236,132
122,80,17,134,110,63,236,179
18,220,129,22,50,55,86,41
97,124,10,252,25,11,66,152
102,113,34,175,239,173,115,52
244,219,36,122,8,37,226,1
191,111,241,219,135,55,190,234
148,46,5,54,121,100,125,167
63,32,95,241,200,196,21,56
170,133,167,63,192,15,94,111
240,250,55,235,216,67,97,186
231,64,50,125,222,90,236,140
181,19,39,166,70,175,131,58
117,178,78,95,180,153,255,101
121,113,111,107,98,200,197,153
54,123,78,86,80,184,82,32
121,208,20,222,25,46,99,232
242,28,231,177,49,192,95,51
13,97,1,188,99,35,228,65
131,7,135,95,15,59,81,222
189,129,133,96,132,16,108,63
63,83,45,69,111,244,130,73
28,134,104,4,60,130,225,87
177,154,68,90,224,110,75,224
203,134,175,108,68,49,191,249
57,59,141,194,151,161,193,83
5,95,42,94,28,33,244,50
129,97,113,65,160,100,144,34
69,167,58,10,128,98,31,71
6,253,95,212,38,25,141,132
18,115,122,140,117,159,201,85
192,167,136,53,234,19,245,165
250,202,248,203,212,72,28,17
172,103,129,214,64,122,77,230
161,240,143,245,114,198,2,94
138,202,222,213,61,96,183,96
67,16,194,31,76,63,198,136
15,151,222,193,154,49,135,175
225,134,72,210,92,63,136,44
103,124,251,9,105,240,123,215
38,48,82,69,151,243,134,182
130,161,23,120,68,97,250,114
199,38,69,145,53,166,42,250
63,220,60,112,26,219,70,208
89,122,183,151,123,176,33,182
186,79,16,164,104,184,128,239
75,170,227,31,3,95,145,107
85,46,165,40,147,205,74,253
239,2,156,32,231,179,66,1
165,75,197,211,78,94,2,114
103,111,98,181,82,32,104,0
136,246,102,188,169,247,36,253
54,175,25,3,175,242,131,215
92,4,113,8,3,159,36,174
154,59,8,192,121,106,101,161
254,225,139,36,245,89,53,120
119,158,243,164,78,156,160,7
63,180,247,96,247,94,191,129
213,198,127,180,172,28,110,152
95,80,158,204,78,24,10,112
147,119,185,105,232,165,98,32
253,21,187,132,232,5,60,16
18,45,4,110,137,110,113,103
54,127,120,189,19,41,110,156
49,148,245,37,221,42,34,97
58,61,26,11,40,60,131,253
38,1,188,29,31,168,94,143
60,31,155,216,225,245,232,121
98,91,106,204,13,89,129,166
50,244,147,75,72,111,202,49
169,3,154,28,16,30,60,113
33,113,148,0,250,2,76,28
199,55,180,136,51,124,36,121
178,126,34,230,232,44,152,165
101,102,24,79,167,123,196,73
67,39,226,18,66,144,112,117
18,136,22,76,218,26,233,199
159,199,183,205,179,108,246,161
232,145,63,33,69,190,81,69
151,24,159,2,169,249,174,62
25,216,51,65,175,198,116,155
76,204,45,251,223,235,146,32
222,99,186,40,183,76,103,232
104,113,53,144,3,85,111,29
207,83,245,215,94,141,105,222
61,104,12,121,214,217,155,117
24,44,105,213,232,125,38,189
161,144,43,237,185,17,106,143
230,1,80,26,173,229,217,28
153,16,32,79,90,248,81,15
63,222,26,152,124,182,5,2
155,242,128,54,161,123,88,113
178,230,18,42,104,108,128,118
43,54,64,41,253,135,54,50
254,150,120,55,76,94,51,26
10,139,175,38,151,65,223,217
97,9,62,211,191,56,210,43
114,141,240,178,99,40,31,220
62,86,252,149,73,19,241,222
47,173,10,109,194,79,173,225
106,153,179,25,206,98,137,96
141,197,194,192,176,48,229,139
115,145,157,201,86,199,238,95
88,137,103,74,115,121,128,228
31,162,81,95,177,114,192,56
243,130,191,165,211,161,162,213
143,123,79,162,229,55,246,49
103,43,174,173,125,193,239,187
91,190,141,224,41,67,87,170
165,87,171,59,151,74,240,110
110,142,124,189,154,233,78,219
13,53,11,194,209,103,95,139
34,249,15,253,145,234,99,198
75,11,218,173,179,3,241,164
7,25,89,36,135,9,208,174
207,186,245,63,80,196,110,54
65,66,101,57,75,150,214,209
185,91,153,71,66,146,0,119
20,40,158,1,78,6,18,13
66,1,164,215,179,251,18,88
141,59,226,221,156,51,253,76
90,167,247,218,184,65,182,148
239,74,30,59,113,243,103,105
133,225,143,41,94,77,225,18
211,32,130,202,29,217,117,202
236,243,80,210,138,190,241,127
231,104,248,191,92,38,34,101
55,91,193,16,24,23,244,195
97,101,166,78,80,246,53,30
58,185,74,96,213,79,47,162
63,152,24,186,16,219,216,245
219,243,80,116,96,83,143,139
166,219,209,127,13,121,107,247
110,151,243,222,49,131,251,156
65,132,112,169,233,120,55,120
237,247,76,47,147,193,198,176
166,229,4,14,130,9,11,162
40,199,97,124,150,186,17,28
80,79,220,84,138,225,237,142
176,44,236,17,246,217,183,79
210,73,38,237,248,72,159,2
95,158,18,216,124,228,125,118
32,115,162,143,203,234,91,111
207,124,196,90,32,102,249,251
145,45,203,114,153,100,213,193
15,76,100,161,35,117,143,219
9,138,107,74,34,81,145,61
16,125,115,169,8,90,202,246
120,58,61,204,164,164,88,10
193,63,16,240,60,107,103,186
134,191,24,24,103,126,141,187
217,94,175,73,227,87,91,215
3,240,210,32,69,9,19,12
216,55,73,211,124,236,167,253
128,179,3,14,101,222,246,107
7,60,218,194,165,81,107,67
134,174,66,94,163,150,138,135
210,145,236,86,88,154,152,242
52,132,108,6,122,178,26,247
122,136,91,230,149,55,5,180
219,186,140,213,184,136,213,111
193,158,90,136,191,60,106,60
112,213,202,8,6,216,212,74
238,31,28,71,51,91,36,66
20,19,131,85,249,166,23,24
176,3,9,24,48,125,207,71
203,95,125,117,234,11,168,83
116,229,120,90,62,187,55,59
114,250,106,97,227,51,191,144
155,73,61,123,156,223,168,202
15,101,116,145,125,176,57,134
21,230,93,249,118,85,89,249
75,57,244,218,141,19,8,210
229,160,220,143,44,173,61,228
22,243,160,193,204,212,138,226
70,255,20,207,238,150,35,203
24,95,152,142,10,108,120,127
60,160,209,44,148,94,10,192
65,220,177,81,116,102,85,216
255,222,109,81,198,129,106,252
120,102,229,105,6,209,148,136
231,231,132,170,127,79,103,143
153,39,191,122,95,33,91,237
6,162,253,12,254,89,32,198
241,208,40,175,210,57,251,135
5,24,226,156,25,166,151,196
198,123,58,98,153,127,77,175
195,139,134,149,225,240,137,115
207,201,240,41,160,201,228,236
31,107,175,19,48,225,252,75
19,127,52,191,231,57,37,40
72,214,233,25,154,235,215,230
207,34,33,173,246,218,14,147
21,120,235,96,77,66,214,84
171,83,95,213,78,37,237,230
103,194,185,169,89,30,3,245
8,6,16,110,191,170,187,42
212,76,162,115,152,16,13,145
158,177,129,118,35,78,182,64
38,44,44,214,83,150,188,81
15,222,116,30,123,219,128,84
184,249,132,58,133,34,143,94
102,236,243,120,9,244,203,106
213,166,78,125,212,153,219,143
116,214,115,229,182,186,213,213
193,227,147,28,213,108,173,3
213,121,18,222,108,151,252,14
43,191,48,0,70,254,4,97
182,102,187,225,166,229,127,145
132,167,22,51,170,98,249,51
245,205,184,230,250,70,205,133
105,122,82,66,228,215,235,97
106,66,166,40,240,60,29,65
114,76,21,46,7,170,241,126
223,249,194,101,132,96,109,61
200,186,199,55,13,167,143,125
187,184,161,77,86,46,243,20
61,7,125,114,105,52,87,74
153,235,139,220,247,204,87,161
133,177,18,28,71,131,170,69
188,60,76,50,78,229,41,27
126,209,24,230,93,234,197,58
250,9,188,80,15,155,40,248
45,132,146,33,254,84,245,25
179,238,11,112,128,146,75,191
250,26,108,198,77,80,240,89
227,249,182,165,114,8,28,120
189,176,156,104,151,146,222,113
192,245,148,192,53,23,247,251
213,51,45,187,71,182,40,63
15,94,175,5,221,8,52,24
70,89,204,22,71,106,166,41
248,254,71,176,126,215,176,20
190,118,225,79,118,30,154,214
162,171,98,207,247,214,110,67
15,84,172,152,221,202,21,101
231,104,154,104,208,225,87,189
191,118,240,106,174,156,216,232
20,136,222,197,107,129,69,20
165,250,97,119,147,49,65,162
154,111,31,95,65,118,254,81
62,88,97,107,100,15,38,172
205,230,60,30,246,195,247,12
75,127,180,82,57,157,77,33
129,11,162,77,145,85,245,85
143,144,173,9,232,16,129,250
84,246,110,220,164,146,82,221
17,248,222,44,182,225,107,28
117,62,171,31,122,251,182,129
157,95,93,170,237,224,122,192
236,127,101,72,115,149,71,254
251,89,168,58,250,12,22,160
33,81,113,31,162,176,141,218
84,240,123,175,156,163,165,138
201,253,215,81,211,4,25,161
148,217,236,250,76,221,95,208
105,176,42,105,233,118,22,224
17,49,211,44,151,96,90,46
7,227,10,208,244,208,39,147
22,100,30,53,93,29,51,166
27,137,104,92,76,62,220,60
232,169,185,249,53,30,13,149
81,199,225,0,151,150,162,118
20,168,7,164,132,157,41,212
177,15,67,227,59,5,183,246
136,2,109,241,38,72,174,94
185,116,50,94,199,249,98,78
12,49,12,27,109,46,77,180
91,153,117,234,77,112,205,159
234,234,188,107,255,243,108,152
0,24,175,106,22,24,215,146
85,77,10,232,230,112,231,254
36,43,72,19,100,43,251,140
156,253,3,237,71,181,25,156
255,102,237,201,174,209,84,105
90,198,222,172,14,192,175,98
105,194,240,140,131,241,109,99
161,34,25,142,15,91,65,206
123,77,229,21,232,221,239,67
94,79,224,229,83,3,83,156
75,195,57,47,189,239,180,209
88,100,166,87,22,92,175,223
152,18,182,23,135,14,109,37
85,146,67,96,246,209,192,85
131,110,124,79,49,49,255,176
39,169,21,98,7,112,172,194
199,18,141,83,184,35,144,184
28,0,71,76,19,203,172,254
28,83,23,168,79,149,0,129
249,71,242,26,121,98,142,22
70,140,90,8,129,31,127,77
194,98,255,211,45,178,16,182
195,22,81,82,17,92,213,245
199,11,91,223,240,251,50,245
38,65,249,170,206,120,36,158
228,186,154,75,74,20,26,108
207,30,219,91,225,124,141,190
138,156,149,252,216,122,247,143
72,13,192,132,33,152,246,81
251,103,250,167,177,168,109,91
180,121,197,24,24,141,36,211
25,76,174,3,139,39,126,76
141,234,15,52,7,173,144,218
4,129,159,32,79,86,91,161
229,40,204,150,42,247,209,78
198,183,112,124,2,195,181,144
153,210,252,175,172,95,145,128
216,184,75,34,0,17,228,7
134,253,35,206,249,184,16,251
142,191,243,95,60,241,233,25
110,119,54,199,186,146,211,59
214,234,189,203,63,138,80,196
127,133,115,150,21,127,24,90
212,91,75,98,157,111,105,254
190,208,184,106,199,223,21,145
111,213,186,231,158,191,3,42
190,8,141,232,196,236,120,113
223,20,181,62,18,4,101,36
53,71,191,114,98,29,232,184
81,236,169,7,144,82,202,45
44,119,41,40,124,79,57,212
16,245,47,211,84,120,126,42
119,58,87,252,142,123,104,133
8,136,73,172,162,70,221,56
207,15,77,150,253,121,47,206
247,188,213,170,196,56,63,68
31,39,49,62,11,4,246,72
222,244,140,74,214,84,52,163
81,150,172,34,41,176,109,125
47,255,243,34,5,16,121,13
122,200,110,139,255,145,11,113
129,79,188,55,233,119,86,215
8,255,80,1,224,55,93,230
99,94,251,170,167,161,3,147
74,153,192,5,203,116,247,169
188,245,94,144,37,49,213,164
44,163,165,211,233,137,17,62
150,69,94,46,45,214,249,49
153,191,76,254,85,60,194,163
193,249,61,138,115,84,21,133
24,6,155,30,207,94,143,207
67,121,62,87,7,143,183,48
246,58,237,49,209,127,27,224
159,84,32,99,30,197,163,57
157,77,139,165,186,155,202,22
230,142,79,98,76,206,113,175
60,194,175,44,197,148,35,31
222,84,143,136,185,220,7,27
40,240,144,252,172,223,41,89
254,238,89,169,111,217,156,168
117,111,220,156,56,188,151,64
225,50,211,192,126,35,98,184
5,175,243,101,83,59,239,107
162,161,107,54,47,209,194,231
11,245,71,71,211,64,125,75
245,16,176,227,237,17,87,253
41,55,126,72,208,31,137,238
10,206,180,35,98,181,85,214
152,56,122,246,233,179,15,66
21,208,44,115,137,122,201,231
83,231,171,107,85,207,92,10
33,56,144,48,218,85,112,211
86,173,66,48,75,186,200,25
99,52,168,213,253,103,120,235
155,248,91,124,107,4,109,188
249,233,34,236,87,54,121,117
123,226,253,174,20,251,209,53
190,101,64,211,91,34,219,53
134,97,12,29,62,18,63,163
98,68,250,110,199,127,235,15
30,93,91,124,143,209,10,27
24,210,4,52,23,48,88,205
53,252,103,139,125,221,175,232
159,100,189,204,20,177,27,67
74,149,182,51,237,248,1,47
64,69,187,224,118,255,227,60
102,142,111,186,187,63,109,116
206,65,239,242,28,77,146,208
42,51,202,252,104,143,31,32
101,32,248,143,94,75,184,243
193,147,33,208,24,201,198,47
130,122,61,6,86,41,235,90
1,6,230,238,32,70,166,22
190,183,184,97,181,181,114,157
172,93,170,154,0,40,21,99
160,208,126,26,101,18,135,28
252,137,213,196,26,215,224,143
187,128,232,24,10,75,235,12
45,30,113,18,227,74,217,158
90,19,26,152,80,93,151,253
171,85,209,238,29,123,48,81
13,229,25,130,53,34,211,210
82,104,252,72,52,219,119,8
82,96,131,2,192,176,6,42
179,244,215,21,104,190,62,215
79,244,136,9,9,111,80,212
171,239,5,154,195,101,177,63
17,188,183,166,121,85,148,171
203,89,41,105,53,244,224,78
93,238,7,186,32,202,157,231
0,107,214,96,173,77,116,2
174,164,240,190,212,95,169,193
207,6,135,203,50,15,167,215
97,239,112,62,53,143,150,121
175,43,10,123,137,40,203,55
142,38,215,33,243,230,203,6
52,60,99,190,210,189,26,191
148,92,177,235,255,162,2,167
191,241,26,183,188,174,155,139
65,167,162,171,41,108,171,197
63,234,250,224,234,151,125,118
214,213,227,10,210,135,21,162
127,54,36,170,131,135,135,241
167,196,72,134,9,51,166,176
221,243,168,70,161,165,42,194
245,215,19,125,186,111,161,98
53,209,185,150,243,184,42,81
97,90,24,134,113,111,33,51
35,180,60,134,154,106,0,125
54,64,95,50,165,188,32,42
77,206,113,32,182,70,178,148
200,218,252,126,159,185,180,15
99,166,32,75,218,140,207,236
91,45,2,150,107,43,61,206
84,106,77,125,84,142,72,157
20,7,144,94,237,236,151,31
42,183,58,135,140,182,109,234
25,124,120,57,107,33,161,72
163,121,141,109,138,129,146,192
158,107,46,209,90,206,219,227
99,170,29,31,193,190,143,205
245,153,208,205,111,111,208,99
233,186,9,139,75,173,112,124
115,72,124,22,53,243,3,203
120,169,242,248,138,206,166,22
6,235,174,13,225,66,33,115
183,85,193,143,188,211,130,84
63,35,140,149,53,200,196,98
129,16,172,184,146,25,133,187
148,106,117,174,28,196,97,6
128,31,177,75,26,12,132,190
12,135,18,66,104,187,88,61
215,92,114,175,124,248,53,24
89,127,14,33,95,10,38,163
166,24,162,239,212,114,210,71
12,139,11,240,119,159,253,230
85,174,236,18,76,222,251,63
159,36,132,20,106,92,177,162
164,29,217,164,189,20,28,205
61,69,105,49,63,101,125,199
187,140,2,237,243,228,157,243
171,79,33,129,231,88,79,203
173,200,37,176,83,226,102,226
229,210,241,113,245,78,122,109
207,188,206,228,234,146,108,239
224,227,138,125,194,184,190,59
4,221,196,120,65,28,3,141
62,113,135,5,211,65,57,53
232,173,24,132,194,29,50,109
193,28,78,188,34,95,97,0
27,139,57,101,53,35,82,165
41,79,54,114,49,208,242,145
239,168,215,122,197,170,251,119
4,219,86,124,243,81,189,139
42,133,238,189,48,118,193,124
122,85,76,192,2,97,35,86
26,129,152,230,17,0,92,216
38,117,43,42,79,49,64,100
176,10,130,239,215,175,121,51
18,164,191,223,4,207,65,93
17,207,222,11,52,14,93,102
127,205,192,14,194,142,205,49
87,8,226,157,28,180,200,66
123,45,167,112,125,115,164,95
126,203,38,167,203,173,162,234
101,75,109,116,70,123,216,246
119,204,186,65,12,226,141,69
205,18,157,94,247,52,131,142
252,142,222,25,127,194,81,254
208,129,13,137,81,230,251,36
13,59,179,45,30,23,15,145
152,192,233,140,133,95,24,135
213,52,177,151,205,237,68,157
190,111,64,101,57,104,75,85
82,134,185,177,7,91,180,255
86,88,93,78,74,185,110,237
5,23,165,136,132,80,54,119
130,210,153,230,215,240,254,143
181,209,94,250,248,56,71,123
159,179,10,25,8,247,204,232
219,196,121,253,143,106,111,111
59,200,155,0,127,116,20,22
144,187,10,232,173,31,65,107
237,13,178,2,155,172,225,4
5,69,246,0,20,86,151,19
183,186,209,249,186,0,250,27
235,16,77,141,105,255,133,12
155,166,182,227,44,62,161,167
250,85,160,181,106,105,18,115
0,204,148,66,116,195,238,182
209,55,201,93,133,2,106,247
210,222,222,61,68,226,235,162
119,7,89,144,162,245,147,139
149,178,227,5,253,155,199,172
74,151,100,16,146,171,211,216
119,161,246,171,222,223,92,199
56,28,164,82,209,55,150,169
205,17,142,233,225,129,150,50
196,157,254,222,181,215,148,136
155,247,152,199,133,118,1,241
40,252,117,211,29,81,246,111
14,83,93,175,59,58,252,0
121,8,121,69,46,98,29,140
141,144,66,248,237,61,75,201
158,36,159,77,53,128,203,80
92,60,47,227,40,13,133,142
169,92,220,58,250,15,213,212
100,129,151,119,150,233,12,41
222,56,244,161,146,93,112,58
21,236,185,236,138,183,17,183
11,183,241,162,14,231,8,146
175,190,105,152,114,171,13,196
112,131,22,235,118,199,21,143
15,128,77,98,37,52,184,17
0,111,35,204,180,140,117,109
34,2,51,6,38,171,71,108
2,162,174,212,53,217,199,12
113,90,121,198,157,87,65,87
208,255,248,208,187,171,63,149
65,63,201,241,255,62,204,171
75,4,233,233,133,4,122,114
163,207,63,13,24,219,9,68
205,228,215,47,206,176,77,89
188,148,18,157,244,151,97,138
69,106,55,227,10,121,238,164
2,163,138,71,48,235,125,167
98,209,218,93,255,216,234,152
94,164,120,227,237,216,245,116
69,132,121,22,141,212,168,155
219,49,65,25,76,203,247,227
173,201,191,233,247,164,185,49
174,83,34,0,59,212,184,130
8,249,166,39,131,140,11,165
245,174,51,174,225,213,16,68
108,124,217,254,75,113,13,21
212,82,190,69,62,170,183,33
131,100,8,57,167,252,89,61
220,144,200,253,57,34,42,170
121,142,128,88,74,144,155,205
80,61,95,155,8,40,219,108
124,147,98,131,206,217,187,162
149,71,11,228,39,119,166,211
127,214,236,189,122,0,54,77
14,131,22,205,110,32,224,148
115,23,52,13,138,170,131,38
89,89,253,251,6,130,211,135
238,193,199,70,241,54,198,132
159,96,195,67,102,99,95,100
105,205,213,68,52,227,81,45
134,65,39,1,121,252,85,107
227,99,251,90,114,54,33,16
102,26,202,195,77,169,146,89
80,164,236,93,208,182,95,25
11,134,145,148,90,209,65,179
228,104,70,189,247,134,76,241
100,146,77,33,63,155,61,200
8,58,49,105,179,200,116,188
102,170,219,93,248,225,12,38
126,100,116,129,201,29,233,62
255,205,224,154,214,24,193,43
52,247,60,167,112,86,231,235
89,94,252,224,243,238,220,113
220,214,1,140,176,208,66,131
179,191,124,120,174,13,93,48
111,62,243,83,219,139,144,48
126,160,96,60,115,115,167,43
182,117,188,27,24,59,108,77
95,168,69,115,40,67,211,248
207,80,229,83,109,135,149,74
44,127,129,193,184,15,69,236
237,76,186,105,149,186,249,149
58,229,8,12,37,205,62,90
20,51,57,56,110,151,118,40
137,249,46,39,21,198,172,175
160,184,143,157,229,36,28,5
226,78,101,72,61,254,133,175
62,8,71,5,166,27,249,29
224,107,78,151,146,227,107,137
132,134,162,230,52,70,126,215
117,126,42,50,164,180,27,231
254,17,229,195,164,127,121,80
34,165,53,31,223,247,191,216
32,174,2,128,45,198,180,8
104,22,54,186,32,223,194,227
229,217,49,86,39,23,220,223
41,62,215,33,14,255,146,127
108,191,4,7,201,134,217,66
236,232,97,34,248,171,186,149
170,39,183,218,25,100,163,192
143,100,148,70,163,138,54,25
243,246,50,212,204,13,224,198
56,164,230,155,187,62,78,44
220,170,74,68,178,62,77,251
57,8,147,173,40,141,180,148
191,220,67,115,66,142,166,79
214,90,92,163,142,78,160,153
236,251,200,209,206,150,65,107
196,145,152,144,5,221,87,147
53,234,180,177,15,141,7,233
80,20,145,15,167,10,236,213
65,106,69,20,144,173,22,104
64,180,146,81,50,134,47,147
234,110,235,99,17,137,145,222
194,192,167,235,138,141,104,136
216,38,208,79,242,219,33,119
139,68,58,109,239,57,109,194
171,151,23,215,117,249,250,70
219,24,151,177,238,25,157,68
190,181,238,181,154,108,235,240
151,58,27,89,124,35,65,171
220,170,244,191,204,17,249,196
255,162,218,160,219,9,30,34
17,40,243,177,79,23,112,16
49,249,6,143,53,149,227,201
201,113,30,59,164,28,10,253
31,75,128,51,234,237,203,7
109,220,140,130,85,192,152,13
45,108,204,95,49,184,187,241
128,136,41,181,91,120,54,127
125,217,82,176,141,227,77,205
38,125,27,105,35,5,115,67
90,162,129,139,143,23,153,51
70,211,130,87,108,210,16,57
154,28,210,84,214,120,5,71
218,185,6,198,76,215,212,203
152,216,85,228,148,219,160,248
191,141,208,119,68,175,208,36
24,92,115,209,135,117,101,45
178,215,49,210,159,22,188,80
14,175,156,246,13,96,165,245
116,171,47,51,94,127,172,1
67,177,17,27,78,253,146,8
39,201,223,251,4,61,187,175
102,150,211,52,132,26,11,8
209,173,247,163,245,243,78,153
54,239,42,54,79,128,8,152
207,101,93,253,186,84,27,209
6,134,175,159,33,20,61,65
27,57,176,199,101,14,204,169
91,228,203,95,6,157,72,165
41,68,64,16,69,91,197,213
108,64,76,234,103,244,242,230
84,104,237,41,224,37,49,249
65,12,75,104,218,239,78,147
207,217,228,145,20,77,188,167
12,137,38,239,137,86,53,220
76,213,1,108,92,134,187,114
240,219,73,249,244,231,16,120
110,193,18,60,69,220,252,89
58,161,217,225,198,196,225,209
2,123,204,151,247,184,196,107
172,102,75,216,223,5,71,235
64,119,226,83,66,223,132,233
125,2,29,58,242,46,8,64
188,91,106,43,227,50,206,114
199,188,150,145,140,72,178,248
104,44,149,106,249,76,215,178
94,182,239,136,116,255,1,11
1,106,196,192,15,169,18,168
49,130,99,125,0,27,120,67
165,85,125,79,6,110,146,7
205,30,170,97,56,60,182,85
93,15,54,250,100,170,17,236
67,50,57,184,179,205,235,39
208,33,15,176,199,26,59,235
204,243,95,53,80,6,131,181
6,211,248,119,135,68,127,115
207,108,158,221,77,183,151,132
218,144,44,34,171,133,232,235
8,172,186,212,39,179,209,55
160,163,238,145,134,203,63,73
254,119,126,74,66,112,201,158
14,88,143,24,227,182,49,119
169,101,158,73,9,216,109,237
161,41,223,223,170,61,183,77
43,125,187,43,93,220,232,189
127,58,59,40,85,201,122,23
61,91,144,2,244,85,128,61
172,109,43,135,10,181,254,180
118,58,68,220,197,84,208,21
170,56,59,237,174,75,151,122
44,214,44,80,100,29,181,187
52,156,184,73,255,245,1,136
134,14,126,168,113,177,240,31
240,76,194,152,4,141,179,250
47,196,67,163,41,38,174,60
35,160,36,8,65,47,126,173
120,19,167,114,124,148,251,45
207,122,204,154,108,40,25,98
88,130,186,152,23,31,206,106
167,200,114,84,27,230,213,28
211,142,39,62,143,77,190,64
250,180,128,215,71,200,98,202
157,38,252,113,251,110,43,28
175,118,39,87,92,105,115,15
174,147,168,201,204,249,197,105
15,88,221,0,22,255,95,101
148,124,194,176,62,123,230,255
170,51,224,10,16,235,210,36
237,77,69,186,217,171,149,241
83,137,6,231,117,66,191,70
193,21,228,14,228,102,249,215
170,240,183,75,113,34,234,244
234,162,128,113,136,214,98,101
30,192,57,113,166,5,93,144
66,175,162,15,118,1,1,30
225,6,59,39,242,186,99,132
204,123,250,106,136,58,104,134
25,35,113,197,100,157,86,64
108,29,170,233,135,26,150,70
195,40,181,153,166,29,196,82
157,23,168,114,67,120,107,232
196,39,8,197,53,171,31,132
240,245,154,37,62,67,173,194
238,83,65,208,146,101,215,56
216,64,140,45,136,131,19,208
36,108,62,149,204,237,148,36
83,68,234,123,147,131,94,217
252,12,224,1,230,183,43,133
143,56,169,143,98,142,87,84
184,43,223,192,159,96,105,188
42,34,233,240,25,17,123,84
188,255,184,230,179,159,53,152
65,139,255,175,220,124,82,231
84,138,215,218,5,248,192,226
252,89,75,240,155,42,241,239
126,61,245,245,17,178,89,201
105,205,48,144,144,203,46,208
174,89,123,244,226,204,136,47
15,55,136,82,53,158,96,255
109,2,6,75,68,33,7,120
96,177,57,21,30,191,64,112
130,117,126,236,173,53,188,97
108,248,186,21,152,75,156,248
224,171,6,0,2,253,160,158
241,215,173,113,169,129,167,40
120,16,0,1,176,104,35,196
62,178,112,204,38,215,102,172
19,110,171,230,167,214,253,234
70,235,166,135,125,212,50,238
103,115,28,165,123,112,129,228
85,218,235,62,170,166,171,204
127,220,112,135,243,250,117,226
186,145,9,181,138,167,193,57
215,32,125,145,100,112,250,115
123,126,205,205,25,201,59,89
130,15,223,122,219,59,41,245
233,17,72,243,67,18,10,24
220,166,162,235,150,32,84,93
21,19,73,94,55,45,66,144
109,29,36,252,223,166,158,229
122,61,109,7,47,130,251,23
15,131,254,128,39,132,30,197
222,230,222,234,196,42,175,70
17,174,144,186,131,189,70,109
238,130,193,37,225,4,48,192
81,82,155,204,53,174,170,140
165,154,173,250,72,245,185,181
219,13,74,150,26,157,201,60
56,140,83,134,237,58,34,133
184,234,132,168,85,98,235,119
5,27,132,179,189,132,208,77
65,181,253,54,38,125,207,153
59,85,188,184,11,135,165,249
121,196,45,139,84,205,59,127
191,109,207,44,98,82,56,122
95,66,42,33,170,88,212,29
202,44,203,86,228,209,145,76
249,23,159,28,40,158,39,208
193,191,99,41,147,160,218,37
176,109,204,63,134,209,89,137
86,175,155,70,68,96,192,98
176,251,66,5,133,146,88,161
208,23,85,156,247,19,9,195
5,23,182,17,28,165,22,149
67,242,36,119,255,240,140,183
187,225,87,173,220,17,206,198
148,144,0,179,32,106,121,225
84,16,215,42,75,95,52,52
127,20,163,52,162,242,36,49
151,15,199,102,160,16,75,88
139,17,155,177,33,57,90,126
196,66,248,184,111,235,69,216
138,102,216,175,25,28,120,165
62,91,142,112,254,124,29,46
170,177,188,53,195,246,180,67
100,52,73,158,68,25,156,13
17,4,98,74,232,87,126,166
178,37,131,157,108,121,117,125
136,202,174,90,140,133,32,104
176,133,167,113,234,222,56,64
89,51,241,220,14,35,19,71
238,243,46,111,167,222,177,105
116,129,85,187,13,138,232,206
7,242,221,29,102,137,240,72
51,32,174,254,71,108,252,221
188,70,73,19,83,158,121,88
66,44,194,78,137,232,169,107
38,32,182,111,95,7,218,164
92,167,172,48,4,233,250,165
160,6,62,130,244,67,199,194
76,167,228,9,251,195,98,185
202,120,195,66,102,131,210,167
32,254,253,149,240,13,240,106
106,90,134,9,37,159,73,139
175,62,119,164,56,44,254,40
26,165,161,118,20,225,39,185
153,209,150,213,19,5,6,191
54,203,105,185,75,63,150,51
59,105,79,158,6,69,57,120
99,36,85,247,245,215,98,50
154,134,109,62,204,74,115,123
89,164,22,144,198,38,102,75
26,109,249,51,63,234,47,154
26,118,86,174,234,182,131,224
154,11,241,128,167,202,139,187
144,218,36,63,41,122,206,222
102,48,93,142,21,99,181,156
178,180,111,144,219,36,118,14
157,69,207,86,109,244,23,130
219,93,230,18,174,17,140,254
173,172,220,156,95,95,108,204
67,245,118,151,180,16,148,183
185,117,180,71,114,3,8,199
132,248,164,20,218,147,205,26
167,253,99,69,216,75,202,173
33,156,98,225,6,73,116,33
81,39,22,191,181,204,69,171
70,138,126,255,168,143,236,82
75,113,159,126,107,237,169,237
3,179,95,0,138,16,234,244
58,236,208,32,217,180,115,182
176,7,3,153,212,11,242,223
120,9,152,254,242,196,198,56
83,10,67,69,164,198,216,231
108,157,142,4,49,126,33,100
137,23,190,57,244,166,79,252
240,229,199,64,89,61,175,177
164,93,45,238,137,47,221,125
150,183,88,179,71,1,237,101
13,124,27,158,47,197,251,44
7,177,55,224,38,120,108,44
83,84,220,92,186,231,188,214
185,28,107,232,196,26,1,19
187,141,42,147,71,132,207,141
117,102,122,56,173,46,136,252
223,213,227,243,108,127,97,128
94,237,16,16,198,20,180,81
252,20,27,156,132,177,188,163
193,9,149,148,5,64,168,84
157,247,142,236,41,156,114,127
58,60,104,88,77,25,1,88
43,146,208,68,65,141,108,185
126,146,227,190,219,119,138,82
55,117,215,13,10,245,46,243
191,75,127,167,226,5,57,247
74,67,103,87,77,64,91,69
211,243,102,203,131,158,177,54
161,67,243,30,95,202,50,175
229,152,241,188,97,78,137,149
210,38,95,13,199,16,148,145
161,231,193,154,24,164,9,230
50,235,170,255,202,245,59,60
129,252,35,197,1,250,53,72
3,222,252,40,218,102,243,252
54,112,70,109,230,157,185,236
255,0,4,174,208,3,204,181
59,192,174,30,93,109,228,121
115,192,65,8,201,55,125,61
238,115,220,24,122,208,206,108
10,251,38,174,195,210,52,12
132,155,38,37,131,234,184,91
184,139,11,226,241,171,44,100
3,40,172,55,215,208,162,138
169,37,119,107,21,5,182,162
110,246,135,161,131,155,16,171
140,130,29,115,254,83,198,223
154,57,89,238,76,161,35,77
124,244,30,75,14,167,143,91
133,153,250,229,70,175,234,102
93,130,87,146,162,170,253,182
172,42,78,5,246,192,218,245
14,133,94,153,204,42,110,107
0,24,212,51,64,252,222,9
4,51,6,52,79,33,146,101
126,109,212,174,141,15,143,211
44,255,183,87,246,27,193,17
130,104,24,50,138,209,229,99
38,14,165,170,40,241,13,30
93,0,249,112,85,100,167,248
87,29,185,196,126,245,206,75
127,181,193,19,199,119,93,223
120,76,231,196,182,199,252,240
119,222,44,149,251,201,184,156
48,96,12,149,183,69,239,182
74,14,20,164,98,81,151,236
20,122,104,199,71,15,78,44
15,237,217,143,14,116,216,241
76,41,72,66,106,172,45,84
179,214,64,92,87,155,99,242
166,244,164,2,245,34,89,197
198,190,145,186,176,15,218,87
3,123,252,114,66,18,192,218
229,250,85,130,160,51,218,201
54,121,219,71,212,48,68,42
100,73,74,182,249,128,164,86
21,120,215,115,235,212,44,114
131,121,206,234,116,101,233,59
129,140,222,137,235,136,27,27
62,228,88,19,207,171,243,31
64,228,203,204,54,62,245,238
61,29,133,40,114,109,90,115
254,147,30,243,245,150,154,103
116,225,111,63,20,90,121,250
44,1,144,25,131,98,190,245
113,156,202,58,135,39,101,80
234,51,41,21,115,114,134,153
36,197,205,132,77,236,230,222
139,127,88,155,0,114,43,13
174,99,83,137,70,119,249,115
238,164,117,240,80,184,66,177
0,76,112,177,185,102,25,0
147,156,217,10,45,149,168,8
58,153,8,132,227,234,253,220
133,64,159,192,178,60,117,204
199,208,182,151,180,159,178,87
255,197,241,184,255,160,167,163
142,32,105,255,157,194,200,178
181,74,68,22,150,44,91,231
27,34,219,208,5,249,139,58
139,252,180,190,78,8,12,19
230,68,97,197,79,242,48,229
231,15,90,154,126,24,46,73
58,107,35,181,17,106,113,170
240,21,182,209,14,16,86,125
102,32,176,21,202,34,230,98
163,50,112,240,2,71,148,206
159,202,176,97,237,243,96,47
30,119,111,170,204,255,207,173
208,33,125,6,71,106,189,141
227,247,53,255,40,140,245,91
146,159,57,148,49,20,131,21
154,188,2,142,60,236,124,53
183,211,160,178,225,214,61,215
61,13,184,143,6,153,107,195
158,147,62,32,131,0,23,248
134,114,241,19,162,250,12,142
145,43,237,221,198,242,117,80
19,255,128,144,41,11,90,198
73,6,124,26,225,7,187,198
172,136,18,185,82,65,27,216
154,195,197,158,130,180,159,64
164,51,157,87,194,97,127,22
100,145,240,160,142,8,166,67
66,21,46,24,229,43,44,5
255,100,173,176,9,207,240,53
30,55,18,92,229,74,223,57
10,183,179,188,14,122,229,235
55,78,137,10,231,196,58,69
78,137,211,143,115,185,136,143
3,169,247,44,141,200,250,198
63,12,99,173,82,132,15,107
123,23,43,228,6,44,66,212
237,78,37,223,26,2,7,209
103,14,194,251,193,142,112,10
50,230,2,5,2,220,47,158
185,226,8,66,126,241,0,175
16,249,254,80,143,0,209,164
152,43,86,26,162,144,234,142
34,254,166,176,59,98,161,132
107,36,77,30,145,0,144,20
11,92,66,179,104,246,241,242
251,152,211,230,202,186,104,49
168,251,18,249,114,230,89,144
121,61,24,145,205,6,46,226
160,128,210,201,92,99,184,254
44,188,107,10,127,77,153,75
74,45,105,42,213,154,37,170
5,236,32,70,136,167,63,157
106,100,21,207,62,223,71,103
71,102,196,103,25,29,14,224
125,111,132,199,88,24,109,129
196,137,111,228,57,170,22,236
162,254,79,182,244,240,176,120
34,126,67,126,107,99,121,112
117,121,185,183,37,8,157,117
116,44,76,167,240,102,230,135
223,227,160,205,202,171,195,212
54,147,6,162,42,146,240,79
182,247,126,85,35,147,25,11
21,12,40,233,94,52,163,22
28,244,32,199,174,230,122,220
3,235,231,193,229,243,19,79
185,199,146,24,172,169,35,41
22,247,234,24,116,176,33,125
167,164,197,141,15,216,225,55
50,140,141,141,17,137,220,204
184,88,238,242,75,201,82,136
96,60,254,174,247,177,97,227
235,66,123,161,118,133,26,127
122,27,165,9,158,236,200,200
25,111,95,115,13,71,71,131
79,226,12,176,133,153,61,77
13,82,219,44,252,226,124,173
87,142,237,105,35,54,21,61
49,197,106,225,73,159,244,63
255,39,133,120,222,197,153,223
85,206,164,168,70,28,157,49
204,198,0,110,24,151,211,29
187,106,108,204,166,118,252,34
237,124,213,65,161,135,161,155
244,198,57,37,17,28,62,112
29,156,114,218,10,169,29,5
17,138,230,165,57,42,161,134
178,241,167,177,163,236,93,78
130,74,20,81,155,162,125,26
249,49,216,247,170,124,102,237
86,152,152,212,108,127,62,149
76,111,127,48,153,169,123,139
64,138,37,186,36,158,136,71
244,121,35,165,16,174,24,225
165,209,132,37,232,70,220,187
9,10,51,227,87,221,113,57
227,159,177,98,223,232,181,202
37,31,103,7,111,129,200,175
144,69,205,52,26,115,105,235
182,33,122,62,166,231,225,2
86,105,30,221,95,74,74,185
174,4,62,124,242,40,59,61
226,207,154,114,118,119,188,236
22,26,32,108,120,69,92,124
106,2,93,150,25,169,154,20
63,39,49,125,107,232,10,238
70,31,8,126,51,76,110,238
67,185,90,53,110,242,55,201
191,101,153,109,151,108,104,203
157,216,20,51,233,88,191,197
28,138,232,151,245,190,220,230
178,46,87,172,192,133,253,201
171,16,91,120,88,229,104,191
202,55,109,220,52,106,212,67
8,222,252,6,69,25,226,14
214,194,154,199,69,188,73,16
150,10,4,6,204,46,233,179
250,155,97,185,159,48,4,211
229,219,199,203,235,248,126,28
164,24,109,131,182,185,15,201
89,173,227,216,147,156,247,116
221,86,168,189,97,156,17,209
19,117,233,116,172,1,93,194
182,228,129,178,194,109,108,146
126,103,159,139,200,93,161,102
54,22,241,107,94,29,10,44
222,76,251,146,208,204,93,141
105,215,108,188,29,9,254,248
107,164,17,199,30,36,192,99
68,88,51,33,147,148,114,142
52,149,237,85,231,2,148,124
45,183,4,201,15,56,235,67
93,21,91,191,142,81,71,199
28,249,231,122,178,192,98,218
78,173,182,67,239,197,214,128
252,12,70,199,79,120,144,4
8,246,235,153,37,4,106,61
236,199,89,26,210,157,207,255
194,33,143,161,164,142,77,209
115,34,229,155,151,192,138,154
41,204,195,74,120,218,9,222
211,78,53,247,141,254,121,226
247,84,186,207,207,42,136,140
168,200,161,125,230,48,143,93
213,205,166,184,70,129,194,62
46,22,255,113,29,235,119,128
23,39,151,40,54,214,91,10
14,64,2,229,228,21,173,125
32,233,3,76,35,30,59,198
58,164,239,71,115,128,170,226
231,160,34,36,208,185,9,63
151,22,13,243,104,196,174,35
51,15,116,218,58,64,107,76
51,41,39,5,54,123,249,182
57,23,108,176,123,125,192,34
185,162,2,118,45,166,37,1
41,121,88,128,129,88,131,108
21,207,209,129,229,56,229,223
32,108,126,59,33,238,119,30
76,14,128,62,217,161,74,84
162,207,120,158,199,174,133,148
154,104,103,246,234,114,250,143
152,120,19,173,141,195,141,244
196,162,22,234,47,128,223,186
29,35,157,29,25,86,244,99
42,30,159,144,108,139,241,195
170,231,30,49,128,28,82,171
125,157,52,122,139,102,44,237
83,31,112,159,108,116,152,194
86,149,239,220,223,86,179,210
149,4,183,84,136,140,188,120
172,18,139,60,130,79,193,187
202,235,75,240,85,52,148,138
84,33,38,214,151,97,155,95
66,198,12,93,4,229,250,72
141,213,247,172,39,155,45,5
226,183,232,53,237,241,27,126
214,214,122,232,8,125,4,95
124,129,17,91,176,85,165,55
44,154,91,201,29,112,165,115
11,230,77,121,21,67,160,151
193,220,173,249,86,17,34,39
209,251,176,165,16,75,146,11
225,101,176,121,153,175,5,138
11,124,232,60,200,137,106,207
62,156,155,118,3,124,105,247
208,50,79,73,79,182,0,229
117,85,245,95,253,250,127,121
164,136,132,163,56,206,193,104
172,11,40,153,242,164,117,30
5,75,191,90,82,108,225,90
35,181,129,138,242,31,167,117
102,4,106,18,204,32,86,144
227,177,98,129,134,3,46,222
222,185,136,182,42,156,85,231
152,217,92,123,31,40,21,17
149,182,47,148,73,155,238,42
54,137,156,87,74,200,7,255
76,79,189,133,66,146,131,177
183,180,156,29,96,225,184,197
82,24,56,217,42,19,64,183
6,197,242,31,149,235,98,76
4,39,58,233,123,17,54,1
253,233,127,140,124,76,27,250
126,119,121,94,162,52,215,122
110,37,131,120,94,28,156,125
152,108,21,219,1,166,83,103
155,164,202,72,178,2,181,216
6,162,184,212,149,242,60,173
28,47,77,60,79,72,63,110
224,158,241,87,160,51,44,13
37,96,176,6,77,149,23,15
80,12,226,204,48,231,40,158
200,26,15,24,88,92,148,32
60,166,30,249,137,176,163,217
206,109,225,1,217,240,65,138
175,112,242,79,239,210,226,26
35,87,1,162,235,36,163,129
127,133,32,183,47,173,174,5
156,87,250,159,67,17,63,3
45,71,126,217,152,152,120,233
193,69,126,79,164,84,230,220
224,96,235,33,64,145,61,57
34,107,171,156,36,195,166,28
240,241,169,237,38,49,204,69
163,153,214,253,255,185,73,202
45,0,164,26,119,150,207,232
204,189,103,169,251,157,172,197
152,102,26,33,159,15,95,218
66,221,216,17,36,232,54,140
199,31,248,191,72,120,173,116
99,136,230,153,212,223,205,10
222,131,213,212,91,27,244,251
234,52,35,130,98,98,107,155
71,111,61,216,152,251,59,171
185,172,104,44,59,144,107,111
250,180,131,157,123,230,92,155
214,42,239,71,93,166,246,181
187,98,156,163,44,138,60,193
152,223,17,221,129,39,112,236
44,0,114,201,251,83,94,139
203,166,211,44,91,193,60,215
96,39,57,153,91,90,159,113
5,152,174,68,50,95,173,207
173,245,198,98,240,0,138,137
34,138,40,70,224,133,18,103
235,110,44,228,134,114,7,163
18,90,162,56,219,36,165,0
139,13,201,1,227,221,115,198
202,106,210,182,78,188,240,60
75,52,72,132,6,103,74,72
231,65,235,112,196,30,255,192
254,82,22,246,54,28,169,184
118,181,250,201,193,120,172,65
246,90,20,144,105,182,205,151
51,223,96,44,117,166,172,64
175,245,182,20,1,98,92,68
122,100,147,8,0,237,106,88
183,35,220,213,115,174,202,64
198,37,46,50,110,107,96,206
26,234,204,53,122,23,37,197
39,41,160,162,0,103,203,220
90,103,250,53,9,12,237,69
163,127,95,97,62,106,69,245
188,209,252,117,60,99,1,85
174,217,81,227,228,19,30,88
159,127,65,136,160,212,214,251
219,66,23,79,102,35,99,110
194,77,202,8,78,63,232,55
211,6,241,106,107,253,225,213
55,124,73,173,73,9,13,23
53,65,91,136,234,247,104,207
245,99,38,86,192,192,107,175
142,49,131,99,156,199,250,225
201,244,216,227,115,46,218,217
38,80,191,180,76,19,134,248
107,26,73,28,75,218,114,55
215,143,135,168,0,227,110,13
112,118,164,213,32,197,55,142
14,244,126,219,206,93,152,168
230,252,79,65,138,198,204,248
88,159,170,51,209,99,224,218
22,119,162,104,30,187,100,173
252,161,86,172,135,50,71,163
36,172,69,218,255,122,252,242
119,95,89,234,200,191,59,46
160,60,48,192,113,92,144,212
136,206,80,16,141,97,238,236
215,185,126,233,244,137,105,111
21,134,167,79,42,47,13,247
133,133,105,242,145,56,25,101
255,176,212,2,84,117,82,236
49,168,239,234,22,225,138,34
64,147,180,216,88,249,252,118
183,132,86,135,17,185,163,244
143,253,237,79,110,203,87,215
74,208,234,189,225,132,129,38
175,113,153,22,107,69,217,236
14,225,244,110,75,216,176,200
152,67,169,183,227,158,153,219
71,180,111,235,18,134,189,186
239,80,192,235,241,5,109,201
142,32,3,169,65,49,115,19
161,203,211,96,24,234,226,220
155,224,170,18,189,68,84,237
172,191,107,83,14,195,188,206
13,183,230,233,57,104,161,90
22,244,125,148,11,85,15,145
188,217,231,190,78,104,121,218
55,42,65,238,9,142,60,13
165,178,141,82,112,65,220,209
140,84,1,251,235,33,115,139
84,12,102,152,208,231,63,151
102,224,214,179,64,151,40,184
163,160,177,8,27,49,189,68
215,118,135,136,7,247,192,86
226,189,91,180,201,241,124,234
54,185,90,81,207,172,63,23
68,169,129,1,190,204,35,11
143,104,212,54,6,15,94,246
187,206,183,177,47,15,234,128
25,67,202,98,17,86,102,186
67,106,3,213,11,29,49,170
231,73,106,55,80,23,118,41
21,218,246,96,38,96,30,74
172,224,96,87,35,254,141,76
188,51,144,69,93,62,91,24
48,27,75,57,143,122,137,134
23,250,200,114,248,228,71,74
141,92,137,125,183,144,86,162
28,205,204,69,159,44,130,117
214,223,40,23,200,73,160,55
33,203,47,97,65,82,224,170
78,39,78,114,49,194,157,77
155,154,182,75,180,216,224,1
1,0,115,7,146,211,230,135
95,22,142,131,150,84,80,162
66,236,255,143,178,210,38,203
196,82,201,169,192,26,17,143
45,92,201,20,25,145,175,185
55,44,99,150,115,147,24,36
104,127,139,90,56,139,3,10
191,65,61,67,147,65,119,238
132,64,134,242,153,214,114,73
179,112,152,78,8,143,111,226
207,249,12,224,73,134,9,161
84,11,24,86,212,85,178,188
55,21,11,153,244,116,61,15
220,62,133,78,71,161,107,209
10,85,37,209,202,139,254,88
102,210,1,19,147,224,154,216
22,95,175,35,0,4,129,202
194,76,246,77,19,171,36,106
90,247,216,91,11,234,8,7
114,233,229,226,180,62,154,123
206,38,75,213,124,140,141,108
156,101,158,25,162,198,34,241
190,222,84,64,134,30,32,195
95,251,201,213,228,21,234,11
238,54,8,25,11,246,157,36
56,52,135,105,251,151,113,195
63,200,181,215,86,172,233,67
18,96,183,207,160,155,220,179
131,206,6,73,131,146,91,185
232,7,255,183,23,95,27,214
34,205,159,111,98,167,75,199
179,221,114,68,211,122,172,208
216,173,136,42,12,193,154,60
68,190,207,27,126,61,83,84
218,254,30,89,60,236,249,61
78,210,127,174,107,30,31,177
197,134,128,55,24,98,19,178
200,156,61,89,193,52,114,140
1,12,5,204,89,45,227,50
190,227,28,35,160,132,213,83
241,36,117,25,192,150,178,201
153,45,140,58,23,19,49,10
244,193,149,21,124,77,35,31
179,192,153,88,25,147,135,251
236,118,216,58,55,109,147,80
90,150,145,69,29,201,183,220
108,8,36,200,65,249,99,95
123,47,23,105,243,193,178,175
47,248,156,94,117,92,115,21
68,189,1,224,186,135,7,45
23,137,69,147,8,45,202,213
181,205,9,228,214,180,176,22
161,179,134,159,142,1,87,203
76,14,177,82,124,157,143,208
17,173,31,68,99,158,222,114
71,82,173,10,187,125,79,54
201,146,5,123,154,139,164,121
93,179,83,191,240,245,59,37
74,88,62,98,131,4,133,82
10,42,157,238,213,115,198,171
154,111,208,67,210,180,204,229
116,201,39,210,206,227,30,44
19,239,165,247,160,245,58,162
224,148,254,124,95,127,80,68
180,247,13,106,248,145,164,64
220,15,167,146,252,39,76,52
193,105,143,40,147,175,84,35
235,118,70,172,37,88,165,207
52,246,169,28,46,138,46,252
4,157,32,100,82,216,141,249
202,161,195,227,220,134,0,208
85,25,243,71,132,30,87,231
218,206,70,61,104,242,147,159
65,44,252,186,27,129,209,68
20,78,246,63,148,215,244,50
41,15,197,125,81,181,60,170
244,7,65,209,75,92,128,76
18,255,148,200,170,51,22,45
85,21,194,200,140,7,148,57
199,58,28,243,179,57,167,155
134,164,241,199,153,72,220,181
88,73,4,119,19,165,124,114
214,8,143,198,144,109,24,112
228,252,12,58,13,125,212,163
167,28,55,221,86,95,38,54
167,223,76,81,156,252,149,133
76,37,110,56,224,18,46,253
59,203,152,20,134,92,234,93
122,69,17,27,54,146,218,97
112,106,12,61,137,230,74,169
202,188,145,190,78,9,35,252
223,132,206,96,124,230,255,92
216,120,226,44,36,138,77,237
114,88,150,159,220,174,14,125
111,115,95,121,2,32,16,65
49,179,176,211,119,136,145,106
119,61,80,10,139,37,60,133
0,93,136,205,118,160,97,5
195,170,215,137,182,162,232,179
36,125,181,98,73,141,212,25
31,98,52,192,163,42,60,105
67,147,140,102,163,102,203,121
41,245,120,8,25,115,164,78
167,58,47,64,109,137,74,92
148,225,234,217,176,220,213,60
247,215,185,206,83,180,104,6
94,208,232,105,53,151,222,77
20,233,129,95,173,150,139,122
209,144,158,247,89,14,132,67
127,54,11,10,2,71,182,45
159,147,20,144,218,117,79,144
194,47,199,11,8,179,249,163
37,105,254,41,144,158,13,228
82,221,88,72,97,81,159,176
242,225,195,86,60,108,116,137
191,131,43,240,140,241,187,117
59,123,158,204,121,85,103,144
16,116,253,36,20,40,117,195
16,63,62,58,32,61,36,177
16,154,85,73,182,41,116,51
70,238,158,209,211,136,123,83
196,5,71,115,106,39,81,21
191,50,238,111,238,198,240,68
216,21,153,16,227,24,56,209
122,8,214,11,14,228,13,164
137,252,57,86,124,208,237,177
234,125,246,16,178,218,54,78
38,41,223,162,82,212,177,228
159,170,188,99,47,123,128,11
158,178,95,243,238,240,77,127
61,72,124,250,150,105,181,100
19,6,135,178,248,134,204,245
108,236,229,250,8,62,247,178
13,50,91,96,141,25,17,70
236,138,10,210,2,79,224,44
130,230,183,101,121,129,206,220
238,244,181,173,1,132,234,234
182,137,187,148,236,42,156,206
186,137,95,1,128,12,165,23
170,48,148,31,111,7,11,127
127,169,154,34,101,117,58,131
97,15,251,31,80,145,104,141
110,227,52,159,135,92,215,161
238,113,231,86,206,251,93,114
236,161,191,7,249,65,250,208
37,148,87,241,143,127,239,53
195,83,186,2,242,68,138,241
24,136,102,5,18,12,133,68
145,212,74,57,46,179,146,186
241,1,66,59,5,197,225,101
154,230,54,157,159,179,69,162
108,109,228,55,108,214,112,129
173,189,23,88,157,84,207,189
248,182,111,128,22,128,66,154
67,47,237,219,114,47,185,160
112,175,9,130,159,105,22,153
43,163,84,192,104,210,200,38
214,114,200,140,70,234,31,235
69,123,85,212,254,202,134,113
128,32,20,177,67,113,58,141
242,219,215,252,110,237,23,234
244,69,253,129,57,40,142,190
56,99,79,8,116,121,91,67
21,109,175,32,48,234,196,22
30,252,142,100,204,62,231,245
188,147,234,201,150,80,99,85
20,194,239,195,146,249,208,236
51,176,104,165,79,90,218,39
168,254,43,210,136,150,19,161
106,45,61,177,138,198,80,76
81,79,121,238,96,8,72,239
20,28,23,3,244,122,158,163
19,14,94,238,135,13,124,136
76,114,187,134,148,103,142,42
83,47,224,112,231,7,19,242
36,76,206,31,212,125,105,50
92,66,16,43,145,172,223,207
236,39,208,57,130,187,251,182
67,226,16,0,180,7,127,185
184,46,222,15,109,121,153,203
98,5,2,14,86,155,171,145
246,136,114,118,68,253,162,66
33,99,128,138,245,12,243,239
25,44,30,38,237,46,75,45
250,254,61,115,237,77,254,201
106,215,193,227,253,156,195,179
213,221,140,36,12,197,201,137
225,244,217,247,224,29,11,152
64,27,117,59,249,198,200,228
32,222,105,111,55,234,19,36
13,222,207,211,114,87,250,193
238,187,185,152,114,32,238,27
153,117,74,234,0,174,34,158
73,247,167,179,242,128,181,0
1,217,63,53,190,137,246,174
112,223,152,21,173,202,151,63
152,245,40,136,251,51,23,174
26,162,252,2,209,212,201,58
4,189,184,32,88,0,125,153
111,205,152,60,167,89,185,159
56,101,200,79,143,246,41,147
64,124,149,250,4,149,43,211
124,25,238,14,78,39,208,41
190,142,183,169,228,239,192,234
116,181,248,9,232,249,32,153
68,52,226,7,180,32,25,159
142,18,142,136,106,8,41,95
15,1,83,188,103,205,214,186
253,103,173,81,87,252,170,25
107,162,112,177,169,91,143,23
70,145,149,30,186,32,39,132
0,236,216,207,239,160,105,239
141,222,147,75,19,210,178,103
224,6,53,199,152,223,71,95
139,182,11,105,229,130,212,148
219,139,89,29,226,109,55,234
201,128,166,82,161,239,86,159
28,5,107,62,151,97,60,46
98,245,146,141,5,49,89,32
81,58,102,195,127,156,28,136
50,204,129,246,57,64,116,231
105,82,108,28,113,73,139,88
17,251,252,146,150,188,123,168
122,210,254,253,24,231,161,0
81,224,204,87,13,183,220,14
201,139,45,19,67,15,107,181
45,186,138,255,26,29,90,3
120,99,46,58,235,65,82,226
109,95,255,59,217,86,236,173
223,252,3,171,32,46,217,162
102,4,196,242,38,181,223,172
16,27,101,42,3,56,190,240
126,225,65,36,23,144,215,30
149,127,104,91,247,139,59,16
118,3,25,171,228,206,127,10
242,53,30,34,157,17,236,143
111,35,137,142,57,94,75,173
207,147,65,105,89,183,190,175
119,174,101,225,245,112,134,226
230,116,146,252,172,169,177,112
121,7,76,66,182,17,40,29
212,41,247,30,220,94,53,246
163,37,183,221,241,130,13,215
131,107,208,241,69,77,144,180
169,22,247,204,145,161,110,223
121,20,64,17,238,173,13,103
175,247,108,14,239,58,98,37
105,204,48,240,143,51,186,229
44,222,223,98,244,254,246,16
94,7,43,130,130,193,187,153
205,127,22,255,5,3,38,106
205,31,82,203,219,171,155,158
197,163,249,94,136,117,70,25
174,30,17,41,110,223,184,198
60,8,233,235,44,102,103,156
41,89,220,214,219,34,104,145
218,241,55,197,30,131,123,118
96,172,111,138,143,76,89,189
87,78,160,56,217,196,90,221
25,176,96,63,94,33,228,247
120,128,21,98,36,82,79,142
100,222,206,29,241,83,18,68
145,57,80,193,143,83,8,47
12,212,154,108,24,62,29,159
63,144,158,182,28,193,87,57
14,51,233,148,204,234,34,120
194,151,176,159,186,162,16,131
130,208,24,64,134,25,26,163
69,83,27,147,17,207,41,72
144,94,118,4,63,28,40,131
250,189,246,157,170,216,211,250
154,118,243,122,166,103,184,163
82,3,201,122,87,88,40,175
175,24,218,230,160,54,64,238
176,40,216,1,60,9,162,91
177,232,179,225,243,234,130,118
84,193,97,140,58,182,160,53
131,251,155,66,44,44,2,169
171,28,132,171,108,32,177,104
157,97,202,32,163,224,125,226
57,40,35,155,149,228,57,208
85,3,45,138,67,111,172,25
182,27,90,28,13,44,146,248
167,64,147,75,136,144,108,45
185,1,213,160,174,146,101,218
100,60,7,79,46,75,43,56
125,33,178,215,80,156,70,146
221,8,186,162,40,59,132,13
197,90,138,116,95,128,76,166
196,200,220,133,11,28,39,146
192,54,204,116,235,34,196,65
160,3,198,15,70,118,14,58
129,105,77,69,140,96,40,62
11,225,22,230,37,126,166,214
92,226,137,168,55,164,213,205
102,226,143,38,141,57,37,163
195,26,25,162,86,220,46,46
84,23,191,2,86,206,218,47
83,193,147,44,203,55,112,254
69,65,202,85,111,61,121,254
1,43,238,251,58,2,137,218
141,209,62,130,123,74,221,160
205,86,93,128,34,200,57,68
240,40,115,111,190,213,11,28
185,2,171,141,173,23,174,136
152,176,121,28,3,156,154,222
127,231,101,232,91,205,112,169
192,140,137,216,51,45,240,75
223,134,106,73,135,23,76,125
16,148,152,180,110,208,94,56
90,200,34,165,23,93,39,51
87,46,10,25,178,71,245,102
159,185,69,189,215,250,53,33
161,112,98,53,27,226,175,227
31,240,29,29,29,60,8,169
223,121,240,216,226,26,237,95
78,169,10,180,137,222,126,48
143,86,234,80,196,227,129,204
246,118,21,221,164,56,11,166
139,136,58,60,233,235,181,64
201,69,174,147,54,21,152,47
235,233,32,70,20,246,83,83
71,109,142,170,5,138,17,85
249,187,115,207,60,121,88,23
53,136,122,251,81,75,99,254
94,2,216,123,8,209,242,12
218,39,110,121,160,75,130,39
113,208,139,214,4,26,136,2
98,22,183,192,238,205,125,35
241,12,112,164,193,152,37,145
217,153,98,211,197,77,217,44
207,249,218,181,82,112,186,230
160,196,152,16,96,81,117,95
104,91,157,16,201,22,137,216
104,247,255,140,125,241,78,157
50,69,127,248,220,187,197,26
178,61,99,198,174,213,20,18
145,180,211,62,241,222,60,37
68,182,223,19,164,5,224,18
31,123,151,146,113,218,244,201
165,181,97,207,147,119,245,0
206,57,42,81,227,63,128,114
182,21,34,12,90,60,156,52
101,162,243,238,72,195,141,117
30,189,99,210,165,55,208,43
207,217,206,10,95,115,124,207
74,164,243,104,188,247,87,8
66,27,132,56,5,166,130,4
91,73,208,175,152,14,182,97
91,26,196,63,151,11,19,45
141,90,30,211,29,156,116,222
109,75,191,100,28,202,63,71
84,43,216,236,212,43,143,30
196,83,218,180,246,167,135,26
185,4,175,218,26,81,199,253
30,40,221,127,189,102,11,248
182,157,0,224,255,107,125,229
213,202,46,157,146,163,236,75
31,232,215,221,40,168,108,222
204,157,101,94,226,11,192,125
73,213,133,178,163,231,78,0
149,67,6,178,183,177,2,144
79,116,4,216,161,93,153,31
221,111,157,79,167,22,145,214
101,218,214,227,160,255,40,135
225,128,121,167,53,213,248,86
136,41,212,104,78,75,63,107
143,113,188,191,37,194,118,56
34,83,3,185,187,41,100,39
94,209,15,204,119,248,196,121
146,187,82,23,77,115,12,20
247,153,41,81,254,163,172,54
192,87,198,7,55,126,195,35
99,237,111,45,242,114,153,134
19,98,77,131,146,35,111,116
205,13,166,10,70,252,8,20
122,201,150,236,0,213,128,146
162,92,32,98,64,126,119,101
75,236,28,236,228,138,234,50
88,99,91,78,162,232,33,159
132,80,9,46,135,5,181,173
45,87,175,249,187,211,180,251
249,55,148,26,67,115,44,78
155,205,144,3,110,14,165,20
117,143,230,249,20,247,73,109
164,52,214,130,238,140,44,229
114,254,158,27,8,155,45,64
130,179,229,197,171,102,120,167
166,236,117,196,134,168,106,97
17,228,44,81,153,96,153,207
182,130,156,236,13,76,125,77
188,68,5,85,184,38,187,65
242,169,126,47,225,225,225,213
218,160,81,184,146,145,15,129
150,4,69,167,5,56,67,64
22,119,237,22,210,172,174,243
194,178,79,191,211,80,68,147
111,51,182,143,233,186,179,3
223,97,30,158,251,99,81,10
129,201,46,50,237,196,54,234
97,104,190,51,100,117,183,50
178,197,224,120,165,71,70,13
163,166,238,135,239,209,138,98
80,209,139,93,131,183,194,83
103,176,175,219,59,235,47,237
163,39,19,245,91,22,135,40
238,132,235,56,77,115,153,156
88,203,236,150,236,97,140,58
251,177,41,104,79,68,99,238
220,128,110,89,95,233,51,22
239,209,238,107,195,15,194,220
132,14,175,60,73,108,155,229
48,141,34,139,221,29,250,68
76,128,140,249,132,14,148,63
46,122,243,40,17,104,104,79
62,79,31,180,91,2,102,156
67,242,21,215,61,116,83,214
54,98,156,37,152,94,127,3
42,178,6,67,42,184,178,215
126,131,151,202,216,95,141,44
245,154,172,118,113,253,123,131
182,83,109,183,167,211,20,37
88,107,0,160,250,145,97,106
71,254,15,91,175,129,111,173
194,161,200,176,155,75,95,119
132,100,53,186,128,145,119,132
25,155,162,162,23,238,235,191
199,101,121,254,239,198,172,242
101,195,138,76,52,12,177,255
114,17,82,66,164,21,199,132
246,97,166,19,2,55,206,231
236,22,162,251,18,16,169,96
138,53,180,109,204,101,254,203
179,103,232,248,137,56,167,35
45,148,205,79,195,106,89,37
208,90,238,246,133,237,138,205
100,12,148,157,31,139,134,83
146,135,22,92,241,160,188,152
56,192,9,213,126,202,182,184
29,200,27,189,35,15,142,48
76,200,170,82,189,185,213,179
165,82,45,187,97,112,242,178
0,122,246,42,243,201,74,52
124,41,169,51,41,147,105,218
239,110,163,217,92,130,34,32
176,135,196,211,205,42,144,177
44,50,106,146,226,239,58,9
200,41,124,253,10,26,199,174
221,70,147,94,25,129,178,218
96,180,228,143,4,17,21,132
158,138,154,200,252,215,36,12
39,75,40,139,240,114,244,222
154,215,252,126,112,89,188,237
214,131,79,3,215,148,167,158
224,211,38,12,162,36,165,158
138,213,10,215,34,185,127,64
110,187,229,155,95,157,114,120
245,128,52,105,44,79,123,254
54,185,96,208,226,161,84,179
72,226,213,7,135,255,201,100
146,227,163,242,87,94,99,61
222,206,57,117,85,126,25,212
159,224,212,142,120,158,119,206
183,78,73,87,130,194,187,230
183,136,40,221,247,239,9,39
56,164,129,177,143,51,147,160
135,114,110,128,60,87,229,78
228,82,133,217,30,197,170,157
35,109,65,94,30,39,7,150
162,109,207,151,136,225,24,40
211,227,230,221,184,244,120,43
250,148,135,170,110,174,125,85
249,21,128,142,167,62,70,23
128,194,152,233,179,120,155,66
47,100,143,119,41,35,42,172
58,94,101,57,235,250,117,18
0,176,127,20,169,83,255,93
36,164,195,110,70,43,8,38
133,239,50,163,247,139,242,170
136,119,114,150,81,54,20,181
79,101,132,145,119,23,214,73
206,206,178,99,219,135,191,74
188,52,199,233,138,165,201,241
178,169,47,231,219,6,48,72
158,48,6,191,127,60,30,39
188,208,231,177,245,247,35,182
252,3,180,188,127,71,15,223
171,48,75,25,255,103,127,138
134,222,12,173,78,112,70,157
126,140,43,46,190,152,232,228
151,195,151,126,111,77,36,41
180,160,137,103,125,165,159,102
55,42,20,8,249,49,117,211
73,212,219,2,66,231,224,192
199,120,89,194,28,17,103,170
2,77,138,255,120,188,8,104
204,155,244,79,236,163,216,171
101,158,28,22,70,6,119,161
102,115,234,154,53,233,218,10
48,35,88,36,184,231,245,105
111,246,249,136,30,139,27,0
227,48,245,110,177,143,138,172
194,227,229,188,30,146,181,92
27,156,187,221,212,237,144,180
46,69,110,244,45,95,165,246
109,155,225,175,83,155,219,150
108,184,6,35,1,245,24,49
134,192,11,151,111,158,55,61
90,112,137,172,61,59,51,24
8,145,110,155,141,10,180,143
231,153,160,93,13,13,37,229
235,234,68,46,10,253,82,32
65,68,133,118,127,49,217,249
109,233,17,249,97,153,19,39
139,192,108,237,233,84,209,90
134,232,94,177,101,31,218,71
12,178,208,134,212,101,221,170
223,151,226,45,197,249,244,163
119,183,98,133,144,149,245,226
94,49,16,115,234,241,58,140
238,179,54,191,149,80,30,252
117,153,176,115,7,10,32,121
26,108,233,191,103,54,74,1
36,248,115,243,79,223,18,12
87,208,212,51,143,197,24,244
50,65,131,241,129,79,194,220
126,125,62,137,43,212,223,217
68,40,61,210,226,28,162,248
181,170,140,26,244,218,129,239
217,22,221,8,170,70,200,57
158,249,207,240,191,59,193,48
75,113,59,19,169,84,40,64
13,49,64,142,40,102,160,102
26,196,239,244,138,56,101,195
189,255,166,245,174,115,79,6
208,125,241,56,22,209,170,164
223,20,31,118,145,167,99,145
49,3,127,182,2,90,114,100
230,182,170,136,232,167,52,165
137,0,163,101,174,236,14,235
135,205,230,164,107,153,73,60
61,124,188,206,187,87,37,132
120,18,44,74,248,48,50,195
79,101,68,101,216,139,77,6
230,76,108,15,53,106,248,40
21,144,83,158,217,105,176,134
125,80,153,241,231,182,133,58
20,149,9,4,99,42,178,116
211,8,195,219,173,134,76,35
55,119,133,138,227,28,123,179
62,252,225,220,198,6,61,184
82,132,135,163,158,50,243,180
44,95,62,113,238,231,95,24
191,124,66,235,211,76,189,163
45,53,214,244,68,130,250,201
112,107,97,92,232,114,136,80
151,139,167,195,83,2,209,187
11,105,126,0,113,78,242,41
168,155,208,212,52,232,131,51
187,22,26,250,121,169,20,82
32,253,211,71,126,24,184,50
213,3,234,201,155,153,254,72
74,18,33,224,69,86,111,107
21,187,52,22,129,229,74,157
21,117,70,251,232,63,200,165
91,166,184,240,131,196,47,242
200,11,5,83,60,54,203,226
116,149,7,44,102,125,87,82
225,69,134,255,101,252,5,147
10,61,102,82,34,174,43,220
200,109,216,229,249,187,23,2
29,170,42,75,34,48,134,154
232,226,108,2,180,254,169,169
168,117,229,206,153,65,120,202
58,7,209,57,178,213,21,170
213,123,81,153,31,254,136,20
34,94,50,204,33,206,207,165
171,61,78,26,88,107,224,211
155,72,45,88,194,150,135,248
132,202,92,91,17,158,50,124
32,91,116,206,180,69,60,121
156,204,87,46,180,182,159,123
121,82,167,36,249,138,194,79
223,225,103,13,221,89,4,38
210,186,67,241,180,31,32,100
182,193,118,51,199,254,27,7
30,156,61,157,117,249,27,43
182,96,155,149,158,90,53,136
93,37,17,183,221,157,144,1
151,152,222,3,67,182,197,97
183,247,219,120,149,132,212,40
236,2,185,0,49,173,124,168
83,97,152,31,221,247,182,187
152,24,109,48,131,124,43,171
227,157,29,225,88,93,239,225
246,66,127,54,239,217,241,9
168,54,239,206,113,152,101,21
84,99,11,220,181,230,90,14
222,130,86,50,239,222,217,156
253,250,3,178,17,151,10,150
191,70,115,166,192,160,198,55
222,92,164,233,91,31,72,117
124,173,49,226,181,14,66,83
165,58,154,242,237,67,105,205
81,147,24,181,136,58,166,29
107,158,171,22,237,47,42,215
121,143,85,69,100,100,147,191
168,215,195,144,7,178,63,219
18,235,17,219,216,16,225,99
55,17,50,30,71,132,16,224
57,183,116,123,70,166,4,255
30,231,91,230,247,147,214,243
234,166,19,85,52,180,205,246
108,108,8,158,251,77,21,135
101,223,158,185,88,25,120,85
29,61,182,207,84,165,18,233
192,228,179,29,60,45,186,28
219,35,79,192,251,97,2,194
90,36,21,113,181,168,117,212
237,6,116,48,154,233,227,116
54,210,205,21,2,244,8,199
83,249,170,173,165,44,31,54
0,250,232,74,135,3,66,31
102,124,139,137,137,247,53,244
166,126,226,34,196,229,84,38
120,38,89,133,97,44,98,44
187,180,47,3,181,53,79,132
49,71,100,161,70,228,74,3
186,6,179,205,26,41,190,91
224,122,50,27,81,33,244,42
113,25,217,45,70,194,47,213
31,82,203,132,180,202,17,106
169,124,186,126,122,45,250,86
112,153,105,129,42,13,182,62
76,111,23,121,237,139,177,116
151,234,213,138,51,159,250,159
89,3,79,35,46,220,68,241
2,205,228,51,200,190,244,203
209,218,0,230,22,254,143,203
213,158,61,30,236,136,71,250
138,115,236,128,89,132,1,77
63,68,241,96,178,227,134,195
209,144,60,143,244,202,45,99
38,133,112,199,1,250,1,110
141,32,34,184,164,71,120,78
90,148,154,49,109,90,9,93
255,151,108,255,130,175,23,235
37,16,76,132,38,108,138,238
128,179,39,49,82,129,144,204
114,222,27,234,224,1,9,197
62,165,242,238,119,72,21,180
135,20,66,6,171,178,222,228
253,223,121,176,104,208,31,209
151,225,62,197,91,212,233,127
40,220,115,24,18,82,81,56
135,105,117,250,46,194,163,181
15,253,16,128,127,135,171,191
126,93,10,21,174,12,168,246
105,196,228,44,173,59,222,175
90,67,65,254,51,133,23,92
252,141,98,50,119,206,146,86
134,44,203,154,145,43,211,251
202,232,242,188,95,104,99,61
30,149,187,107,134,220,57,162
174,133,144,22,203,250,21,38
114,29,37,81,234,72,155,2
181,120,116,76,136,37,23,19
4,36,186,184,113,248,101,110
128,31,89,167,132,141,238,147
71,54,156,25,14,70,229,63
10,157,218,49,112,234,142,13
195,12,41,121,247,137,60,84
226,204,43,173,44,150,174,67
154,148,9,127,247,138,139,88
136,42,105,117,69,16,98,32
132,178,134,35,45,177,195,121
221,42,70,194,125,192,29,110
44,171,159,164,237,85,191,212
9,52,77,31,246,72,226,50
119,255,29,231,197,115,246,63
62,137,39,138,11,31,188,110
2,167,175,225,214,51,110,87
66,211,87,211,231,75,16,13
198,107,49,236,131,8,35,208
136,107,97,41,211,63,206,243
254,173,2,168,56,205,154,239
197,168,213,44,112,198,63,155
119,65,49,87,81,198,187,232
220,108,170,26,44,68,195,224
2,225,180,180,227,211,228,201
117,147,51,85,199,166,190,35
90,142,187,132,30,169,75,206
104,118,57,39,131,168,251,17
57,89,170,66,190,241,73,249
253,71,131,195,147,211,6,153
213,173,229,198,226,24,204,53
203,189,100,252,20,74,203,67
235,237,185,241,185,74,116,144
38,236,132,215,100,152,94,160
39,207,57,0,107,138,107,111
105,106,12,250,4,80,141,10
199,211,24,46,105,201,80,96
219,30,32,87,103,114,149,66
227,167,91,202,102,67,62,214
207,164,76,54,150,122,53,68
49,234,251,19,46,163,127,24
219,50,248,82,54,136,33,197
9,62,136,80,234,50,193,239
129,93,255,190,208,22,16,132
249,166,111,84,91,149,227,38
225,144,202,192,210,217,90,241
241,248,132,108,115,223,247,145
110,214,182,229,176,36,165,70
89,8,38,140,111,199,117,80
197,180,168,125,136,209,19,237
6,7,93,231,103,129,21,97
14,1,151,158,128,167,95,100
169,187,28,35,165,37,191,215
251,155,27,98,226,175,78,66
44,4,214,234,0,181,142,108
62,180,249,56,100,24,115,64
109,227,158,3,223,110,34,241
147,180,235,159,250,100,207,83
76,243,159,31,133,244,95,53
223,230,197,167,101,78,164,226
75,234,13,237,196,135,106,107
62,32,36,130,167,57,6,113
76,54,147,252,74,183,233,170
172,36,29,228,239,251,150,101
189,203,67,104,237,140,212,82
190,36,137,243,0,108,118,61
136,216,152,231,16,208,108,69
148,57,245,160,112,107,3,24
237,63,10,23,23,82,210,116
228,215,88,91,204,205,146,117
3,242,34,207,125,155,183,194
174,232,40,203,244,217,183,164
94,116,78,230,57,181,156,126
171,170,169,14,5,9,165,163
0,41,117,255,211,106,34,47
50,57,140,238,254,251,79,100
223,23,212,226,183,235,19,133
160,6,138,229,161,107,39,177
164,202,128,91,128,158,104,208
34,225,149,185,8,28,34,73
125,222,121,5,170,144,105,86
121,35,76,31,178,172,204,147
209,115,106,121,201,121,75,98
97,68,178,59,234,245,91,168
222,166,111,254,148,82,1,94
33,15,184,3,141,94,36,153
255,8,153,99,94,92,44,184
75,164,64,4,154,141,201,217
114,5,51,225,53,28,115,135
222,186,154,220,123,137,187,13
130,172,9,163,62,164,62,83
243,103,161,164,225,38,190,33
122,95,147,29,162,251,187,242
47,116,161,16,247,13,197,8
7,112,177,83,2,220,202,224
3,80,150,248,241,237,132,72
5,64,117,135,188,224,92,50
42,22,32,162,0,124,250,152
217,61,238,13,43,105,21,87
137,148,41,250,236,208,218,3
119,6,9,68,194,45,84,200
229,31,235,62,125,53,38,80
62,152,164,204,186,103,128,154
223,238,174,47,50,203,94,125
111,130,29,70,200,31,184,224
25,114,114,255,184,167,88,96
110,159,204,56,156,26,167,99
104,42,252,51,85,155,56,209
208,197,241,196,206,24,109,99
56,121,137,221,51,126,118,115
137,40,89,121,244,174,250,60
107,175,71,82,214,219,44,216
253,204,184,27,245,120,89,99
84,123,65,135,202,107,117,104
119,1,227,207,126,248,179,1
64,183,198,197,145,215,92,66
22,160,37,67,218,157,4,189
136,12,119,242,5,232,79,195
36,66,174,209,247,64,76,201
185,130,3,153,173,43,225,142
4,47,106,108,0,184,77,77
17,91,166,205,100,13,218,180
86,191,70,3,250,184,107,175
95,95,40,228,119,218,197,224
18,108,127,145,39,148,108,251
204,41,18,202,248,43,31,141
245,58,165,68,55,219,227,100
208,3,194,34,129,145,208,89
70,240,34,137,88,168,106,229
38,166,54,29,35,95,70,193
196,94,1,228,143,141,100,30
198,151,83,188,80,219,138,104
193,23,1,197,94,108,139,221
128,106,145,54,57,246,204,93
239,189,45,147,172,23,23,52
19,250,173,255,193,201,167,223
127,67,193,162,32,55,102,227
161,106,179,131,29,10,154,52
56,233,83,47,114,164,162,248
81,136,251,52,238,62,205,123
180,177,14,248,52,145,63,188
90,9,99,222,52,55,29,78
127,200,198,25,70,85,205,24
120,176,130,110,188,232,231,254
191,5,153,19,93,212,217,116
96,85,102,153,75,97,76,72
96,49,57,183,12,10,23,127
248,36,184,176,65,10,135,157
3,13,141,196,24,126,29,159
92,213,182,204,91,78,21,41
170,153,187,225,239,253,40,216
40,167,94,212,141,40,150,162
201,176,29,241,245,235,89,83
178,76,143,44,185,35,79,130
121,244,65,231,186,27,160,177
57,68,41,210,31,230,149,210
159,0,230,130,15,52,95,93
238,114,6,230,52,217,6,98
63,243,144,102,72,1,176,118
187,239,138,138,159,196,66,216
208,118,242,22,57,248,23,141
6,159,71,16,148,140,178,48
16,164,54,166,26,239,242,4
176,88,185,100,74,79,136,2
36,9,52,48,184,31,202,83
201,122,104,53,217,67,208,123
254,36,83,223,158,31,17,132
157,21,105,48,226,185,199,234
205,233,165,16,179,116,130,110
43,153,46,193,3,130,204,226
251,100,251,250,58,45,29,75
175,189,170,113,236,165,245,236
35,30,172,71,69,184,161,146
104,90,27,99,231,179,39,232
85,154,239,102,27,151,203,142
195,181,9,85,122,125,205,186
77,146,235,112,20,35,7,22
2,185,25,4,80,23,137,205
84,107,38,245,3,206,165,16
221,30,12,58,109,207,197,129
117,139,165,48,89,82,128,116
44,234,149,151,240,84,49,34
140,96,248,176,30,45,79,111
210,60,242,116,30,126,115,74
5,51,220,162,195,10,34,75
102,147,243,252,186,131,187,140
81,83,164,185,98,198,172,152
151,43,62,184,141,174,166,83
109,40,247,183,67,70,109,175
41,130,59,250,61,224,245,128
224,123,38,136,115,173,229,144
67,110,52,231,159,228,142,218
47,102,254,53,110,34,33,72
88,109,89,115,253,185,128,230
193,134,14,246,90,196,92,59
224,81,7,102,155,18,79,233
22,215,41,7,114,169,156,31
81,167,131,226,141,109,243,228
170,205,130,21,41,223,227,119
123,177,145,203,8,105,150,152
58,189,49,49,98,187,36,153
0,106,134,65,206,69,132,11
86,13,18,86,78,234,83,54
15,2,157,123,211,234,214,205
61,148,220,9,88,234,168,3
49,113,101,164,72,226,252,162
243,85,72,75,79,51,114,234
229,191,36,4,163,226,174,58
171,84,199,79,97,188,192,55
5,77,236,143,113,43,159,39
20,235,179,230,182,184,250,217
253,55,48,137,117,123,99,184
108,66,2,36,251,21,143,198
61,72,121,195,152,200,66,24
122,8,87,240,208,238,136,166
253,86,171,132,177,189,138,223
239,226,48,55,147,83,65,247
65,68,56,204,70,250,186,179
74,61,50,108,152,226,124,0
204,204,15,229,26,191,247,132
19,123,100,142,153,243,173,49
80,220,169,183,247,151,240,171
103,225,137,59,22,128,49,72
145,212,122,107,42,8,168,244
194,221,120,16,145,191,227,245
143,40,112,128,218,105,187,182
33,168,121,45,202,179,27,108
52,127,8,165,4,133,238,186
94,152,98,154,39,254,186,245
202,231,230,8,66,14,181,228
4,107,228,214,33,234,0,1
85,210,89,250,135,28,147,28
184,139,66,61,37,59,36,105
72,35,248,108,197,210,67,206
149,70,47,173,132,61,249,230
13,121,61,77,103,249,156,89
97,168,184,85,70,239,99,77
105,212,82,31,93,85,3,47
19,140,63,31,214,135,143,181
95,167,194,79,68,158,130,196
211,246,32,87,21,235,194,151
115,228,86,121,9,107,212,22
69,189,228,153,49,251,120,186
106,226,49,6,206,190,24,255
46,248,18,38,135,211,220,179
147,135,162,251,212,54,243,207
16,204,116,122,110,80,208,102
204,221,177,143,83,155,117,145
204,141,224,185,40,206,250,37
37,67,88,105,115,228,150,213
10,216,31,125,195,172,69,15
137,24,89,52,246,102,212,168
156,136,137,56,169,247,58,58
193,41,33,106,35,22,253,130
38,79,162,172,170,15,151,91
188,68,101,210,165,48,143,85
106,160,48,117,76,132,215,214
24,63,144,86,179,6,90,146
113,18,171,201,62,83,126,94
182,252,184,161,19,185,32,180
62,13,251,147,239,76,180,186
235,109,11,54,117,220,35,73
255,142,44,156,190,179,147,150
205,80,78,192,147,139,131,43
69,45,10,182,77,108,64,51
242,85,219,189,108,231,210,126
225,231,24,221,193,224,183,252
27,18,186,248,109,229,248,152
150,40,139,89,71,228,202,74
230,35,224,56,222,39,53,228
144,90,4,111,247,237,32,58
138,83,243,22,5,21,166,73
59,105,7,139,208,79,98,94
215,107,140,177,166,234,55,82
186,208,209,154,110,58,221,5
66,231,35,122,11,229,198,188
115,88,115,157,172,54,243,138
34,186,176,56,195,118,84,226
232,209,249,107,64,165,232,212
192,87,119,147,44,23,107,51
199,94,67,133,142,0,73,204
247,158,211,128,130,39,96,111
230,251,40,55,161,106,223,93
78,152,196,196,23,194,235,5
62,30,14,106,181,213,153,177
64,181,81,141,44,228,60,34
118,210,46,108,117,244,41,201
190,25,2,222,72,101,244,41
202,68,249,114,27,142,87,180
107,41,30,88,251,117,239,149
0,26,63,14,193,25,17,106
12,134,68,237,228,156,68,122
255,230,119,240,208,246,244,253
186,231,107,219,10,1,119,146
58,59,23,161,12,61,147,17
115,200,215,87,244,114,167,236
149,14,111,152,95,232,168,113
67,28,229,239,141,245,157,22
17,109,22,88,175,220,66,69
252,52,250,90,197,127,112,247
210,210,183,199,182,170,115,65
199,96,206,12,208,226,62,88
253,249,215,36,83,1,2,23
151,215,152,248,0,239,217,16
13,119,48,9,46,11,73,239
53,241,155,226,110,192,82,64
127,215,253,53,201,225,102,71
114,207,91,33,152,183,177,167
46,120,52,57,15,79,208,139
154,133,208,3,74,128,95,17
52,55,126,118,107,139,163,223
68,238,132,50,151,106,108,59
153,1,33,173,61,119,167,111
154,51,91,255,97,170,179,158
245,207,148,253,74,180,136,64
243,61,191,81,115,77,173,110
176,79,133,140,16,74,172,40
70,68,152,240,137,179,177,87
215,234,108,57,156,55,122,32
205,218,47,16,199,139,101,149
175,91,145,103,42,1,69,220
69,21,53,139,98,185,63,228
147,55,101,107,28,18,227,241
142,60,79,135,182,9,169,185
40,193,203,160,148,108,230,241
217,45,237,175,232,245,198,137
81,147,27,53,11,179,133,237
36,142,150,211,28,157,123,230
179,41,115,125,255,243,23,222
108,83,128,91,171,214,24,200
168,172,116,127,244,84,14,48
9,220,252,14,200,227,220,19
158,27,207,20,248,152,26,70
233,73,233,187,4,215,95,172
130,148,208,106,61,144,218,224
238,247,200,70,123,72,214,154
27,173,146,131,122,22,151,35
12,57,210,37,175,103,246,204
105,65,104,12,45,92,180,227
116,180,161,151,153,105,205,96
205,26,44,162,186,241,156,122
168,207,189,155,79,50,63,208
178,144,160,49,43,87,168,81
105,199,229,123,105,216,73,33
174,27,128,53,12,169,185,205
82,218,199,111,243,11,49,99
158,145,133,45,200,233,6,13
44,60,87,217,154,113,234,104
201,14,117,197,143,4,134,221
149,12,247,89,158,21,212,235
74,84,33,12,34,156,5,94
243,112,177,161,81,160,92,172
103,123,88,229,114,16,164,151
178,29,199,89,169,61,112,10
109,24,162,237,199,141,3,51
232,191,63,51,63,27,225,176
255,59,187,230,165,216,39,149
114,188,229,166,188,21,84,29
88,129,12,150,126,48,94,220
13,150,229,5,140,139,94,109
52,231,59,223,191,9,148,90
83,192,147,174,205,117,252,173
57,21,195,84,135,171,80,110
187,224,196,8,222,136,202,32
249,88,166,244,39,141,9,26
246,239,193,249,188,30,20,13
19,90,41,136,97,40,41,118
8,240,240,198,247,82,126,218
234,118,47,103,214,131,190,101
156,70,57,168,46,91,2,155
79,143,214,63,136,63,207,175
146,254,109,193,239,19,228,17
76,138,94,175,24,56,52,148
71,27,71,150,174,214,126,122
166,114,68,226,245,8,55,242
135,13,18,57,180,46,99,128
195,136,48,136,160,44,33,193
212,89,72,15,150,89,190,248
31,82,107,99,62,33,161,45
79,142,78,151,83,155,143,70
0,87,109,83,81,189,50,161
141,74,229,180,42,222,153,24
106,172,76,82,62,134,69,194
187,35,69,196,213,224,145,228
205,109,152,72,132,163,178,224
237,206,190,77,222,68,118,13
99,9,87,109,255,198,125,244
92,44,66,61,41,179,0,12
51,36,90,38,2,43,159,196
14,200,245,202,199,172,44,150
82,129,161,220,100,77,11,140
113,233,31,155,7,168,52,27
170,1,85,14,8,50,64,172
185,136,201,17,64,240,201,98
232,51,182,125,183,95,184,170
217,203,151,51,196,100,217,238
208,174,120,184,46,253,121,60
156,204,98,127,215,24,135,135
88,144,23,85,225,98,185,133
218,58,66,0,65,70,74,172
90,145,37,187,114,9,164,80
62,138,242,204,109,128,55,217
252,181,7,134,151,117,176,221
6,7,76,94,201,58,66,112
160,54,48,26,216,249,55,254
218,112,39,9,197,220,188,35
244,163,22,0,87,128,210,241
231,152,114,49,84,127,183,206
48,76,60,74,81,12,206,158
227,191,47,8,188,222,127,185
222,157,2,192,226,161,226,151
209,35,99,113,110,62,4,154
186,92,188,75,78,191,94,82
58,243,205,139,216,226,9,247
45,210,241,103,54,144,148,170
130,235,207,115,202,48,99,12
61,123,86,100,113,109,17,237
60,134,13,137,25,159,143,79
117,112,148,0,91,8,3,186
214,50,158,48,38,30,118,213
205,174,150,192,36,203,0,44
160,233,211,196,199,11,61,19
25,164,135,205,225,19,210,96
249,61,93,60,117,68,144,47
240,26,249,99,240,234,92,89
49,118,247,230,2,170,201,152
50,91,36,196,57,80,194,153
172,97,118,55,82,33,51,21
158,146,56,68,80,95,32,66
231,228,128,200,118,112,13,236
68,137,24,110,162,197,19,71
203,219,249,240,245,156,215,120
133,240,142,114,128,227,224,126
15,240,61,150,61,133,133,254
58,25,133,22,90,80,180,238
222,149,94,217,220,20,15,201
229,130,60,27,14,83,106,138
152,6,163,156,4,91,157,50
27,4,255,1,158,120,149,82
167,204,120,76,72,9,179,182
206,90,132,232,72,165,225,37
50,242,189,91,97,39,96,222
76,91,139,68,13,128,218,18
147,138,15,166,12,60,137,169
29,76,250,91,203,76,27,144
237,231,139,3,217,115,161,60
99,7,163,105,84,202,94,107
75,59,90,6,68,43,122,213
73,160,104,249,47,130,90,107
228,12,12,199,176,50,84,71
159,138,140,136,99,41,173,184
107,189,99,201,108,89,236,192
187,103,9,16,10,168,143,49
30,124,173,71,105,206,7,218
33,8,221,227,172,182,215,81
209,180,40,18,140,39,139,3
38,10,45,183,162,80,158,205
237,236,95,50,229,188,102,184
229,242,97,57,61,140,210,162
196,53,123,238,66,235,204,203
202,37,123,114,133,172,197,154
181,71,130,174,28,226,28,233
7,130,17,162,207,22,134,189
137,205,75,189,188,226,144,210
93,170,103,125,158,184,52,203
250,84,14,118,3,245,70,248
92,69,241,114,138,33,28,209
69,45,216,2,164,63,246,196
186,83,176,156,187,23,221,230
249,247,14,124,89,159,16,88
75,111,206,23,35,53,134,6
22,217,242,105,31,240,93,244
97,45,57,235,128,50,86,21
250,235,215,84,193,138,94,99
220,135,61,4,101,44,98,197
101,234,110,42,207,165,248,236
209,185,88,235,110,56,61,211
77,33,231,99,80,212,64,218
40,175,202,174,59,160,54,137
141,47,98,172,17,77,79,100
200,250,249,217,220,18,70,82
61,51,21,166,25,98,170,234
157,135,103,193,198,198,66,52
37,13,118,209,219,101,10,150
41,179,143,33,0,125,50,233
191,50,111,124,202,118,35,170
44,44,153,180,44,35,138,53
85,182,102,253,137,120,149,188
106,254,130,119,146,109,153,16
108,165,26,89,60,186,44,108
229,151,169,174,177,252,213,108
178,234,94,248,66,89,204,182
182,130,210,42,1,35,49,162
214,128,100,243,115,42,176,114
51,61,37,87,115,209,97,229
167,131,224,149,187,189,76,210
178,201,185,33,187,120,77,139
64,15,44,244,52,160,219,95
228,154,181,241,30,104,131,175
181,21,143,93,236,234,30,120
120,143,203,248,1,17,211,41
108,228,238,156,148,10,161,65
121,80,211,107,234,145,82,183
43,129,47,31,118,65,174,141
255,147,78,226,139,196,66,158
50,38,222,203,181,32,151,90
53,249,10,226,251,3,111,77
54,187,41,52,246,10,23,235
18,122,70,242,83,45,126,200
206,86,68,51,228,251,183,207
117,239,4,175,1,221,59,68
38,230,122,127,160,130,173,164
199,249,15,1,208,19,126,242
219,170,228,209,223,10,202,146
67,170,141,16,108,63,137,40
69,182,141,251,23,151,242,52
39,196,45,25,93,219,189,81
138,168,185,39,19,177,45,85
98,224,85,188,183,50,252,222
56,146,85,212,14,193,187,41
190,37,96,67,242,1,108,133
67,172,33,14,193,19,151,232
44,177,74,38,214,194,16,37
184,161,85,224,146,162,61,216
166,147,243,77,128,85,103,152
42,84,114,20,165,223,161,12
210,108,243,234,220,230,212,60
210,186,106,248,121,129,176,135
63,55,191,78,139,141,193,130
114,145,84,211,133,166,131,112
186,130,245,160,154,231,232,142
104,161,64,237,171,34,113,207
13,80,125,1,113,43,177,87
179,210,230,190,49,224,32,210
178,125,57,39,99,130,81,118
66,16,238,226,191,102,189,75
250,56,77,95,31,165,186,185
138,198,109,218,169,45,247,112
226,123,61,209,68,124,45,234
152,173,36,47,178,224,18,122
153,1,22,43,67,191,139,112
2,205,37,241,57,77,189,151
65,202,33,71,241,133,2,59
94,10,47,29,205,108,18,240
141,40,27,58,177,155,94,188
159,247,213,39,147,162,224,139
196,32,239,78,8,114,226,116
207,162,157,167,66,5,42,9
75,120,73,194,126,243,187,114
96,30,31,92,72,56,11,235
92,66,28,118,136,24,18,185
143,210,111,227,26,92,216,129
254,142,100,43,219,32,215,155
153,134,105,142,185,182,66,159
169,145,194,110,144,252,23,120
42,20,147,110,39,89,66,143
225,97,192,72,151,232,112,41
208,155,41,67,105,214,39,116
130,26,58,186,58,108,71,243
106,140,109,23,176,237,133,13
232,35,221,243,20,40,1,196
142,47,96,92,198,55,170,37
15,253,135,36,45,80,37,169
65,117,133,16,180,139,202,79
0,127,102,162,194,78,195,31
32,61,151,239,183,105,249,87
214,138,124,1,40,228,135,85
69,23,158,123,7,80,255,20
251,180,168,243,202,155,67,12
38,71,170,159,25,12,52,149
25,171,6,24,115,2,151,195
200,153,199,41,136,128,93,2
87,248,222,209,29,172,133,145
65,109,28,181,200,125,27,169
94,73,66,41,219,105,36,24
47,103,231,13,16,58,48,221
240,203,251,245,189,181,33,118
163,12,160,222,80,191,169,96
188,14,238,230,84,199,100,100
176,137,150,145,196,215,154,102
55,207,54,126,49,223,122,122
84,149,135,26,207,6,248,143
201,182,159,147,113,161,71,179
101,75,107,235,78,223,176,24
103,172,119,85,192,158,125,22
64,30,50,224,109,149,205,246
171,154,146,217,201,237,131,93
138,103,200,6,6,111,172,21
157,233,162,236,75,12,95,64
109,193,197,219,155,250,165,207
72,152,15,222,40,230,240,173
227,247,241,143,19,218,207,193
174,228,244,15,94,216,208,113
27,218,246,167,6,197,87,22
61,119,95,9,162,122,223,93
81,217,98,22,145,75,161,227
8,1,86,188,106,52,254,240
151,184,145,160,14,55,206,106
145,95,177,237,55,139,80,128
43,126,42,23,106,149,16,178
71,158,218,189,222,79,43,237
133,114,20,230,11,58,202,156
120,224,231,69,189,135,152,190
128,50,45,224,79,114,237,52
31,52,248,158,250,36,244,0
240,224,212,98,96,137,141,103
98,29,7,54,147,74,195,212
226,32,59,217,77,81,141,53
196,20,156,173,152,98,91,237
68,61,84,140,79,200,241,170
222,230,156,167,32,99,128,161
124,215,12,150,118,222,36,244
56,72,131,144,97,40,84,9
100,154,216,135,214,41,42,212
123,218,208,201,62,131,244,97
255,224,255,19,113,25,58,47
19,6,79,80,92,244,213,6
190,210,161,91,173,220,37,50
247,101,115,99,49,101,114,193
216,33,77,165,75,98,137,165
19,205,166,155,217,161,15,133
155,4,66,231,88,94,198,240
47,109,174,52,0,8,236,139
151,38,147,230,147,182,243,71
178,238,63,227,198,17,54,32
9,237,173,76,174,60,214,92
38,209,196,105,26,232,151,103
114,139,202,75,32,67,161,219
90,233,163,175,188,250,4,163
166,237,152,19,158,229,99,8
32,29,75,33,53,100,153,10
9,14,40,12,62,105,45,133
128,70,118,155,81,137,217,158
49,164,151,114,114,74,3,99
155,161,73,252,32,14,123,214
145,206,97,55,123,220,11,169
104,176,159,34,117,113,221,116
80,122,141,24,192,78,253,90
80,224,20,34,100,24,228,176
213,147,58,109,27,34,191,51
115,75,60,0,52,126,50,74
237,226,84,157,27,37,198,3
27,195,128,187,232,152,156,26
142,183,41,143,39,40,167,160
46,212,240,68,225,217,248,164
184,115,132,4,143,233,44,53
198,149,195,191,75,176,138,32
229,39,23,163,154,0,221,110
77,112,207,63,28,2,173,72
125,98,52,188,44,190,175,157
92,32,194,49,214,98,45,128
139,217,103,110,106,126,170,49
39,40,185,242,39,181,146,182
174,180,149,61,216,40,93,213
30,139,247,19,125,210,177,57
169,169,230,139,224,6,240,85
98,123,64,192,226,239,183,186
56,113,87,16,213,187,153,229
174,134,145,1,43,171,192,88
251,4,232,38,150,73,3,101
119,56,55,77,76,180,82,100
133,142,149,124,183,28,106,28
166,117,242,23,210,202,29,115
129,25,157,60,244,232,102,104
13,84,160,84,199,179,185,153
221,83,41,217,39,131,20,64
154,50,91,11,173,163,26,93
158,115,186,117,52,70,49,152
155,138,198,229,140,149,222,204
22,72,48,245,170,54,201,139
193,51,12,2,245,244,21,96
155,35,85,127,81,218,149,139
58,43,103,193,119,80,217,52
118,251,97,100,194,166,134,139
207,111,247,138,168,205,36,240
202,7,52,109,254,52,124,108
51,5,224,149,205,134,105,24
54,175,211,49,194,185,176,116
253,214,121,123,191,159,69,62
45,64,75,48,160,99,223,190
103,180,4,66,252,73,105,174
191,100,13,206,231,234,26,222
219,79,205,241,240,143,46,56
208,22,71,154,8,190,189,74
197,117,217,214,177,254,162,71
125,139,39,45,235,133,37,133
217,174,170,164,226,106,68,57
119,139,141,35,134,243,146,78
118,72,202,48,2,35,3,21
189,171,166,227,221,122,49,105
222,171,25,170,147,120,235,183
13,130,225,102,100,21,198,78
83,221,116,56,37,1,122,145
129,234,216,115,228,115,232,237
237,241,4,138,101,14,25,158
187,55,120,186,153,30,133,146
158,242,183,108,208,78,149,214
34,119,9,8,131,188,78,211
107,60,161,59,90,240,125,38
223,179,255,129,179,31,32,208
45,242,74,9,32,40,103,179
196,244,99,253,206,141,220,203
106,68,65,86,6,193,161,245
12,189,26,135,72,47,43,34
135,204,63,190,180,241,29,170
182,216,93,9,227,27,133,246
157,245,78,37,222,119,107,192
135,22,96,199,14,184,161,233
185,154,77,170,0,65,209,226
75,218,61,102,54,200,254,157
226,136,186,208,237,129,244,98
61,73,107,15,178,46,120,167
96,177,110,175,132,30,87,29
200,178,241,31,227,250,228,247
54,127,103,218,242,43,166,109
101,27,71,1,164,195,194,50
224,242,9,206,74,140,33,111
211,109,84,254,161,180,184,198
4,6,243,62,14,109,231,236
54,195,237,134,28,172,50,230
52,36,153,184,46,205,52,249
225,126,70,223,52,252,212,13
224,235,237,153,56,154,223,250
203,80,231,23,94,95,166,63
143,235,232,183,179,183,198,25
129,138,234,199,177,222,158,58
150,231,144,255,235,131,236,2
27,55,239,34,67,66,120,167
163,135,6,95,143,76,110,226
17,188,60,149,123,111,152,224
102,116,166,25,1,253,6,232
34,75,74,161,18,3,173,183
25,23,7,61,95,156,121,89
234,96,107,38,105,133,200,79
9,20,42,51,80,177,119,77
153,0,38,159,91,119,119,0
90,205,49,239,77,242,247,200
39,55,172,72,108,85,74,204
90,204,34,207,10,130,101,119
12,90,221,4,42,167,185,192
251,8,34,159,126,96,157,216
111,48,159,20,79,88,106,70
80,45,75,185,135,112,241,78
136,135,136,205,171,159,146,56
214,227,145,203,115,42,164,24
87,215,236,118,54,125,12,85
159,15,86,135,183,94,82,42
199,214,222,251,112,132,156,189
190,253,174,226,13,26,67,109
110,203,177,79,217,119,82,179
157,14,33,222,211,237,179,83
55,161,28,236,24,195,183,198
154,128,164,43,22,244,2,144
143,231,243,58,206,50,183,13
147,207,53,241,96,170,141,180
119,23,126,7,72,4,233,97
43,102,155,92,218,214,14,54
18,253,56,186,124,158,151,148
25,231,7,148,32,39,129,100
21,195,226,33,189,140,140,103
99,3,44,83,201,234,250,67
231,63,21,62,3,70,199,203
128,28,116,0,15,57,248,173
221,117,209,70,179,40,171,220
135,223,50,218,167,221,173,28
78,232,134,232,132,223,134,113
240,85,125,190,93,172,224,137
130,205,28,123,89,222,159,254
156,132,57,20,81,251,22,70
80,206,65,221,16,80,169,81
98,193,208,191,205,196,211,78
23,162,186,37,32,54,10,103
55,57,115,74,45,69,108,197
198,181,156,253,169,101,136,185
107,202,179,206,61,88,149,27
90,5,231,206,17,133,196,81
159,105,58,168,70,218,97,137
197,230,187,39,182,53,232,159
49,19,42,81,71,55,141,44
121,173,238,88,79,152,24,13
140,93,185,200,143,36,240,2
206,200,238,59,133,5,204,227
94,250,165,13,234,189,49,202
171,247,68,226,182,184,166,145
111,5,226,199,144,192,142,177
245,102,76,201,223,237,242,57
51,176,212,239,6,201,5,189
194,129,45,2,62,188,254,87
252,34,9,147,198,207,4,20
166,203,185,65,64,80,244,93
62,19,219,127,128,149,13,241
93,104,8,19,226,5,172,100
122,216,11,11,171,213,161,190
165,161,69,165,67,201,58,171
180,9,16,50,228,98,53,161
203,95,65,4,94,136,158,119
202,65,125,205,216,232,6,173
153,78,12,143,178,188,93,3
216,88,249,20,136,153,97,34
120,13,97,96,31,204,173,229
125,156,226,90,182,57,225,108
188,209,174,159,171,18,253,122
21,8,177,89,198,241,208,138
50,53,128,227,69,104,33,199
122,110,184,127,127,73,179,184
102,62,167,90,124,36,133,214
143,161,160,255,11,2,180,230
204,143,133,143,233,107,73,214
29,36,252,65,88,9,135,205
3,148,207,55,104,41,20,219
216,145,5,22,31,55,199,233
234,200,209,74,66,26,2,14
168,109,206,14,93,152,240,86
190,252,151,201,74,58,93,180
13,174,139,133,211,75,72,179
129,196,151,63,124,125,105,7
176,150,27,199,7,100,86,10
39,173,53,69,239,196,254,244
165,30,135,141,53,47,149,50
108,108,232,199,168,143,62,139
166,101,164,159,234,232,175,251
86,237,42,150,34,144,241,171
227,255,49,152,61,251,227,245
203,168,54,169,198,209,75,29
80,4,49,248,164,16,36,175
186,250,102,245,203,214,224,71
144,185,32,66,164,210,212,177
146,127,235,84,202,122,29,196
125,29,77,78,80,202,153,91
37,164,210,218,37,7,242,247
73,86,23,39,145,62,120,2
91,199,170,38,24,130,157,177
103,238,202,145,51,233,15,68
211,130,141,53,8,253,140,220
112,203,74,94,109,170,71,71
27,132,247,204,127,193,186,142
210,63,117,132,38,109,156,246
192,222,135,42,173,28,248,117
71,182,126,82,150,194,171,134
16,195,47,158,17,13,112,60
240,21,56,165,38,94,248,182
87,28,23,48,244,82,172,57
102,208,247,135,142,122,170,162
32,25,125,225,6,127,162,24
184,66,61,137,233,5,101,10
83,18,161,33,92,107,154,218
53,243,150,62,57,171,197,131
169,23,71,121,216,234,220,200
251,130,6,154,208,123,11,28
122,215,179,177,24,59,111,15
228,14,78,46,159,146,84,82
169,124,171,243,234,100,77,89
222,12,230,140,187,145,123,75
163,19,247,115,63,56,57,88
136,157,25,7,77,133,11,12
113,188,74,46,241,194,49,13
1,183,222,153,177,55,141,23
18,145,160,199,16,163,252,89
197,250,179,95,141,20,42,132
14,110,123,205,58,82,232,82
76,196,246,69,73,198,253,5
196,255,246,30,87,211,228,125
112,43,19,45,97,238,87,252
243,192,204,111,84,212,24,34
45,155,194,77,188,183,130,237
120,231,52,104,167,232,31,157
167,199,162,113,147,19,180,113
40,230,34,37,235,126,28,191
71,214,176,217,10,27,97,92
120,221,118,120,228,81,177,187
228,4,117,229,134,163,27,102
121,61,205,63,56,221,23,168
196,149,210,241,233,108,150,243
31,229,106,15,178,83,158,251
232,13,219,244,162,59,7,138
168,33,124,77,141,226,140,164
88,225,200,93,7,247,72,219
140,198,212,38,41,152,86,146
40,246,152,28,121,147,177,3
54,103,18,232,93,9,62,17
212,17,194,245,121,169,85,200
157,30,195,10,85,228,140,89
171,88,223,34,192,147,239,184
51,194,101,20,207,126,19,167
97,236,160,52,112,3,255,123
105,109,104,115,217,160,85,45
49,60,15,126,190,16,89,204
225,198,54,94,196,250,96,243
0,143,218,23,255,246,83,39
27,34,81,110,16,49,184,244
252,131,67,171,3,35,247,116
10,170,233,94,40,63,250,122
18,156,235,143,69,102,23,104
186,239,65,169,231,202,149,84
46,131,115,97,214,68,25,246
232,174,101,192,32,180,237,2
6,219,216,118,103,125,113,27
244,232,196,10,68,161,54,101
25,21,111,139,197,135,47,124
51,89,49,53,217,13,83,67
127,128,184,12,43,35,161,193
118,22,142,233,67,212,195,146
174,34,250,189,108,129,41,38
212,31,150,154,87,190,78,123
127,88,109,174,64,119,124,225
228,19,246,74,139,130,36,132
191,166,84,211,225,131,199,17
42,135,96,132,31,241,2,250
159,173,27,210,157,206,20,216
214,191,46,182,93,137,208,13
84,80,106,123,47,235,198,245
175,8,114,250,38,71,221,22
129,2,68,153,238,66,212,238
159,194,56,86,240,37,214,189
99,77,81,213,31,66,190,42
224,226,32,188,199,55,112,174
250,38,192,167,235,86,132,174
13,220,79,125,135,252,208,126
151,75,104,12,150,99,128,59
84,149,183,201,22,90,254,163
37,208,108,48,137,81,76,204
161,60,216,50,57,156,97,77
228,18,30,155,253,157,93,174
97,132,156,20,133,200,217,170
97,94,181,214,122,184,183,116
228,254,123,62,238,135,209,136
85,208,242,202,74,194,65,232
53,130,16,225,92,221,113,243
177,143,137,241,255,240,74,54
109,81,160,113,217,207,73,237
214,72,185,170,174,98,90,132
25,67,243,80,149,43,49,1
235,214,25,39,169,237,30,26
75,33,160,73,110,167,228,99
109,196,202,184,12,251,60,82
212,167,64,85,126,81,20,82
59,214,194,199,161,156,67,89
245,154,54,223,148,202,231,86
183,216,249,59,52,120,130,213
7,69,118,45,78,241,10,13
82,94,106,176,39,75,196,88
42,188,204,241,30,71,92,182
248,153,192,62,199,76,184,135
102,34,219,239,186,70,105,161
239,79,28,136,125,131,153,57
213,129,89,63,218,239,220,62
80,114,47,100,196,159,17,8
216,102,209,134,177,188,3,126
3,25,193,166,214,228,87,85
146,218,111,197,176,124,104,18
250,91,249,177,64,14,5,234
123,111,71,205,64,238,175,159
248,183,128,29,243,250,167,244
182,243,237,171,237,118,214,54
116,132,36,16,145,193,24,114
180,47,40,135,51,216,185,144
148,102,11,156,181,44,17,151
7,165,9,41,170,84,89,198
225,159,34,11,200,26,168,113
131,49,121,142,28,128,45,145
14,253,178,72,202,201,208,34
215,215,153,16,145,123,222,112
111,5,134,113,108,146,52,211
168,246,135,143,176,191,63,213
114,224,15,135,225,39,185,64
227,14,195,82,78,186,153,58
109,136,228,88,246,33,7,97
74,120,89,18,135,161,176,245
105,64,9,134,190,117,138,134
13,63,213,36,112,132,196,244
99,248,139,57,255,232,153,230
41,119,29,214,5,252,93,28
161,1,151,130,239,215,140,13
179,239,9,18,83,61,62,244
121,83,60,215,139,80,40,179
88,40,36,0,115,109,252,145
54,236,176,156,10,196,167,71
59,57,102,117,100,173,191,136
200,45,71,184,138,135,202,157
25,207,82,170,96,114,190,214
85,46,9,252,138,38,60,20
1,186,100,105,224,158,207,112
188,112,209,63,139,86,245,17
118,254,158,43,76,189,226,98
161,185,251,68,150,2,212,254
202,119,94,29,222,211,140,245
64,167,66,71,235,193,42,137
74,60,78,228,41,153,215,91
78,108,156,139,164,225,75,73
201,35,240,239,5,46,150,215
62,165,91,38,248,50,31,17
16,95,220,243,129,216,10,122
48,126,22,176,58,197,11,59
186,137,35,223,208,46,41,16
101,128,71,178,174,70,127,105
73,181,101,162,81,197,229,123
109,212,90,216,221,132,56,146
20,205,17,249,184,47,174,22
97,177,187,71,65,252,231,77
201,98,226,224,124,245,115,36
110,172,26,88,118,144,88,197
197,32,98,140,51,222,245,155
111,142,74,232,81,154,167,80
248,88,64,165,84,167,170,181
114,85,2,26,17,145,86,90
92,115,89,85,37,33,147,255
72,200,145,167,241,201,78,131
158,69,176,169,152,73,107,199
252,149,235,184,16,36,65,211
37,247,28,94,28,96,119,104
167,134,16,64,243,32,57,197
130,240,14,197,87,161,23,221
221,152,140,201,49,94,220,206
147,108,138,53,134,78,78,181
71,212,64,248,167,71,12,28
84,52,39,78,23,134,101,50
98,162,101,178,191,125,89,45
140,238,6,103,231,120,98,65
130,102,21,212,16,126,84,23
163,173,190,191,204,192,95,69
244,92,159,55,207,129,23,213
142,83,239,41,138,81,128,12
96,131,44,108,119,147,234,208
121,59,98,182,254,7,205,29
212,8,33,108,227,89,249,19
139,138,157,13,76,91,6,187
73,211,77,130,176,214,150,134
177,184,65,106,78,24,238,222
42,183,151,101,238,189,217,38
18,246,75,99,19,207,70,234
224,66,22,178,153,4,32,112
152,102,185,129,138,93,124,1
83,206,198,88,20,101,142,161
28,96,129,82,156,101,84,6
12,193,204,199,171,129,58,108
127,109,26,35,123,122,220,178
40,228,120,183,136,94,100,105
41,241,88,111,160,80,153,98
90,239,195,92,80,101,72,141
246,217,56,160,16,171,60,65
15,146,57,138,93,196,217,153
36,253,149,149,69,32,59,202
174,153,153,159,97,204,219,120
202,140,75,1,174,132,202,55
207,117,152,232,54,164,243,175
103,142,78,49,98,127,112,65
174,9,92,135,64,49,112,186
5,80,141,79,139,120,109,187
124,252,248,36,12,87,101,235
85,4,31,169,249,170,208,76
235,133,232,49,127,57,17,156
225,153,144,70,218,83,207,133
213,248,48,1,226,146,176,252
26,16,143,21,115,122,20,135
201,183,153,173,95,182,58,117
49,206,153,217,85,81,148,199
65,60,22,236,112,101,98,200
226,7,226,164,72,114,0,59
96,95,48,52,24,61,118,236
223,170,95,137,212,24,160,210
146,154,200,219,126,152,174,217
92,192,220,142,127,155,111,129
85,56,139,11,62,175,43,82
173,150,192,197,7,174,121,172
7,79,252,242,76,48,156,137
112,171,198,37,4,116,212,56
112,98,109,247,141,88,197,118
53,29,183,245,218,52,39,208
196,142,89,172,178,168,66,253
233,184,146,36,6,96,124,169
253,66,7,156,162,83,10,168
196,70,5,253,194,212,170,82
179,9,64,164,3,236,129,20
176,8,77,204,207,216,239,154
223,42,14,182,36,243,158,104
90,23,92,254,101,59,91,83
133,188,156,174,58,204,204,73
169,71,110,152,147,100,255,82
184,12,81,199,150,254,46,238
226,224,246,159,201,55,180,101
171,92,213,59,113,141,6,57
87,144,50,35,131,142,221,191
220,254,125,202,21,118,70,76
221,23,81,255,125,199,168,74
120,112,106,224,236,47,205,104
108,191,73,178,49,205,21,21
180,63,206,195,126,250,43,189
70,7,131,117,95,31,55,187
224,81,150,192,207,193,93,169
127,53,183,99,203,26,242,199
220,150,107,194,173,197,129,169
41,112,147,150,178,14,158,192
207,45,219,74,189,175,45,47
21,48,185,153,30,20,205,124
89,170,65,191,68,115,178,245
114,231,38,24,249,184,157,70
245,126,240,25,222,122,24,58
90,235,64,228,66,35,93,142
99,252,129,56,23,189,39,103
51,71,8,87,66,23,154,174
47,7,84,152,119,5,219,2
149,156,48,57,204,91,31,65
101,97,60,77,51,15,122,219
220,138,86,168,38,217,150,20
32,15,189,89,208,140,136,249
189,5,11,7,72,127,186,53
58,198,162,160,226,19,68,175
126,151,52,67,91,61,235,135
178,250,245,156,220,206,143,197
9,58,114,8,92,234,232,165
75,7,239,23,159,246,136,38
210,10,84,93,63,179,111,56
29,194,99,192,110,215,101,180
168,61,130,139,124,192,134,241
5,121,46,101,193,31,76,109
224,144,105,16,113,162,101,235
162,45,226,94,214,140,35,200
124,47,37,219,14,118,130,244
161,210,174,111,81,239,70,109
63,200,167,155,53,184,215,17
138,188,51,106,160,21,161,231
222,176,174,49,228,75,251,209
214,143,227,97,28,82,81,19
20,226,145,116,145,238,15,215
195,233,235,150,138,51,164,175
138,11,69,77,86,251,92,103
39,238,171,81,21,10,0,125
58,243,126,52,217,155,226,153
158,84,152,192,124,113,146,190
82,50,109,95,100,85,167,205
216,179,3,154,105,155,188,104
172,5,171,112,34,96,164,183
252,117,201,50,179,161,97,37
7,28,232,42,228,165,118,110
32,89,227,83,184,63,123,237
70,65,237,227,4,159,45,20
152,201,159,35,168,218,141,60
137,146,113,32,133,19,187,162
173,174,234,97,32,177,197,17
41,129,17,125,141,54,61,54
128,78,35,184,244,22,110,111
159,167,208,95,156,78,53,122
11,143,13,156,193,216,27,215
186,96,161,149,25,134,129,185
27,96,64,34,169,11,180,222
251,251,119,178,26,190,214,65
9,14,24,126,252,30,248,132
115,48,195,3,108,152,80,138
165,141,7,222,205,182,61,106
148,186,112,233,194,193,67,236
252,161,237,159,194,241,218,45
180,76,51,14,219,224,221,239
153,44,215,61,223,148,81,198
199,92,211,215,99,157,227,144
49,200,46,198,38,128,23,118
182,47,113,246,108,8,42,144
152,153,184,12,250,3,104,117
118,220,212,183,55,243,124,12
137,208,122,16,156,15,118,244
178,103,24,18,220,30,86,216
131,215,142,110,200,185,139,55
39,99,148,15,239,90,101,6
132,150,105,30,170,171,77,104
120,50,28,119,206,219,122,230
235,221,127,121,231,121,227,77
91,13,207,89,203,78,124,28
81,98,140,136,49,17,236,105
48,103,77,128,123,108,205,151
236,151,12,33,75,255,209,198
24,155,150,89,23,70,128,132
231,177,51,2,63,244,154,44
130,89,246,116,145,217,230,61
243,238,92,112,68,74,27,126
114,46,155,8,91,171,227,155
42,224,249,139,111,59,116,88
15,199,181,93,3,8,173,9
148,125,226,46,105,106,243,81
189,227,79,33,62,243,220,91
253,30,247,73,123,181,30,202
74,15,245,176,143,44,116,150
120,232,240,235,90,104,169,115
31,182,18,201,139,238,199,13
146,114,164,32,230,87,160,10
38,208,96,136,76,57,185,55
153,87,103,69,170,241,78,114
116,130,211,165,231,68,218,48
104,86,157,118,239,219,208,216
88,140,109,115,114,41,43,246
90,171,5,182,56,195,162,239
180,117,49,253,229,64,63,124
227,202,148,34,200,125,91,119
154,115,222,0,33,62,214,15
163,32,82,28,234,210,242,15
237,148,131,187,12,255,96,207
212,162,17,142,138,248,173,158
80,32,31,242,248,125,139,181
195,150,81,67,159,36,31,161
234,88,87,194,17,175,188,194
87,2,205,183,159,147,227,184
41,160,85,161,140,185,177,191
194,219,171,61,127,161,63,123
1,21,93,27,153,254,68,45
93,227,9,63,39,147,221,45
210,22,42,89,232,108,100,149
72,72,179,20,4,240,162,113
197,210,251,224,222,103,100,217
2,113,158,91,74,221,76,37
10,224,61,106,23,165,101,233
25,24,32,83,92,21,174,178
123,239,193,253,72,244,18,177
252,12,125,229,255,254,154,199
60,236,161,158,84,111,68,252
28,44,129,245,37,225,95,157
113,237,35,104,216,117,142,67
33,20,13,182,85,108,165,227
201,52,208,253,112,31,120,83
150,121,126,170,10,134,192,157
224,136,208,203,23,133,237,243
50,142,34,195,128,95,169,233
44,40,101,129,181,205,232,166
193,208,138,252,185,117,35,75
105,66,253,47,142,12,191,18
193,156,0,197,207,156,141,69
210,168,182,221,22,242,248,38
232,37,124,240,75,72,16,59
94,78,70,74,247,226,234,30
114,165,62,145,67,124,147,6
153,125,169,132,90,252,148,71
143,133,233,21,110,14,117,221
33,3,0,180,165,78,16,222
110,242,55,13,254,3,121,7
250,100,100,242,222,191,100,103
78,15,78,67,88,37,12,208
224,208,116,8,89,94,33,110
218,98,118,199,192,218,11,218
166,121,13,237,108,16,87,208
52,54,157,185,124,200,52,126
195,220,209,60,131,163,51,198
141,248,101,160,120,186,52,207
22,59,178,72,159,117,148,2
132,87,11,31,158,51,180,193
250,95,139,105,173,123,167,66
136,233,190,160,34,102,231,84
213,157,159,169,112,231,44,204
80,208,175,232,218,96,176,94
10,48,103,124,92,69,102,54
41,236,146,184,181,192,166,230
73,101,35,209,8,29,114,148
171,230,135,63,102,33,253,147
15,47,51,118,113,178,14,47
136,102,1,95,254,17,141,158
234,13,87,57,67,42,97,55
170,167,16,255,222,91,160,3
168,245,123,79,31,28,99,73
218,12,1,176,178,127,162,25
52,240,3,198,206,113,230,16
10,220,147,201,242,143,64,129
70,180,249,5,71,4,245,42
191,131,228,173,99,25,235,136
57,115,250,71,228,153,189,112
136,200,37,109,152,240,143,136
103,125,131,160,12,62,82,43
192,112,190,180,156,183,67,120
173,171,236,132,152,232,196,123
164,23,43,120,90,147,119,152
58,239,111,128,233,116,74,102
4,72,112,207,87,181,147,210
106,170,170,189,133,25,231,29
188,16,84,104,253,230,156,155
253,130,106,204,254,110,73,242
131,43,23,189,193,96,35,156
123,166,195,93,146,117,2,182
208,132,64,70,200,171,169,250
165,111,96,160,156,145,204,19
170,46,150,7,18,179,68,203
95,247,80,17,140,133,186,50
163,228,136,139,183,63,227,139
235,215,81,84,40,96,202,88
140,100,232,203,19,243,232,55
26,232,115,131,33,212,98,35
235,3,155,23,78,141,3,251
55,40,96,13,86,187,100,112
249,79,191,170,237,108,17,18
206,213,110,194,128,190,75,192
153,128,89,31,249,91,94,213
94,94,181,129,4,206,166,249
119,101,191,212,89,231,171,33
38,0,107,244,26,232,67,235
73,75,19,115,64,175,67,198
152,157,51,113,56,228,114,199
141,193,138,130,214,64,110,238
76,113,22,32,58,18,202,119
86,152,51,6,180,90,106,96
221,190,41,86,233,126,121,102
254,238,190,39,149,153,145,34
83,246,167,112,193,15,217,110
139,247,135,96,116,71,214,238
125,36,115,139,183,248,10,14
60,159,34,219,203,94,145,138
132,106,183,99,19,101,64,33
91,234,59,153,155,75,75,129
50,155,200,255,30,239,125,252
196,147,221,42,36,53,178,152
57,105,16,47,237,68,136,191
113,82,50,169,244,20,124,62
106,12,240,22,27,197,254,139
132,32,227,91,228,196,224,22
212,147,4,54,96,246,214,202
191,228,201,198,76,67,8,153
238,11,49,31,249,198,58,36
132,111,127,213,59,129,4,227
169,37,48,212,220,248,139,166
201,95,202,221,69,224,242,193
43,237,49,77,114,111,164,122
165,192,158,109,77,140,99,182
8,250,181,226,189,239,71,196
189,230,77,159,201,136,138,222
209,47,163,97,45,231,60,21
152,141,199,95,213,96,151,228
76,107,187,214,255,9,250,125
85,96,161,160,123,113,166,58
148,185,201,197,150,130,211,52
227,186,204,92,116,175,68,180
163,38,75,131,48,115,86,48
112,201,14,33,107,29,227,55
39,28,90,60,86,239,129,160
149,34,38,212,171,10,11,78
154,184,44,245,76,8,87,162
221,58,207,84,49,230,113,191
19,237,60,62,78,225,138,92
195,81,232,69,165,86,193,119
30,80,96,158,212,210,190,32
220,97,195,253,69,54,140,205
44,41,33,26,21,137,125,34
164,158,88,20,60,93,83,223
194,65,222,167,84,221,90,115
44,250,162,14,98,65,136,103
185,107,242,96,164,147,5,6
254,163,131,216,215,15,169,82
144,159,190,11,246,35,224,181
86,2,109,117,230,156,176,194
9,132,195,210,27,164,82,182
137,42,216,147,110,113,207,76
167,24,159,189,227,58,90,224
35,239,152,50,81,42,70,216
66,50,173,8,234,185,243,58
196,78,72,167,82,164,128,76
136,228,141,150,8,236,93,46
61,37,246,129,112,108,225,9
44,163,64,4,249,240,245,139
220,107,177,165,40,225,50,102
235,80,105,153,207,24,108,227
118,35,226,146,217,170,42,102
124,27,96,151,85,124,13,231
168,89,207,70,54,206,148,239
54,164,232,249,27,174,121,98
219,70,163,233,207,185,169,108
111,30,78,160,111,240,85,22
166,150,255,18,13,178,252,224
114,54,214,118,33,175,237,115
76,219,2,254,183,33,144,161
37,220,31,81,230,218,213,222
88,22,73,34,141,211,214,136
160,24,222,111,235,163,17,97
143,164,99,188,237,7,45,253
226,168,49,0,202,243,196,246
3,65,36,133,187,73,174,121
9,202,94,80,104,186,200,2
248,118,56,211,17,48,2,233
47,47,135,152,148,189,232,116
107,130,84,135,91,47,142,140
167,48,25,169,40,213,1,157
183,163,80,83,65,16,130,220
160,106,69,59,129,21,199,167
4,16,12,221,243,49,214,103
103,228,57,196,152,172,1,35
130,32,116,204,240,202,218,121
131,40,19,190,148,45,244,9
51,168,194,87,254,99,91,25
112,65,242,184,34,82,137,113
126,49,50,9,118,130,50,95
70,129,79,76,234,24,211,229
5,7,31,87,107,34,34,158
60,96,114,235,152,173,146,200
35,88,236,251,116,107,166,111
227,212,52,136,86,222,138,28
126,203,49,250,211,164,113,91
240,158,74,235,216,41,166,26
4,149,28,187,157,145,72,3
229,185,8,165,48,201,99,224
40,225,59,130,250,133,123,74
35,88,140,251,156,219,67,7
215,60,111,220,55,172,45,128
221,67,39,119,251,40,165,29
231,156,26,0,255,128,67,4
7,163,199,6,62,122,201,27
81,22,149,141,155,131,172,25
47,120,122,234,11,243,175,161
45,231,32,14,231,242,98,141
254,38,250,88,227,237,47,193
67,207,96,158,43,32,68,0
123,216,229,188,45,178,119,75
223,50,240,170,99,65,219,213
104,107,97,134,111,179,64,225
29,39,233,217,205,146,166,52
153,148,175,62,252,230,195,114
118,7,199,203,109,76,218,50
168,119,96,217,174,20,127,211
202,175,163,49,131,64,167,228
142,231,168,186,113,18,206,171
159,18,93,8,195,171,191,84
111,145,49,82,225,131,196,10
149,16,180,239,120,116,165,135
186,174,88,203,40,27,17,226
247,138,238,219,227,231,92,255
25,10,135,161,156,120,149,126
156,82,128,232,192,25,141,184
116,198,145,15,129,109,46,170
6,170,109,134,60,81,177,213
27,160,188,28,162,108,125,95
108,184,192,70,72,195,94,145
123,93,30,213,135,43,217,50
168,35,112,70,146,90,134,30
218,97,63,71,220,77,13,142
193,84,57,138,27,29,29,163
163,82,17,5,22,85,155,230
5,234,190,195,169,101,136,152
166,92,246,77,142,233,191,211
216,73,114,160,174,26,38,46
75,211,42,67,146,51,211,166
235,235,249,96,113,66,199,159
251,161,50,155,31,222,71,87
34,160,3,31,5,149,82,201
216,146,180,104,228,122,238,249
137,235,113,185,185,203,237,219
235,249,207,149,48,102,148,100
25,12,132,188,202,129,68,26
221,29,197,107,145,11,194,7
235,6,101,210,15,106,204,135
227,11,101,67,119,230,199,229
17,102,170,149,6,72,255,236
172,40,17,249,175,197,183,85
136,167,148,215,179,166,200,23
192,108,16,217,169,80,172,252
4,241,183,119,56,125,85,239
43,211,88,197,156,72,3,248
67,233,168,5,60,203,58,53
226,142,97,244,107,136,236,211
117,68,88,38,216,118,213,233
128,6,38,132,118,5,34,10
46,15,156,202,18,126,208,119
32,10,231,181,227,49,236,55
138,161,82,122,5,248,162,90
133,77,149,11,90,22,213,218
247,119,58,97,93,109,108,237
227,16,2,214,195,4,172,45
248,190,196,186,186,139,51,178
197,44,214,215,13,75,86,182
45,146,21,137,13,57,252,138
60,251,164,112,13,23,203,232
122,234,151,120,174,20,105,179
235,100,145,99,93,14,10,13
55,229,215,54,186,139,156,130
243,101,22,177,228,239,88,2
208,81,227,253,68,218,225,123
55,192,113,245,86,129,78,86
150,1,226,76,201,75,182,93
185,39,14,105,251,17,232,251
33,82,161,9,113,177,122,150
132,171,219,123,198,83,116,68
242,151,165,113,92,40,84,208
165,114,158,116,95,11,32,63
95,132,157,125,134,68,173,254
46,57,0,162,83,72,91,119
74,118,76,19,207,100,68,1
63,130,77,77,149,74,29,137
92,21,15,68,251,145,40,11
51,104,6,57,143,83,156,172
171,237,13,159,249,115,40,224
11,94,177,17,63,136,41,203
232,7,42,72,36,148,184,3
75,171,72,10,154,178,243,198
206,100,99,40,11,128,72,216
21,37,107,19,149,77,60,224
57,24,153,120,64,144,65,106
189,129,130,4,175,179,205,164
151,152,143,124,134,204,166,3
242,168,92,58,189,56,168,67
144,170,73,51,185,201,242,60
10,46,48,78,195,171,103,21
142,81,180,252,11,156,166,216
26,71,46,194,81,136,149,115
180,191,169,104,172,63,78,87
145,96,58,227,154,73,254,250
173,209,36,192,158,252,248,192
122,198,49,254,234,7,59,194
73,233,217,247,235,199,244,77
78,39,29,49,2,88,167,13
11,53,168,191,121,76,227,212
192,191,86,226,171,58,168,103
232,46,222,29,242,98,113,109
32,46,55,113,234,141,50,249
248,176,40,216,25,237,34,51
107,165,236,101,177,178,81,43
199,235,183,133,206,25,114,143
187,181,254,222,99,45,7,99
139,204,78,79,134,178,86,229
14,27,20,175,225,117,216,254
111,151,15,161,136,109,229,178
23,106,196,50,227,158,128,143
93,238,122,17,198,194,33,220
145,216,1,186,134,101,193,219
84,188,155,184,203,154,153,180
245,31,15,206,251,184,33,232
145,53,153,63,252,247,68,214
42,236,59,130,151,181,205,120
231,206,102,44,13,7,97,91
172,209,240,36,26,180,139,169
26,191,207,64,141,93,78,138
46,226,174,118,243,223,68,219
215,130,106,39,11,217,24,181
49,218,152,29,177,136,221,57
187,247,70,47,145,254,160,3
131,230,102,250,182,210,96,133
46,236,45,108,176,6,43,27
154,102,106,42,94,10,224,185
97,226,12,177,195,120,35,125
224,43,60,113,125,246,201,126
39,28,101,64,110,254,158,190
6,215,183,197,124,211,239,117
221,146,28,252,10,72,179,88
183,220,196,118,142,84,203,149
213,64,141,164,238,151,77,40
99,108,126,106,36,178,39,223
255,249,70,131,142,47,126,222
226,236,191,55,67,58,66,112
43,85,62,158,198,153,252,197
61,206,137,239,56,185,200,112
100,117,69,16,165,71,246,119
45,8,28,201,213,76,165,79
74,231,252,103,239,235,234,51
179,170,243,213,102,143,209,141
207,8,88,233,244,144,62,1
191,194,227,33,115,244,174,164
65,34,133,247,239,228,163,128
36,176,59,31,84,187,196,170
151,61,237,250,48,148,177,140
153,206,225,241,34,52,42,156
118,82,36,2,100,57,122,11
195,103,231,124,24,12,11,217
198,151,97,78,139,160,107,177
190,158,218,14,215,62,243,66
54,29,129,174,23,231,2,195
206,239,108,15,29,177,11,107
84,250,240,84,179,94,189,99
60,40,157,244,70,120,122,95
173,248,9,41,155,70,225,169
136,181,25,117,234,157,29,228
42,136,228,29,39,79,89,247
123,84,94,67,44,51,148,85
92,28,130,118,220,245,232,39
55,186,243,54,180,66,32,230
185,37,43,9,24,235,97,13
74,16,79,250,106,115,151,241
210,250,225,86,144,186,94,244
54,161,159,71,19,67,150,4
103,207,71,16,26,159,247,197
142,222,164,24,136,180,181,219
118,199,12,85,11,74,80,136
137,18,208,151,35,133,85,185
108,182,111,222,115,54,117,118
146,129,65,65,60,110,128,101
106,132,195,54,63,198,119,8
232,179,52,132,184,184,160,55
173,216,249,13,24,61,205,198
87,255,155,114,230,186,94,219
143,105,199,242,245,3,139,183
104,203,124,2,37,221,254,172
49,194,88,231,208,242,216,197
110,227,240,69,21,80,164,20
66,59,224,170,6,69,118,196
32,178,157,51,172,80,43,188
112,18,210,184,67,119,30,38
84,139,90,241,142,88,59,156
235,119,246,162,242,49,97,165
248,153,205,158,221,21,37,38
197,32,65,142,3,209,201,201
20,185,163,190,109,139,113,76
14,45,45,183,121,202,71,201
56,212,160,126,175,203,4,142
103,175,139,194,216,208,8,153
136,121,125,43,92,58,53,87
148,39,9,205,31,36,254,212
248,189,58,169,159,223,229,66
227,85,195,170,237,5,93,151
9,54,165,184,32,160,9,37
68,87,96,100,93,48,82,28
221,28,200,109,63,49,169,46
107,122,175,123,241,140,43,223
2,41,114,45,76,160,126,68
64,31,251,8,226,0,187,111
230,87,51,130,162,186,167,179
115,150,131,74,31,49,82,190
153,123,80,236,121,76,187,222
236,10,25,42,40,75,26,33
144,47,230,30,86,191,150,171
219,32,55,80,212,151,241,249
156,20,162,198,153,154,30,113
145,179,158,41,76,78,165,2
154,134,44,136,191,107,100,118
212,217,62,17,13,244,37,147
12,156,81,128,12,181,80,228
128,13,203,65,70,129,105,128
200,146,124,161,1,186,127,200
82,248,165,134,170,112,5,186
61,44,252,131,9,83,253,77
117,191,47,239,121,232,64,211
188,130,189,13,38,168,66,254
79,160,8,84,104,13,236,227
165,162,124,99,120,46,250,1
171,32,68,112,149,240,225,33
152,150,237,15,243,186,80,171
93,55,188,13,104,250,47,244
3,93,189,199,184,67,180,121
251,88,146,19,4,138,212,204
158,202,9,169,184,51,59,67
119,176,232,152,151,94,66,99
69,121,118,207,82,153,184,186
144,29,30,166,179,77,209,211
30,62,170,252,47,237,166,135
222,84,162,169,42,6,105,93
58,40,7,15,84,160,19,203
247,81,81,245,230,216,90,158
192,52,107,155,27,95,173,127
174,222,71,177,222,199,94,62
125,193,149,83,166,123,99,77
115,176,138,151,111,158,5,204
47,20,173,25,155,171,87,47
218,39,96,36,65,62,239,98
199,58,79,237,15,194,10,88
18,191,114,40,103,97,180,154
51,93,200,31,74,211,244,210
225,8,227,116,125,164,28,32
199,249,127,239,12,148,64,147
206,91,214,27,211,137,68,238
128,18,49,106,249,254,140,28
189,7,85,201,193,203,65,118
84,201,5,179,187,68,193,156
29,252,126,98,143,210,140,60
236,37,77,91,20,80,104,54
110,113,149,227,216,64,180,109
195,254,106,166,56,121,147,237
39,16,170,118,228,24,48,232
10,217,35,157,124,206,88,198
87,229,92,107,214,36,236,234
68,184,202,214,110,39,180,218
149,143,165,1,42,234,168,175
107,205,227,123,240,226,111,102
206,105,104,70,205,248,123,252
231,36,14,168,184,225,120,129
93,216,119,135,82,181,200,15
246,231,76,70,190,116,45,6
221,77,174,235,225,118,75,88
179,152,130,146,124,191,80,90
97,214,87,124,137,17,216,149
13,213,253,0,45,10,102,130
33,73,227,15,48,223,155,58
254,243,165,25,152,145,125,111
16,142,234,35,238,58,213,129
40,245,127,67,106,205,153,203
54,140,63,243,193,92,35,206
34,142,90,179,56,222,168,106
141,240,19,91,23,198,26,181
234,52,111,168,104,43,19,198
252,31,147,179,35,13,96,192
213,85,4,7,223,173,243,230
57,153,223,6,19,176,203,122
125,87,35,5,170,201,218,122
158,231,95,109,118,153,82,184
238,8,47,154,155,35,252,179
118,214,200,116,206,137,147,183
3,203,47,252,138,193,169,204
66,84,113,75,117,105,120,109
134,175,15,90,225,113,59,97
63,151,94,231,205,34,66,58
88,247,6,27,103,153,249,118
171,134,142,49,185,80,36,130
91,231,148,46,73,59,132,72
131,154,124,53,55,216,88,48
78,132,212,30,12,46,79,133
101,172,148,167,39,34,215,92
227,36,35,94,61,112,233,247
203,39,17,133,215,75,31,200
21,52,66,252,156,87,158,109
64,72,156,207,161,243,172,31
5,149,0,4,51,62,185,226
129,149,104,170,3,192,186,129
190,175,9,35,32,160,58,20
67,79,218,152,87,148,119,62
146,234,86,230,86,83,45,34
180,55,5,12,230,181,98,90
143,154,37,22,42,54,141,95
131,193,10,186,74,46,251,210
86,250,47,9,30,32,15,255
35,158,229,137,221,89,44,58
61,71,251,170,110,51,149,37
38,58,155,187,73,217,10,185
74,94,195,152,234,187,167,108
57,75,94,110,152,221,187,59
232,102,27,131,208,205,200,182
243,169,61,31,132,55,115,180
155,62,131,161,112,198,217,124
40,220,19,65,164,196,107,242
104,185,89,136,107,23,188,220
161,135,225,223,224,255,110,152
73,248,20,225,199,89,8,54
172,49,69,31,185,83,99,173
225,16,70,124,193,100,60,147
230,219,62,45,103,229,190,131
234,122,9,219,186,100,177,252
115,54,108,227,225,86,60,68
252,8,193,61,171,219,238,70
95,252,18,222,51,215,190,207
28,110,191,37,76,197,111,146
83,54,90,180,44,175,193,83
84,98,170,16,125,223,251,149
199,159,211,188,11,12,134,211
182,51,159,162,247,153,0,62
112,194,109,108,5,55,20,42
135,129,51,190,6,60,200,21
106,202,186,74,119,97,246,225
115,6,92,215,25,140,253,96
60,99,219,163,53,104,124,81
199,94,10,59,68,100,173,237
160,51,4,208,74,149,81,72
131,207,242,212,231,159,177,190
89,141,76,47,228,182,133,87
82,103,68,75,32,47,80,119
143,54,184,207,2,69,134,110
194,88,120,165,147,42,87,38
87,224,9,117,139,146,167,29
55,93,51,217,202,214,148,178
33,150,138,234,48,106,70,202
255,173,138,153,164,53,189,167
239,1,220,154,235,239,81,235
168,230,80,185,215,176,125,122
101,176,129,41,132,86,173,202
36,114,171,178,176,73,74,208
30,195,188,42,103,228,111,177
44,98,244,93,14,30,73,35
96,107,54,8,160,73,229,202
62,166,125,228,120,229,63,20
88,235,169,62,202,239,86,225
87,108,95,111,162,230,16,59
110,197,191,133,126,245,234,64
116,68,146,201,21,230,172,128
240,170,150,136,69,255,67,169
228,218,70,141,100,14,102,210
158,23,183,88,98,84,116,143
163,205,140,34,17,36,220,48
225,51,250,236,223,43,251,13
142,171,3,188,251,23,171,204
24,187,203,204,26,181,164,181
30,112,41,206,189,205,15,251
125,3,174,177,204,199,102,123
79,131,95,19,248,65,89,48
158,167,23,114,73,238,100,81
88,38,6,88,129,67,32,14
171,98,160,63,225,210,225,73
63,6,120,76,135,195,84,216
219,66,57,188,50,178,125,153
203,232,81,230,4,108,241,73
171,188,207,47,234,44,184,137
155,144,190,105,199,45,234,115
179,41,228,93,237,226,164,240
49,229,158,74,236,95,249,139
192,183,183,202,5,32,228,161
179,97,136,62,137,191,68,132
202,125,52,23,16,143,164,82
114,33,0,12,223,6,134,159
146,144,70,9,179,92,97,195
242,41,86,223,129,217,183,14
8,152,119,245,126,163,53,8
219,78,159,29,218,136,60,177
61,30,198,214,86,134,216,88
145,4,243,244,143,9,108,129
229,239,207,204,124,11,159,195
145,231,13,87,97,244,6,11
90,179,214,91,215,28,73,203
15,26,41,145,71,8,31,225
16,73,200,238,167,193,102,15
167,5,2,95,226,173,239,236
156,74,152,112,158,22,30,153
8,168,175,225,68,108,55,80
133,49,201,2,171,110,206,205
241,166,162,242,212,159,16,221
102,141,237,36,100,57,53,140
184,243,222,253,79,3,225,25
112,242,144,112,225,146,51,12
205,158,169,157,162,153,136,68
211,37,116,0,84,3,200,36
200,177,100,138,143,7,190,211
205,201,208,10,9,19,16,37
37,24,41,244,217,233,108,105
53,159,197,29,253,181,183,69
168,8,192,242,21,238,252,35
200,69,118,251,215,155,21,185
220,120,116,110,93,251,233,86
20,18,120,188,176,132,204,69
175,56,223,44,161,28,140,137
85,26,231,79,96,132,15,25
251,108,12,44,31,34,87,112
217,218,30,157,225,219,114,80
216,210,42,175,159,20,52,120
240,20,132,128,224,59,227,27
65,85,168,115,198,36,176,133
243,222,196,132,239,253,6,208
229,47,11,115,197,223,172,249
35,141,54,228,64,3,145,85
92,47,188,142,214,220,21,177
9,122,59,128,67,141,189,79
145,22,60,196,12,110,124,255
245,38,175,155,159,88,201,105
147,5,120,66,207,36,147,147
119,234,110,149,234,247,150,114
103,96,109,28,222,80,223,94
174,191,126,136,52,28,53,104
6,227,8,28,154,149,251,5
26,40,76,172,151,30,96,174
93,11,68,10,3,233,216,171
20,117,99,11,108,40,16,150
188,129,17,27,77,203,70,230
69,251,205,237,89,154,124,169
113,236,20,247,133,83,204,242
198,217,34,224,37,77,35,134
98,29,201,114,181,109,33,213
100,158,162,69,221,96,65,132
46,133,167,245,211,140,175,143
193,153,49,75,183,94,160,121
145,178,86,142,30,50,186,228
226,36,239,96,6,71,83,183
147,77,178,108,239,224,40,32
178,178,254,233,6,231,34,235
4,130,106,109,236,32,58,1
3,203,36,104,144,152,206,195
2,26,164,190,39,63,29,14
65,216,231,55,67,73,249,65
175,57,9,242,139,132,91,94
215,26,205,112,241,89,53,73
224,10,69,236,195,226,190,48
216,11,5,127,250,155,39,35
28,255,0,96,246,209,51,169
170,37,59,204,93,137,20,97
92,114,64,238,177,147,125,55
51,28,74,85,203,27,44,129
29,246,172,143,58,225,249,187
160,91,93,126,182,135,195,110
249,147,35,53,181,88,228,26
212,143,6,113,126,212,198,104
137,13,46,21,119,31,110,134
161,129,44,178,113,194,33,120
127,123,243,222,76,183,233,24
230,77,61,152,85,2,34,167
28,199,133,198,0,115,46,36
190,56,251,205,28,221,20,48
91,107,46,20,126,169,16,123
49,95,161,177,21,232,207,169
180,94,181,131,168,117,255,39
115,197,32,37,38,56,33,192
92,110,124,239,214,43,122,243
72,84,31,187,253,185,118,193
20,100,219,94,92,36,144,64
27,193,21,97,70,75,205,111
61,161,64,210,13,10,228,137
202,135,179,177,22,96,179,89
163,22,51,180,110,60,170,226
14,135,135,118,241,59,52,90
95,67,8,101,80,168,123,195
100,161,20,79,227,114,229,79
143,106,75,144,171,223,244,100
78,94,27,81,18,191,252,81
16,95,193,11,124,120,115,56
174,152,50,189,121,66,159,127
24,204,154,255,103,1,12,61
86,67,49,151,175,79,214,160
208,227,75,26,227,218,23,64
147,75,60,2,207,85,118,141
154,99,238,173,181,93,207,44
92,215,75,210,242,185,93,178
34,154,242,49,140,195,237,72
220,202,218,118,239,68,172,216
116,36,37,212,132,254,213,167
60,12,120,150,95,111,47,31
34,80,249,239,147,72,31,79
250,111,41,233,183,227,159,236
198,93,105,18,172,234,94,216
236,248,236,222,108,207,207,105
147,243,64,143,134,129,205,179
232,103,177,157,197,13,123,159
13,91,75,80,225,151,34,217
26,93,90,26,98,174,140,105
247,36,8,142,56,173,200,178
146,5,100,105,136,24,152,56
225,212,162,103,119,99,142,47
160,156,145,167,129,21,64,166
30,114,243,43,180,139,166,242
82,59,167,61,251,73,0,18
135,44,59,23,33,38,230,128
117,251,5,96,51,250,108,224
44,120,252,132,139,192,104,2
125,46,43,83,8,87,147,173
194,194,60,98,46,58,86,111
68,12,238,217,32,160,173,161
151,85,49,88,80,123,161,181
200,1,143,83,2,111,205,249
243,107,149,65,9,106,109,158
244,181,112,135,168,18,179,22
18,81,146,75,4,121,248,249
11,119,216,238,108,136,212,165
124,173,248,171,82,179,40,160
119,42,123,1,12,194,248,50
226,88,99,69,85,194,75,36
34,18,236,65,64,31,214,47
128,220,66,246,73,139,160,225
88,15,3,209,239,254,146,72
1,106,85,73,139,208,241,98
92,8,192,191,119,73,188,185
149,176,71,227,89,41,94,209
33,14,240,171,73,101,178,184
6,76,227,202,89,234,224,89
219,86,81,225,248,152,35,246
111,192,3,3,22,92,239,20
124,220,248,161,48,221,72,222
62,66,109,243,174,243,60,0
68,105,3,30,160,43,252,148
163,117,224,35,219,162,74,19
218,150,165,45,207,132,79,255
63,95,236,146,209,108,19,253
129,47,241,39,178,216,7,220
7,247,234,189,50,226,182,253
40,39,130,83,237,103,45,237
126,36,171,240,142,103,12,11
102,49,126,59,53,212,174,60
98,103,54,24,40,198,130,88
81,4,90,173,85,207,128,6
166,68,2,249,167,119,41,64
108,192,65,135,14,238,125,80
4,53,249,167,122,78,31,206
166,129,219,5,107,22,154,79
21,86,95,104,70,164,149,113
93,13,230,86,119,170,214,106
43,70,106,108,244,147,248,61
40,135,163,13,165,2,96,8
24,148,80,105,190,122,155,49
89,187,53,120,10,39,227,231
222,150,82,225,38,65,200,103
189,230,170,254,156,79,25,240
184,177,42,255,103,83,61,240
56,247,20,11,228,96,204,241
212,75,224,16,233,2,31,230
201,238,62,138,161,149,168,102
127,143,85,58,33,250,228,52
67,113,236,130,14,207,14,240
251,76,77,176,89,117,200,137
100,31,65,124,221,238,134,179
49,206,195,28,227,107,47,149
223,244,17,187,52,152,67,220
19,253,197,208,94,113,162,38
96,67,235,189,26,21,44,214
126,206,198,155,7,148,10,245
76,222,115,234,199,145,138,178
124,219,7,75,136,10,217,72
72,10,36,36,109,21,28,141
25,183,223,57,3,122,37,236
166,218,162,156,177,88,35,34
176,33,146,122,238,178,139,4
59,175,7,234,236,167,104,149
61,97,8,45,123,255,15,178
46,116,173,255,234,135,71,59
156,47,32,94,252,142,189,167
45,14,39,21,222,164,161,105
101,238,172,170,56,110,128,43
195,245,0,227,54,25,131,206
53,142,118,44,216,214,205,32
208,125,230,134,134,0,122,110
233,85,99,237,131,254,2,19
240,52,132,33,207,167,137,61
216,74,185,78,4,199,49,23
250,11,58,132,115,113,238,187
60,185,108,206,204,123,127,52
5,21,26,169,204,1,198,108
44,103,112,140,85,204,135,11
50,49,157,219,221,110,49,97
228,117,234,70,154,41,89,125
124,197,46,53,137,97,58,39
156,97,142,238,125,149,73,9
198,214,88,183,255,110,239,220
254,161,86,89,55,42,163,19
152,5,161,212,254,86,76,187
97,235,110,104,39,86,68,48
208,199,118,251,3,133,206,247
110,195,173,65,199,218,182,29
138,8,62,1,102,196,67,18
1,8,155,233,204,233,25,202
117,88,109,128,176,171,165,193
89,239,201,64,103,15,207,128
100,252,207,116,52,173,125,1
159,0,39,93,44,144,104,245
20,235,168,108,253,50,65,117
138,139,108,15,179,8,1,176
83,240,161,48,189,177,43,32
189,228,230,47,189,238,178,181
61,71,148,252,70,95,170,160
206,86,70,34,57,69,18,172
197,233,99,159,81,119,109,24
32,153,195,126,44,94,0,119
126,29,213,61,149,243,229,41
36,68,191,17,145,77,45,157
147,205,45,56,147,231,162,144
83,126,101,54,118,12,130,170
65,100,26,160,99,159,5,115
133,207,209,143,236,71,3,216
42,148,158,21,84,188,222,238
31,112,255,130,142,72,79,99
73,65,13,26,202,189,131,150
163,44,68,231,125,99,24,151
41,178,114,81,31,204,248,48
147,42,21,15,49,51,44,56
181,70,218,82,253,175,191,205
69,36,128,114,97,107,120,95
209,13,33,225,243,182,151,246
201,64,228,247,127,239,156,217
166,93,133,76,227,76,123,247
52,19,135,182,51,69,145,168
41,139,108,140,224,245,196,214
38,97,225,15,188,105,176,199
132,103,111,72,205,99,49,177
229,230,111,18,206,12,187,187
179,213,222,73,159,98,73,19
226,17,52,63,183,26,191,101
245,85,2,75,79,225,252,118
172,38,213,33,64,14,3,27
232,68,158,192,112,125,206,165
175,57,65,87,250,204,80,77
33,254,72,43,162,98,240,171
34,235,89,79,93,116,82,113
49,224,36,11,117,41,188,3
120,78,181,145,132,153,125,1
156,227,241,81,234,61,193,237
61,80,194,131,42,137,136,250
25,233,85,255,112,222,69,106
24,221,181,154,248,85,239,123
206,213,3,159,134,55,125,223
221,247,176,192,32,27,48,93
159,95,226,238,102,218,113,80
65,203,140,19,225,65,154,42
126,237,31,241,92,203,28,36
122,253,39,4,235,125,100,183
104,43,62,115,245,28,108,56
71,69,52,26,102,53,139,71
29,188,132,94,80,193,175,157
197,227,249,52,123,142,184,15
160,105,6,79,248,190,24,45
199,36,26,17,43,230,111,59
202,159,126,227,223,179,229,146
75,58,179,239,24,184,135,4
254,242,110,219,23,105,17,115
38,160,31,211,188,169,189,71
157,253,112,210,141,188,223,22
170,218,57,72,122,215,103,26
64,44,47,35,237,77,13,101
173,112,83,87,221,49,68,211
44,129,69,170,106,8,49,177
173,118,159,144,13,210,0,175
183,136,244,14,13,233,93,225
243,116,142,210,241,49,19,62
29,47,145,223,3,46,73,190
239,254,20,206,171,123,27,120
212,71,178,82,18,92,225,168
178,18,198,21,59,122,23,0
193,66,178,81,79,75,133,193
199,85,88,86,26,169,25,37
120,172,236,240,93,154,184,207
215,241,68,42,93,189,133,176
209,95,239,243,209,246,156,199
61,63,216,165,35,248,22,50
174,100,248,172,116,108,62,150
113,252,27,26,131,204,223,138
177,64,9,8,88,140,181,236
89,160,204,35,222,213,234,166
35,183,160,163,49,12,25,22
141,75,72,73,183,21,196,218
129,185,53,236,119,194,239,214
177,244,87,246,132,102,65,211
109,12,245,68,3,32,29,121
249,211,224,117,161,209,75,215
177,237,244,50,30,207,145,1
194,79,246,250,105,85,62,213
7,127,32,242,131,203,242,220
24,113,41,171,74,76,78,99
97,205,152,115,97,158,225,151
206,48,30,112,118,149,111,173
176,152,233,94,53,148,44,57
135,203,193,124,191,15,254,21
234,124,76,79,199,41,185,46
100,110,64,162,239,220,223,240
1,186,242,65,198,182,79,153
156,76,43,13,92,74,186,193
138,163,129,158,24,160,249,39
203,50,197,121,13,39,83,168
185,17,176,43,247,6,110,208
15,220,143,42,11,216,70,231
174,141,197,82,230,225,214,1
167,80,25,184,228,228,77,38
15,251,150,12,217,88,99,73
232,182,213,51,113,191,193,71
125,174,99,109,0,121,228,69
252,223,223,41,73,38,0,242
240,153,223,127,122,0,190,111
210,41,22,196,39,176,5,105
3,178,61,167,240,206,70,100
117,122,62,184,217,57,199,119
228,236,136,205,227,123,252,53
176,83,89,137,82,60,177,168
183,253,215,85,242,127,140,101
49,146,48,61,107,110,92,236
79,175,130,37,136,248,53,214
10,86,62,22,163,96,110,162
182,220,212,28,207,24,36,12
96,203,37,82,154,182,230,193
29,81,190,152,79,8,114,171
92,138,50,224,40,69,245,185
130,187,64,227,90,48,149,200
89,227,161,127,139,231,121,84
58,148,22,154,218,62,174,152
115,238,47,153,106,224,54,92
52,211,118,215,216,214,155,188
7,61,195,183,29,228,235,168
232,81,247,1,102,19,117,106
126,96,48,240,186,23,247,239
31,181,123,231,45,39,249,211
213,112,29,208,183,0,42,72
83,10,166,8,11,150,172,112
98,239,194,184,208,71,255,149
107,27,194,196,91,21,41,196
81,137,229,76,107,82,180,191
97,175,3,113,16,102,41,145
152,107,15,235,131,176,89,108
163,255,248,59,190,5,194,114
38,211,79,92,59,41,179,245
81,87,199,247,78,39,197,240
69,176,202,58,79,70,208,166
222,187,1,165,204,231,209,107
55,188,11,109,113,135,121,18
254,128,64,75,223,178,224,39
70,112,180,64,214,134,112,49
155,135,171,83,104,50,108,184
221,129,39,98,89,16,236,189
196,70,136,176,168,123,33,162
211,173,41,82,156,141,155,97
83,175,74,207,204,171,212,102
118,140,247,58,3,137,9,123
164,25,56,88,214,38,61,131
157,38,178,31,57,73,41,94
134,150,90,134,96,40,199,236
43,68,91,7,101,89,240,106
53,195,162,95,48,151,65,218
56,30,104,31,224,227,246,2
248,48,184,200,233,80,247,95
253,4,6,52,11,37,221,206
210,99,188,200,190,5,131,88
11,64,216,7,217,230,29,236
18,38,198,62,6,65,2,96
92,59,7,34,110,194,146,233
147,192,157,179,158,42,202,134
218,150,3,203,224,29,223,85
106,196,62,78,121,221,231,118
126,160,27,78,168,29,76,7
251,22,59,10,241,1,176,219
70,218,152,170,217,87,206,44
230,242,147,252,130,144,198,58
65,136,33,142,57,255,53,217
113,135,203,52,187,119,70,68
157,146,51,49,166,195,110,187
223,94,219,175,222,117,181,176
173,96,243,63,7,61,53,253
159,105,30,44,243,85,106,184
218,151,83,73,209,147,90,58
195,52,39,105,10,130,172,25
78,16,235,164,61,140,10,78
104,171,79,252,44,209,143,114
126,206,62,163,51,60,134,160
111,33,7,198,214,178,19,143
188,164,239,222,33,144,49,27
106,143,217,122,84,21,46,139
154,140,169,24,101,49,145,242
101,91,39,11,83,122,231,105
107,62,58,52,79,47,185,36
104,241,41,96,82,179,59,125
71,39,73,76,183,229,123,15
124,71,189,54,61,222,157,96
193,227,237,152,121,113,150,16
255,95,215,175,100,94,119,82
125,206,177,97,198,113,166,21
49,192,22,201,29,122,140,167
37,169,195,125,0,247,52,228
168,98,105,143,152,180,253,252
23,160,229,202,52,253,73,37
28,128,51,68,193,12,193,197
168,126,78,9,201,232,198,190
89,245,154,220,6,153,30,90
244,160,54,51,160,67,29,146
8,150,109,156,213,137,18,63
15,100,209,184,248,70,56,132
110,227,60,224,191,172,66,19
217,30,227,33,163,193,234,79
177,86,4,93,75,118,107,6
32,51,38,69,196,52,236,223
129,6,204,178,182,11,193,0
129,246,82,198,156,250,104,15
183,248,119,34,76,83,126,253
68,247,168,251,163,149,82,29
217,145,127,184,107,55,227,56
199,151,199,0,62,16,62,17
176,43,243,5,243,34,64,35
27,90,43,38,119,31,253,87
79,80,12,8,241,165,113,182
53,230,35,96,119,40,175,184
110,136,3,124,247,233,12,186
9,247,40,88,72,138,153,123
51,175,45,101,113,119,19,100
177,204,197,153,202,104,99,136
185,161,80,95,220,240,70,85
165,68,247,215,119,110,247,110
100,168,63,247,106,25,180,62
213,130,53,108,42,193,150,31
176,133,4,204,113,95,250,96
27,202,169,187,250,164,65,166
37,130,208,92,140,227,220,70
104,224,145,178,7,193,101,219
136,16,245,193,204,10,252,22
122,105,172,168,199,140,213,7
230,138,237,209,93,217,240,75
18,70,153,44,33,73,56,123
59,193,39,224,235,132,63,47
203,161,237,221,90,56,63,102
55,189,244,196,55,143,243,254
11,235,105,49,183,16,145,3
235,123,103,229,206,32,219,175
141,214,92,103,145,217,249,185
141,231,125,243,80,60,168,83
18,118,30,183,53,165,88,159
109,247,110,221,187,111,56,98
242,248,175,97,61,145,157,151
138,43,194,60,51,107,102,236
128,103,249,11,201,20,1,145
192,51,43,31,182,160,9,234
10,29,85,127,79,116,212,218
81,31,166,157,1,229,200,44
59,92,27,79,199,71,108,253
157,231,62,217,21,89,196,143
23,27,250,20,215,43,116,88
243,215,100,149,193,244,114,64
30,251,238,191,145,211,225,201
183,146,215,59,171,226,28,222
1,147,123,81,33,244,10,130
250,39,122,98,25,163,169,75
66,213,45,62,255,89,82,62
107,5,26,28,131,111,34,13
156,1,54,218,26,236,111,19
161,167,234,182,247,42,96,247
64,171,163,177,2,133,114,24
83,43,186,136,119,201,45,88
53,197,68,84,210,158,244,18
127,192,176,147,137,190,113,135
167,37,98,5,121,75,249,84
5,69,77,178,89,158,170,103
140,49,60,190,202,88,59,6
201,46,140,155,55,176,99,12
230,197,205,137,156,17,2,201
241,23,212,214,89,247,228,133
33,170,207,87,92,111,10,214
159,110,5,110,56,245,155,93
89,125,182,29,147,176,42,234
212,76,21,222,86,164,210,228
8,121,36,91,194,113,13,219
28,152,39,33,81,67,146,197
171,135,204,240,189,1,25,101
48,84,8,188,37,86,113,19
43,227,89,162,83,145,188,43
125,178,191,250,123,148,136,151
62,208,34,224,150,118,189,54
239,166,68,123,105,101,48,246
210,125,244,39,100,87,254,167
51,89,162,120,109,223,244,178
132,94,23,118,133,62,251,139
141,24,155,26,135,13,129,158
53,157,239,217,139,217,11,180
252,166,100,35,144,234,119,209
95,5,226,240,55,221,243,106
39,251,132,176,3,13,231,83
93,225,48,231,146,27,121,98
234,178,192,251,235,45,20,16
128,45,164,47,152,16,113,86
126,147,219,57,240,6,37,57
133,243,58,180,10,91,172,9
139,22,192,51,240,19,8,80
53,59,35,66,192,73,217,59
31,198,209,90,127,41,124,98
203,212,218,14,46,56,78,92
11,34,60,232,248,74,67,152
201,182,53,128,24,204,210,103
233,89,236,168,111,218,177,56
131,57,38,135,109,213,55,94
11,10,185,229,67,1,223,3
12,99,140,186,11,6,73,30
135,31,54,220,206,122,60,129
123,39,235,170,27,89,77,197
64,151,172,89,38,150,238,226
58,189,30,42,233,213,221,191
225,7,69,116,158,216,57,87
187,247,6,148,243,73,21,178
15,82,25,251,125,120,9,8
238,151,188,41,252,251,16,254
153,250,73,150,189,71,20,230
237,102,170,245,103,143,99,218
122,207,62,166,125,161,72,200
76,126,129,175,227,14,104,213
104,201,115,22,54,148,148,84
216,171,112,42,237,174,11,197
16,216,78,196,50,162,65,165
64,127,210,34,91,241,109,106
120,175,117,205,248,139,113,217
24,132,237,153,172,122,207,95
53,134,224,46,152,90,190,143
212,121,70,101,18,81,95,239
201,252,225,14,145,53,89,78
121,12,226,19,7,228,197,99
171,250,242,64,95,177,132,209
158,22,141,179,26,233,61,7
142,227,43,46,49,242,248,242
36,223,249,138,116,217,131,208
47,95,82,224,154,14,110,120
244,247,102,117,90,35,36,221
126,73,110,185,227,60,213,240
31,236,144,29,163,199,250,202
27,67,218,208,146,154,75,163
249,62,202,245,40,4,37,193
186,64,35,34,106,104,177,108
143,242,121,164,144,60,103,23
112,63,164,204,193,219,75,247
56,105,183,204,3,135,91,209
248,44,232,31,224,115,76,196
119,82,177,10,216,66,55,1
112,100,40,14,234,200,225,15
201,209,200,6,229,27,195,49
221,143,102,189,146,153,10,99
207,253,153,74,173,237,142,76
52,206,13,109,63,56,211,208
12,201,252,230,225,235,173,70
222,58,52,254,159,248,212,208
39,51,4,226,81,65,201,2
106,55,0,141,33,56,17,217
20,48,162,187,133,42,230,210
227,142,241,42,179,250,124,65
64,100,132,45,145,150,157,71
122,5,44,130,154,47,178,66
163,65,205,76,82,73,232,222
37,159,168,136,194,221,102,242
41,138,204,240,48,197,177,54
154,69,147,200,217,171,84,3
79,189,111,67,120,79,205,65
206,114,43,238,129,138,133,177
144,34,189,21,244,108,216,195
1,105,140,157,254,233,159,214
8,245,188,175,200,56,172,244
21,11,189,27,40,49,98,82
5,79,213,117,213,32,183,195
52,255,196,12,26,87,17,91
252,236,95,215,96,41,178,235
166,103,224,220,147,96,235,67
55,173,79,33,25,170,189,242
118,225,179,54,119,43,63,35
128,246,45,114,73,156,113,226
22,234,175,137,99,190,51,69
128,239,193,141,13,19,158,159
151,32,31,187,206,252,241,247
83,133,47,11,38,191,133,109
106,42,155,40,99,167,142,100
94,213,210,132,34,70,187,165
192,9,10,65,104,224,39,214
13,173,148,116,198,15,57,144
188,163,207,14,207,55,55,21
4,154,29,248,31,195,28,227
244,222,226,209,185,138,36,118
243,197,206,252,98,247,141,183
102,90,200,38,252,236,107,126
93,207,0,173,21,95,156,103
172,57,169,152,255,69,153,41
128,94,102,67,123,188,158,45
121,56,6,172,73,112,28,248
210,8,231,165,132,44,16,102
167,34,124,239,86,16,145,197
125,9,40,144,92,211,88,251
115,98,132,10,107,242,224,225
120,60,83,200,211,122,34,181
122,30,211,72,211,13,19,241
96,37,125,87,130,140,132,134
45,49,57,131,20,171,18,43
176,108,242,36,38,242,55,153
98,190,182,149,192,243,152,132
181,157,21,18,115,3,179,240
203,104,24,249,181,113,198,167
183,110,162,254,25,180,4,152
38,248,242,178,101,109,12,208
75,55,238,173,119,72,205,195
31,137,99,99,185,161,152,232
101,103,182,158,12,66,227,203
191,129,151,217,184,198,234,60
158,126,237,107,131,233,171,38
27,153,3,106,35,168,106,34
173,86,171,146,124,63,213,19
151,138,70,4,138,16,94,144
182,229,178,116,133,251,208,2
154,222,16,191,210,192,132,124
242,71,89,23,242,45,36,225
237,231,199,92,61,254,239,32
7,198,189,32,245,83,58,5
206,225,116,116,59,162,209,159
106,152,46,28,178,102,23,12
183,239,245,229,188,187,167,240
100,17,35,80,183,145,136,130
247,192,112,13,82,39,22,107
61,29,21,59,72,106,86,249
199,246,66,214,209,108,99,79
29,175,246,23,156,162,122,99
74,116,95,74,43,29,129,252
14,137,7,177,106,180,129,145
72,154,170,16,17,203,105,187
4,114,6,173,210,255,246,23
193,110,88,228,84,90,80,100
96,155,218,62,44,21,62,204
218,251,158,26,14,100,101,238
137,136,175,71,117,47,196,42
177,159,130,169,213,54,9,74
118,253,84,181,232,226,183,151
187,229,85,41,218,239,124,14
34,88,9,23,90,99,176,64
91,241,138,139,82,225,188,5
228,26,61,81,140,242,58,155
59,199,253,76,239,253,250,230
156,131,218,239,234,178,137,128
167,62,137,0,166,30,143,104
41,253,209,68,8,1,141,254
171,201,15,84,187,234,171,217
141,223,3,61,157,209,135,158
78,82,163,124,239,160,63,83
168,60,220,195,203,13,251,206
39,111,151,93,94,241,150,108
59,157,225,82,38,32,9,126
48,7,38,126,89,31,119,242
47,74,127,7,56,143,166,47
175,186,162,60,19,130,57,6
147,150,15,94,8,50,51,60
122,101,164,134,124,10,243,217
20,8,119,159,214,36,97,136
241,201,53,80,241,113,4,219
72,3,195,35,83,11,166,247
237,81,96,211,188,44,236,147
232,197,200,12,226,97,31,124
213,149,189,40,135,178,20,113
190,145,64,247,27,43,168,22
61,154,94,102,43,151,241,226
82,207,123,250,217,228,237,29
14,5,204,73,181,33,2,25
99,38,96,105,96,93,112,204
156,31,194,65,70,94,46,241
20,150,245,224,129,255,0,226
238,144,245,88,9,192,179,89
67,204,44,186,165,130,174,159
11,165,68,231,125,72,74,93
136,76,52,186,174,255,153,166
183,43,26,198,247,150,17,137
194,11,248,118,108,216,22,143
120,215,252,254,67,6,82,49
79,157,20,44,9,242,116,127
209,11,193,177,188,8,173,160
194,125,85,49,25,226,19,122
22,162,66,6,20,22,219,92
31,230,230,67,247,110,58,187
6,72,224,82,230,143,112,235
215,229,247,142,214,149,171,148
26,2,185,146,98,159,168,251
71,111,7,49,61,89,184,150
238,74,193,144,211,128,211,46
25,41,255,11,241,129,19,190
187,76,152,203,129,102,169,62
199,39,50,216,245,114,183,98
35,195,241,7,110,224,236,92
56,156,157,164,251,200,128,15
101,90,209,34,17,85,55,188
234,195,122,54,197,136,178,20
240,178,103,187,5,146,152,82
148,189,177,181,11,33,73,253
204,36,43,1,124,99,243,249
114,91,241,191,135,36,121,206
227,114,84,70,147,187,166,202
166,98,42,45,213,225,63,68
175,1,13,50,170,10,27,143
200,67,37,241,168,46,143,56
176,183,23,35,255,5,0,68
15,141,228,14,239,94,139,24
221,227,82,140,37,176,145,62
26,57,105,243,251,103,41,173
82,111,163,217,65,50,225,107
254,198,57,171,60,137,61,47
150,123,70,47,118,114,246,139
36,40,78,86,14,95,142,12
239,235,79,158,207,34,248,95
231,6,97,96,254,240,153,220
197,181,16,176,213,230,58,41
234,244,155,7,177,104,80,226
207,196,212,31,40,25,53,240
73,212,223,178,87,100,27,202
109,248,155,63,19,84,20,181
166,218,73,126,189,172,70,61
255,127,13,125,99,48,242,186
155,199,197,96,129,157,203,99
163,203,139,161,210,192,45,20
170,37,62,171,186,56,92,74
175,36,98,104,189,133,64,173
10,154,243,141,222,112,196,244
157,85,193,232,128,68,171,12
66,205,170,143,91,37,152,14
34,70,44,98,208,192,173,122
152,46,197,129,12,20,127,220
117,120,117,255,82,65,240,84
3,38,25,54,153,11,197,96
0,235,70,15,210,193,63,45
251,43,222,67,151,90,136,37
253,166,232,206,182,146,113,118
78,196,152,105,204,59,119,204
77,228,176,43,75,225,150,224
208,188,2,125,23,1,61,54
55,117,172,167,142,178,203,21
89,163,78,40,48,211,112,2
72,109,106,52,207,237,79,125
253,68,35,143,199,25,144,44
208,149,76,45,142,209,135,125
198,193,255,111,223,49,38,35
211,195,213,116,90,206,219,214
173,104,4,244,208,77,153,205
76,141,122,100,155,224,129,170
59,195,34,227,10,244,43,17
3,22,60,142,46,74,85,46
91,241,91,55,117,119,247,132
169,131,35,119,47,224,236,207
203,36,129,41,224,114,249,90
7,121,14,108,88,172,5,153
35,222,77,57,12,27,169,87
16,74,68,204,113,231,126,118
91,189,179,146,44,104,93,214
19,182,182,196,142,127,230,224
161,8,141,21,128,168,241,182
204,164,113,4,147,158,57,31
2,15,8,207,250,89,213,191
18,9,177,107,92,178,71,173
234,201,244,161,140,115,99,250
194,57,217,247,215,108,30,41
34,156,83,79,193,177,222,205
7,224,148,133,231,120,52,57
29,204,178,164,84,147,44,21
122,48,240,20,130,102,81,244
76,255,141,217,13,89,54,65
186,68,88,189,251,49,240,193
63,14,119,227,76,249,70,123
211,208,10,0,181,28,44,10
24,98,88,220,242,30,145,169
253,22,166,222,207,231,197,152
146,130,225,40,188,104,0,153
154,218,32,214,9,248,13,119
125,207,93,81,19,173,185,145
156,102,83,184,154,102,103,135
188,243,67,95,185,46,186,0
171,158,162,193,156,26,175,217
168,40,113,145,221,175,70,206
145,157,100,56,98,148,195,54
59,66,54,206,183,77,21,130
64,238,33,250,233,49,159,1
52,58,113,123,93,71,153,70
119,115,26,188,22,215,212,25
130,208,212,100,63,36,211,75
35,105,191,28,88,197,3,90
142,87,150,117,140,10,30,212
218,197,37,147,60,107,142,151
8,252,199,136,23,42,54,86
195,79,121,248,183,228,186,148
190,101,165,64,128,49,211,23
3,95,209,253,58,219,241,157
157,161,198,38,216,150,60,90
133,19,245,145,152,124,102,53
63,59,77,135,72,207,36,23
91,183,77,114,175,100,130,126
108,16,100,87,247,156,32,176
152,249,40,130,199,208,19,67
90,94,134,178,106,56,44,129
23,122,61,121,88,40,182,88
64,77,225,118,16,175,136,54
155,64,140,188,127,229,10,151
66,199,97,3,49,187,166,234
0,20,38,161,89,156,161,55
233,37,73,76,47,142,225,202
182,134,121,171,195,23,146,13
89,139,54,196,8,6,207,235
154,49,164,92,57,170,80,92
210,108,108,157,174,165,86,137
106,85,55,25,147,68,223,5
169,79,62,238,205,218,214,193
125,245,159,56,57,162,34,17
180,4,97,42,112,183,84,183
197,165,224,8,51,25,128,236
30,249,13,108,43,105,141,6
244,231,1,135,35,22,252,20
47,51,0,85,120,84,211,148
111,163,145,162,155,242,128,141
250,53,16,226,199,115,55,182
172,175,24,238,69,118,79,67
138,125,31,214,221,161,197,173
247,252,169,179,5,32,142,149
114,42,234,59,54,202,123,79
239,211,5,211,164,39,239,31
202,218,212,232,49,137,185,237
240,165,178,227,86,54,185,202
109,255,180,60,18,138,39,189
110,87,142,116,146,173,1,206
169,33,80,205,177,184,79,105
242,31,212,137,101,204,79,242
69,100,169,103,151,131,238,59
7,151,78,160,227,143,95,237
26,125,30,242,227,208,155,238
95,16,202,203,179,33,143,40
164,172,114,115,116,33,171,88
109,237,251,33,62,12,140,93
77,147,252,157,39,229,184,108
5,188,85,104,210,196,234,30
112,155,83,21,58,83,240,216
226,207,18,150,249,220,210,102
235,211,171,54,192,232,148,220
182,120,66,244,106,2,228,9
160,34,178,146,222,230,171,55
34,53,13,159,10,115,208,173
222,160,116,145,245,208,160,63
7,54,146,218,37,143,38,143
235,84,171,152,231,179,36,127
181,106,248,172,227,128,106,99
220,155,232,11,72,56,209,242
167,220,57,220,118,254,20,90
51,152,220,201,191,203,40,13
16,234,141,149,42,161,248,9
175,153,237,124,50,22,5,46
8,170,121,114,202,121,117,186
248,83,145,52,171,226,157,61
80,140,121,79,242,52,5,146
79,76,102,59,149,73,18,55
226,198,243,243,40,87,57,221
49,207,77,250,132,113,171,116
171,226,195,113,6,79,182,134
19,65,86,5,40,103,77,242
141,208,236,86,176,217,83,14
113,246,100,244,154,204,194,114
178,95,64,143,147,199,196,244
112,65,44,193,238,105,27,229
71,120,182,69,136,253,25,200
13,108,190,32,73,77,144,109
123,244,58,246,51,200,210,230
54,74,22,255,113,31,103,17
100,85,148,220,57,37,60,139
215,40,0,43,9,86,34,48
138,147,35,129,69,112,3,244
56,84,134,23,252,199,17,48
103,66,97,175,214,107,54,42
1,92,205,68,222,46,48,148
9,53,86,255,167,25,74,85
97,223,225,183,120,21,173,238
82,195,126,105,153,60,158,59
215,159,117,196,220,101,221,75
220,216,219,87,97,206,184,54
191,98,86,209,155,68,95,194
84,200,14,100,58,82,160,134
235,240,82,179,151,253,222,11
103,1,238,128,16,187,74,243
68,173,243,118,144,37,148,150
235,167,152,62,216,146,221,54
208,7,169,14,149,114,209,26
145,105,94,101,102,48,149,249
34,163,252,23,116,26,101,68
85,160,154,42,128,34,210,204
140,147,147,70,109,150,215,239
118,80,194,146,79,253,95,116
211,146,62,2,56,68,21,146
143,192,99,90,61,124,38,10
131,137,92,208,7,195,125,250
48,182,67,137,58,170,205,31
200,169,167,229,103,22,238,151
112,41,90,193,52,74,216,161
107,203,64,253,56,191,178,34
97,0,19,71,57,117,124,103
169,28,143,64,249,60,79,188
200,79,92,211,43,201,212,48
141,229,217,253,157,50,56,49
128,168,139,32,60,61,54,132
102,172,210,37,120,97,204,84
250,171,210,25,249,18,133,71
130,171,220,220,93,71,212,157
18,95,144,21,39,142,238,143
97,101,111,224,223,82,54,51
224,238,42,90,231,128,171,159
11,65,245,163,249,7,137,252
72,199,156,176,202,204,82,12
53,96,47,184,25,207,109,233
22,40,98,254,84,206,141,171
69,66,11,48,162,59,52,44
195,90,241,32,178,180,134,166
220,93,115,64,124,200,252,99
176,220,86,55,170,138,42,219
249,155,62,44,21,84,66,70
212,90,109,64,28,231,58,96
61,182,31,151,210,62,155,171
179,165,189,6,16,232,151,251
151,132,93,194,54,93,104,215
247,161,222,17,125,211,112,198
6,177,113,110,181,102,82,240
238,244,25,98,86,2,29,161
214,5,227,228,11,33,68,213
103,222,41,161,254,68,248,94
219,220,65,218,110,48,233,218
0,75,35,244,55,52,253,253
249,249,84,92,242,161,25,57
151,49,122,36,120,74,52,67
25,98,150,44,85,230,210,152
157,21,215,139,158,46,204,75
105,224,93,216,76,84,244,90
67,50,52,183,57,32,196,88
114,170,117,58,30,178,30,199
110,84,75,107,253,47,78,173
150,9,162,184,180,157,231,184
160,176,97,244,155,103,131,135
190,218,159,176,172,244,122,85
177,240,51,3,176,130,61,150
90,216,0,152,18,250,75,82
130,48,120,195,227,54,172,176
226,216,184,225,168,149,171,134
213,146,212,3,176,119,118,128
186,246,145,246,59,7,127,226
143,66,23,49,210,60,83,2
27,204,152,73,162,252,247,218
52,221,212,119,241,228,128,225
208,91,79,253,54,189,73,94
30,189,214,107,16,2,238,230
19,72,117,96,59,131,134,201
200,189,7,182,61,216,94,234
247,97,249,2,131,201,227,197
23,189,119,150,13,12,160,214
110,127,36,119,120,112,155,234
49,144,163,59,207,105,58,127
127,243,71,6,238,221,209,100
247,236,180,140,84,86,46,94
77,232,220,208,160,251,105,218
196,223,116,241,245,118,220,86
136,224,237,202,147,236,19,169
117,195,208,141,13,89,66,94
253,198,46,71,70,94,76,254
208,160,72,119,241,170,34,184
179,120,240,183,68,215,162,80
164,33,237,151,226,80,235,144
95,238,155,120,96,108,194,159
114,10,88,33,245,36,236,105
33,177,21,100,150,36,118,59
81,133,47,52,134,44,218,192
173,1,209,54,217,209,59,183
82,40,144,233,168,160,184,243
25,146,216,72,209,37,187,193
8,235,54,71,130,97,159,216
59,222,49,32,152,255,216,147
248,85,69,245,109,68,236,58
173,212,236,49,212,195,40,136
103,63,8,240,38,25,22,158
138,223,215,157,249,171,121,221
200,112,74,199,88,249,223,39
38,19,78,55,101,165,242,141
82,237,67,180,184,82,24,162
158,227,143,154,230,223,180,84
197,124,154,111,149,152,179,186
161,14,9,209,242,187,124,98
142,110,24,195,177,3,31,234
194,207,98,70,8,153,228,89
17,124,167,194,123,21,230,102
101,213,191,180,254,186,79,17
236,117,45,148,122,68,135,244
189,42,111,58,66,124,23,255
236,199,74,148,154,48,218,19
106,82,80,158,234,188,23,93
139,238,166,32,148,199,248,161
31,153,7,213,153,171,168,103
108,125,174,233,87,34,182,106
227,161,70,38,158,229,191,41
30,202,78,120,27,84,74,3
130,56,79,183,109,5,182,158
9,88,151,47,130,249,31,99
241,47,30,95,182,114,252,223
239,148,207,30,202,71,44,35
70,20,62,234,78,44,183,18
102,83,18,40,77,113,5,69
24,28,72,72,82,37,208,125
55,179,10,240,33,233,59,2
86,190,76,167,96,146,164,55
147,190,46,111,225,220,56,11
62,213,56,109,189,91,3,252
224,27,130,85,116,134,177,25
184,20,118,210,34,154,111,227
233,183,194,217,203,215,130,152
213,159,160,35,251,130,12,189
70,250,236,118,40,224,112,219
131,125,88,152,33,238,238,134
12,190,142,160,5,218,163,114
194,172,103,42,141,250,22,234
106,192,107,77,37,155,46,121
255,15,32,251,31,103,149,214
56,202,117,137,151,54,82,247
248,82,127,95,121,70,57,251
91,212,163,90,118,28,147,217
49,104,111,156,33,28,175,106
96,38,245,21,148,234,188,69
117,145,82,38,154,16,130,57
96,0,156,148,46,6,114,165
88,192,46,242,63,62,132,66
98,38,2,82,49,117,254,127
190,176,104,152,139,162,85,178
43,84,154,1,121,17,168,124
242,125,221,119,236,219,52,73
215,35,64,129,138,242,123,227
27,233,11,254,168,153,229,133
164,246,42,23,137,80,21,68
87,243,197,25,209,120,112,44
180,18,49,111,183,177,157,224
250,161,201,224,18,207,201,249
102,222,10,236,203,227,38,57
10,106,186,241,210,183,50,204
55,36,243,193,155,13,150,14
165,5,6,246,196,39,219,29
157,133,57,153,179,228,214,191
47,186,68,213,160,38,150,175
112,252,133,78,108,211,252,131
121,47,128,26,54,235,220,78
54,128,189,6,62,48,20,48
173,240,152,238,83,103,249,254
75,227,251,218,85,153,235,151
59,208,111,87,201,209,120,231
105,114,216,250,18,210,85,149
243,5,52,164,217,194,25,83
160,165,173,223,134,24,184,75
121,130,144,95,182,139,131,153
16,41,30,67,61,36,226,242
205,31,75,96,226,161,160,208
5,5,152,14,179,209,169,94
178,172,97,241,2,15,194,147
184,240,142,146,149,93,103,98
38,226,32,182,144,172,50,142
85,1,246,38,146,148,73,206
185,172,68,244,202,85,19,93
184,193,130,251,18,14,185,17
140,90,223,152,211,192,244,148
106,65,132,30,57,211,25,213
184,165,192,233,200,152,71,222
44,201,165,120,168,189,170,83
228,207,240,215,209,67,231,195
252,218,124,142,74,26,203,189
156,188,138,103,94,106,177,80
179,103,71,25,174,159,42,221
178,227,48,252,40,94,188,114
55,91,42,220,52,112,228,225
44,237,142,186,156,220,185,195
206,224,84,148,190,167,29,155
38,35,125,128,251,253,66,113
229,102,128,20,124,191,115,222
184,244,229,22,49,201,205,206
84,131,16,218,196,213,209,222
180,222,98,98,160,129,207,235
213,199,144,225,111,202,123,253
126,192,132,216,174,199,21,7
78,85,62,128,18,80,34,149
124,61,28,142,208,43,226,169
132,42,233,243,39,214,68,92
112,230,12,211,182,220,205,29
193,32,16,120,134,168,20,15
62,178,155,139,34,219,19,220
137,196,222,17,255,3,139,116
55,255,190,252,234,75,24,53
32,6,115,27,251,236,227,135
238,189,196,237,90,71,6,89
155,223,218,156,170,119,119,17
28,197,183,110,186,93,170,112
84,180,239,84,19,15,251,219
124,171,13,97,236,131,20,143
60,216,229,83,17,10,189,14
118,224,5,159,72,203,99,14
175,82,126,91,53,82,218,223
207,98,109,73,134,0,173,181
42,22,195,162,204,229,231,96
103,95,162,113,158,114,50,101
1,144,157,186,118,238,195,57
119,235,245,21,190,243,149,114
225,158,59,95,195,227,112,207
119,250,45,140,18,190,148,216
153,58,210,218,71,251,130,131
202,173,46,54,24,116,127,214
59,85,179,172,232,11,210,14
135,204,6,249,232,186,125,6
39,215,74,214,255,240,88,90
7,233,160,7,72,13,233,16
19,244,43,11,57,124,89,84
142,231,151,69,155,74,230,141
191,125,205,197,49,69,73,128
174,250,70,172,82,193,177,66
189,62,55,103,126,240,68,240
228,12,31,73,242,130,78,244
145,59,233,99,197,103,87,97
209,221,139,205,160,3,2,117
65,180,118,242,189,65,147,131
169,112,114,130,23,39,73,148
70,149,2,148,143,177,177,233
23,71,234,126,89,170,26,75
67,80,71,98,223,88,168,67
214,78,108,183,213,3,158,251
243,78,4,2,24,177,36,239
201,219,38,156,33,172,200,134
79,211,46,195,44,118,174,134
160,187,89,209,45,140,242,61
225,119,112,200,242,15,222,197
219,53,202,109,163,186,7,147
117,63,33,209,72,62,168,173
112,211,206,201,125,146,241,177
12,33,212,255,243,211,244,186
99,138,238,224,245,249,237,84
137,157,32,156,1,96,97,197
5,204,18,87,209,246,186,1
166,197,61,55,50,62,219,106
1,249,42,116,197,16,142,52
130,94,105,84,187,226,66,181
222,128,61,252,159,176,121,225
153,81,109,36,0,158,174,102
51,125,109,111,166,201,104,212
224,93,226,9,168,211,195,252
119,9,23,82,63,174,215,26
91,114,83,212,181,199,224,183
53,34,1,0,78,181,226,231
25,63,82,243,26,198,212,140
214,133,172,58,107,33,38,223
87,175,135,116,239,125,108,170
2,23,233,217,184,96,216,81
174,128,165,80,49,59,164,167
197,187,185,112,183,223,90,239
201,210,16,227,205,193,107,82
143,70,232,115,133,145,219,179
202,242,234,33,185,255,47,11
109,123,91,173,151,215,68,132
40,81,155,148,137,36,133,154
59,98,26,117,83,150,212,167
11,109,183,83,123,112,84,134
9,229,156,111,91,135,101,228
197,16,126,177,199,29,40,48
231,101,205,216,21,114,183,46
37,145,164,48,179,234,116,34
253,117,178,65,93,248,12,154
103,28,40,222,51,16,185,101
77,223,36,219,106,239,186,140
197,18,33,143,196,25,118,251
174,40,57,199,234,214,76,57
135,12,184,47,118,16,255,253
229,56,13,198,2,208,130,98
149,42,102,82,237,174,155,131
19,185,209,124,113,108,142,217
123,204,129,42,36,179,17,77
138,164,57,250,106,94,196,179
63,138,45,6,79,104,206,218
112,241,218,16,163,7,57,244
60,66,188,243,83,58,134,46
3,99,189,29,248,39,175,231
201,222,143,162,68,191,6,172
12,164,153,199,185,201,234,102
175,248,131,30,99,237,192,182
5,73,151,122,53,102,191,88
47,6,181,95,236,187,60,165
248,62,7,163,177,84,14,48
150,127,79,68,20,113,192,155
35,206,62,117,89,130,15,25
177,95,225,88,243,38,34,20
230,12,161,54,230,51,162,209
181,93,74,145,254,221,208,204
192,22,102,252,187,82,134,82
16,230,65,248,218,122,76,13
96,154,80,248,63,5,7,200
15,83,128,70,124,128,72,169
52,104,238,9,142,211,83,97
14,140,189,101,147,195,202,183
83,19,108,5,133,251,86,49
249,198,141,13,220,177,40,174
59,237,228,209,137,214,232,101
187,83,95,248,114,232,6,186
112,24,50,209,155,100,133,4
166,59,198,141,228,50,142,13
95,206,202,148,235,201,222,220
53,191,0,247,134,163,3,111
116,104,174,54,224,155,236,77
2,128,210,247,89,83,80,133
192,109,139,249,64,61,191,143
216,187,181,146,217,26,253,226
203,190,194,119,42,17,176,105
108,5,148,86,44,237,46,121
3,178,114,43,165,93,71,88
169,20,172,75,82,57,46,32
172,37,205,47,254,254,248,32
40,39,103,54,170,202,220,193
134,115,37,217,123,174,14,46
167,208,235,251,172,181,66,140
63,204,44,159,181,54,252,105
41,159,75,99,153,184,40,150
135,23,246,132,195,156,230,146
213,254,134,193,121,157,3,153
162,195,224,96,211,235,15,82
97,169,99,201,216,44,46,79
100,83,202,235,168,152,29,226
198,171,57,161,231,132,224,190
208,137,48,223,129,81,126,53
183,0,248,101,212,190,14,0
87,86,1,103,90,73,222,245
110,125,206,127,56,175,229,99
166,165,93,48,217,192,197,34
222,51,132,29,252,88,201,37
98,4,201,236,184,8,77,36
221,27,246,108,237,238,32,19
1,53,155,190,140,238,186,49
110,152,56,130,100,214,81,223
39,7,58,131,235,49,64,231
29,61,165,77,122,176,132,40
79,214,227,10,45,197,130,51
178,66,32,246,6,217,121,62
101,225,255,238,112,95,125,106
102,202,243,244,47,53,234,41
101,39,133,64,166,216,114,190
10,177,60,19,104,168,139,180
56,145,152,25,239,255,246,171
163,237,125,86,209,158,190,51
13,243,61,225,204,177,50,254
102,155,227,87,168,106,177,61
171,89,72,253,39,212,123,59
96,169,165,66,199,229,156,77
112,229,117,118,27,30,84,148
146,61,5,211,51,33,192,15
140,205,227,28,115,174,186,85
147,102,58,188,147,140,34,242
220,109,190,178,124,101,211,171
178,207,49,136,191,69,6,141
28,225,69,66,179,53,49,87
207,182,231,73,249,22,68,145
44,26,107,57,88,28,12,72
55,206,183,203,156,15,147,251
32,34,231,234,42,57,34,22
199,169,111,126,182,123,46,52
78,98,242,110,175,73,100,26
157,27,98,198,197,124,202,74
140,174,210,31,69,99,217,195
214,61,207,73,65,216,62,233
115,100,147,69,167,63,7,17
91,179,188,20,105,190,90,28
237,75,107,4,161,8,251,218
188,59,90,248,59,192,141,54
118,240,220,103,28,241,37,178
10,165,242,64,124,227,221,228
192,87,240,234,1,109,87,125
239,237,113,81,85,80,38,178
33,54,137,21,206,21,87,124
72,42,118,126,171,189,124,225
82,192,128,119,126,164,25,77
228,126,225,3,96,51,151,246
90,107,142,228,233,96,66,252
235,63,190,54,193,18,49,171
181,94,139,141,174,74,45,241
208,83,2,254,121,207,225,133
186,55,136,205,171,19,235,38
71,249,118,109,153,167,49,197
74,201,125,178,109,254,59,240
124,179,238,70,65,127,96,97
177,97,29,91,106,252,30,174
68,42,72,222,188,47,207,178
99,37,132,106,183,228,245,28
105,193,204,46,148,32,173,65
104,58,95,54,221,196,67,150
196,76,150,109,19,215,217,132
180,124,188,213,11,152,149,200
48,242,114,254,55,254,149,106
137,175,54,156,118,79,31,17
112,207,71,139,33,226,142,71
113,249,122,82,113,124,82,231
99,187,197,241,70,11,132,114
91,234,174,14,222,218,0,230
195,197,140,71,157,243,42,82
57,176,128,144,220,27,235,59
5,23,149,19,75,6,134,5
196,155,191,50,103,110,166,242
44,48,172,204,135,135,244,206
41,47,37,196,116,206,81,52
13,66,70,184,26,145,20,153
0,53,109,248,180,242,182,169
249,57,154,148,250,237,162,105
134,130,36,120,90,112,191,165
0,43,69,191,40,161,213,192
68,128,91,236,230,37,175,176
29,103,106,126,87,227,200,155
91,10,165,156,1,26,253,85
74,27,246,46,224,12,158,168
239,50,202,131,22,253,94,184
74,41,205,228,70,16,92,174
90,118,63,93,228,142,170,204
252,193,62,14,169,52,138,143
154,95,79,115,224,221,25,26
253,98,117,171,208,85,169,110
147,16,1,178,170,195,87,213
56,7,168,145,19,88,59,150
111,187,116,53,55,249,71,141
90,131,243,222,60,150,26,252
156,226,70,243,55,10,151,1
42,234,70,127,187,181,151,40
199,143,42,72,16,56,10,222
160,87,110,163,226,77,100,247
87,134,0,234,198,114,96,242
103,101,205,124,75,183,87,102
108,6,56,174,36,6,45,204
130,118,140,119,199,140,228,72
159,236,201,227,57,36,52,78
50,106,23,2,151,233,12,66
127,144,160,29,71,250,50,10
219,41,51,191,84,132,4,107
141,232,155,57,117,174,22,58
41,149,21,21,188,136,149,230
227,233,234,23,93,104,41,150
191,111,47,232,5,250,112,200
93,17,170,86,241,51,48,247
166,167,84,171,106,77,38,87
161,109,171,137,129,244,167,6
248,235,242,173,23,8,114,90
152,68,250,217,119,194,60,152
88,161,204,205,160,196,132,38
167,82,111,27,96,233,150,216
219,31,228,186,166,86,169,4
230,48,199,53,85,101,3,237
142,60,44,251,143,32,237,1
183,212,80,73,54,26,41,194
115,231,107,4,91,219,237,117
100,66,10,94,68,199,101,186
30,95,9,218,187,104,251,3
49,220,234,224,16,31,55,160
45,203,110,221,28,236,103,49
182,233,228,53,245,111,65,145
152,98,11,31,0,19,189,64
178,220,98,208,52,14,204,224
28,0,54,129,145,78,87,0
180,187,175,130,36,40,78,245
235,65,25,90,165,199,2,161
115,249,177,173,158,203,110,114
82,40,182,12,2,68,70,120
46,235,85,223,217,226,91,206
33,249,166,27,236,56,34,251
10,181,214,87,214,200,35,21
141,176,67,63,92,70,237,198
200,252,217,111,27,50,65,119
74,209,187,253,250,34,184,85
121,248,112,36,248,56,184,240
239,160,104,220,11,43,133,12
230,161,54,142,31,123,38,12
3,189,74,243,50,66,151,106
155,173,41,82,170,229,97,154
152,129,203,44,208,70,20,165
172,31,97,227,25,132,107,80
126,151,175,22,30,248,120,185
140,64,105,61,145,72,171,67
87,17,8,233,225,233,109,144
229,17,210,239,166,99,0,93
13,100,181,166,62,249,103,223
5,176,230,220,216,10,102,42
94,213,25,197,77,82,160,44
212,5,116,226,248,111,93,215
132,100,131,26,102,54,36,131
104,5,158,116,132,241,41,153
201,228,175,66,11,230,124,156
233,173,13,139,53,160,110,127
18,56,106,47,44,115,18,245
148,41,228,101,179,43,11,118
29,215,203,223,101,239,38,64
188,211,59,129,159,200,185,248
224,98,135,144,211,7,169,77
137,21,15,155,170,244,87,77
39,5,168,193,141,201,199,190
30,232,113,252,230,167,206,145
238,87,230,135,128,190,166,183
126,91,12,180,10,246,252,94
80,52,29,155,63,124,134,214
181,117,137,41,137,0,63,77
243,157,67,210,2,120,207,2
194,200,83,165,128,62,222,216
199,9,88,30,188,244,252,178
226,220,182,189,126,25,91,237
233,233,173,87,190,222,210,121
49,77,166,195,131,245,132,89
57,175,134,85,149,77,16,91
75,41,215,193,131,96,75,31
225,92,33,0,21,45,225,43
18,51,80,143,22,157,83,132
128,144,77,133,120,46,197,179
155,84,179,197,70,215,191,178
186,153,176,67,89,214,117,186
40,158,50,77,207,132,21,202
14,197,193,82,73,94,224,139
117,137,244,116,71,31,14,249
86,61,168,92,93,57,11,126
11,247,168,212,120,94,148,113
51,2,25,168,239,87,106,0
205,188,254,229,216,147,126,69
222,140,218,39,25,217,246,210
54,117,2,228,168,151,238,199
69,139,88,74,225,246,105,165
121,184,57,202,166,218,173,79
215,255,93,89,70,34,26,86
18,191,54,121,9,115,153,49
164,54,27,89,4,140,238,93
102,21,4,246,102,231,56,7
81,50,31,12,156,5,85,180
59,122,42,192,197,38,116,43
161,189,196,47,209,104,40,55
133,52,21,31,91,12,154,130
252,168,94,64,51,152,52,102
37,165,39,126,32,33,234,118
79,159,102,142,144,204,249,125
223,108,61,138,99,180,77,53
31,32,170,107,82,156,205,65
183,103,225,160,70,197,110,26
250,41,37,62,102,203,236,42
229,252,240,61,212,109,221,139
18,120,135,186,194,100,129,101
95,178,178,72,70,131,71,102
131,183,214,88,234,144,216,59
1,222,107,163,208,249,198,162
119,144,2,74,246,203,175,30
36,218,196,22,80,119,23,192
255,232,42,186,124,249,111,82
172,117,51,40,214,225,1,254
91,140,68,147,3,139,129,115
33,101,246,111,126,193,201,101
6,129,163,183,124,25,32,75
225,19,42,251,184,127,30,201
217,66,182,168,27,203,36,162
100,36,0,115,116,133,223,233
228,106,138,160,68,204,135,192
209,89,183,164,187,172,69,4
93,209,211,22,135,135,57,109
255,126,126,200,64,219,242,92
114,143,229,186,29,203,176,251
179,110,99,196,98,54,221,50
204,52,107,203,139,69,50,222
193,85,193,4,26,8,176,102
113,84,150,2,215,176,136,154
187,42,183,45,141,218,141,226
99,223,128,254,234,81,249,4
140,198,105,179,208,126,150,45
232,13,211,56,149,44,2,94
201,85,153,184,26,123,40,28
1,197,64,123,82,205,19,168
122,216,64,38,150,30,231,241
21,144,32,202,180,91,72,217
234,253,123,113,141,220,57,67
115,79,55,95,67,216,211,13
249,26,22,21,23,180,6,17
174,102,194,140,42,75,188,143
107,150,89,237,255,253,168,227
94,44,252,83,118,70,244,163
224,224,165,125,117,163,118,100
16,237,130,217,141,169,201,73
227,62,39,153,23,91,152,140
204,162,135,45,191,167,79,250
40,162,14,101,155,42,29,166
42,121,164,126,244,141,198,143
79,96,60,83,77,130,106,124
41,132,180,134,207,247,182,153
112,46,93,245,157,171,42,187
42,145,61,189,154,221,32,23
227,116,179,48,183,240,9,121
73,250,159,85,104,188,168,157
116,246,145,176,56,91,34,79
48,81,81,22,64,162,44,129
92,82,166,123,25,117,217,142
13,75,122,228,172,195,116,219
184,29,102,119,243,120,208,26
182,217,175,139,118,125,203,180
143,131,25,57,88,157,21,135
138,98,31,131,227,53,168,228
123,4,145,135,48,36,126,177
63,137,171,135,43,164,66,127
254,222,245,229,37,81,67,150
8,144,146,125,116,122,135,185
79,48,158,95,53,199,101,35
58,26,37,45,233,24,128,18
201,66,122,247,182,142,83,126
31,244,119,42,145,158,175,175
59,80,77,226,151,18,87,126
88,45,92,195,92,129,173,2
131,86,216,18,87,184,39,112
27,178,108,150,97,43,80,218
172,55,19,161,58,163,250,124
87,203,47,87,8,23,136,52
249,21,174,222,192,181,231,208
2,163,245,82,183,138,175,11
191,177,170,226,206,133,209,161
103,175,118,148,5,2,243,48
218,26,70,94,156,55,165,7
98,253,197,112,12,37,39,63
104,121,73,150,72,195,174,28
31,39,134,181,178,7,45,224
165,123,68,15,205,177,52,187
47,135,123,148,15,136,196,143
0,136,241,114,164,210,188,120
228,22,185,217,118,150,8,117
216,33,10,135,84,49,101,165
220,59,174,254,14,136,110,74
108,81,148,32,11,34,43,158
242,47,173,31,38,228,140,148
219,114,89,108,205,251,237,19
246,31,229,92,168,40,214,115
129,230,210,117,30,239,110,100
131,60,222,46,87,196,142,101
166,235,27,82,244,240,185,11
41,172,103,225,181,226,67,61
251,71,102,152,185,108,194,186
22,126,1,116,118,157,230,67
237,238,239,12,231,110,41,210
137,18,152,203,0,92,117,33
167,68,99,203,215,45,120,112
255,223,94,64,238,3,228,163
199,228,52,70,15,185,165,111
225,20,233,234,20,130,231,148
89,255,87,145,117,4,150,24
86,229,253,243,64,105,63,105
48,220,167,134,39,221,40,174
163,5,174,156,193,67,68,156
91,7,203,99,68,231,129,57
104,63,16,25,18,107,148,69
120,89,111,58,115,110,235,160
106,58,244,79,12,211,250,200
65,7,119,252,169,181,162,15
254,203,60,126,157,94,166,238
42,168,113,218,188,254,239,155
115,185,51,69,207,90,74,14
35,0,113,194,147,8,239,186
216,91,61,63,33,35,252,104
98,252,216,34,183,62,182,252
35,99,128,187,190,163,161,20
188,210,137,30,14,92,30,25
89,128,97,214,47,91,102,89
153,136,12,217,114,11,54,91
156,124,118,17,41,143,155,120
77,24,21,144,108,62,150,76
172,23,114,43,20,204,229,75
190,112,119,56,131,226,195,133
139,176,199,231,125,205,154,153
52,43,200,219,137,55,24,208
253,136,181,236,97,38,73,102
254,36,30,141,65,230,243,22
172,249,169,162,107,253,95,204
122,234,86,109,150,138,146,2
229,95,96,172,146,239,151,217
152,240,101,219,131,33,48,70
12,70,124,27,43,213,183,164
96,77,104,205,248,60,246,86
34,16,18,152,123,6,210,58
72,175,123,246,68,158,155,17
73,219,204,152,162,124,246,254
204,237,192,136,242,125,203,39
180,74,41,203,169,190,162,249
154,133,205,204,86,140,110,125
191,6,85,173,188,196,242,6
0,2,225,96,66,27,2,10
250,154,71,0,11,26,251,204
62,25,196,104,40,4,105,65
18,69,94,166,122,106,21,255
242,109,219,107,107,184,22,233
210,206,206,65,190,224,52,195
214,80,116,122,51,236,121,58
160,21,206,230,243,213,48,5
96,8,233,204,232,36,1,45
106,15,107,128,54,43,85,82
53,240,67,133,125,147,183,119
39,107,21,57,169,57,124,235
73,62,23,191,161,184,126,77
252,166,246,48,234,23,123,45
201,208,156,88,130,170,122,187
94,193,244,104,98,248,89,76
231,205,209,183,122,252,193,118
142,177,34,7,142,197,164,19
174,253,179,229,195,1,63,94
53,255,107,60,219,2,40,177
157,31,21,83,170,136,133,72
246,180,249,190,147,15,149,82
238,69,177,192,21,123,97,95
227,33,70,223,109,100,219,180
67,175,188,202,211,13,236,254
111,84,106,152,99,227,219,138
78,214,126,199,10,233,219,220
58,240,59,255,96,80,119,100
158,51,211,147,9,72,218,209
4,169,167,160,200,36,132,239
103,178,122,42,182,232,139,113
30,10,147,119,252,110,207,190
229,127,97,244,89,216,221,184
60,153,92,244,181,194,188,7
160,46,155,119,146,33,70,234
115,17,41,212,19,224,22,197
55,231,175,22,188,142,216,35
16,82,71,149,110,74,102,115
232,185,226,67,222,104,76,231
79,244,61,204,60,4,147,66
189,34,184,107,27,1,94,47
172,126,130,123,137,30,161,10
230,17,31,188,175,5,216,250
244,132,67,44,73,41,140,198
49,223,190,252,128,210,240,126
177,244,118,4,222,104,37,72
156,42,209,178,141,35,140,145
26,202,74,61,142,23,10,73
7,68,32,226,81,53,254,180
7,114,94,198,114,126,202,48
228,129,255,86,222,93,212,102
230,136,88,88,12,194,32,46
47,81,35,31,48,9,166,171
147,218,230,124,254,249,120,61
55,97,93,252,141,142,242,2
124,233,241,24,93,150,213,98
70,173,23,26,25,40,114,123
52,192,10,140,173,102,75,226
69,54,138,53,232,121,30,203
168,148,81,218,235,153,40,157
194,99,34,173,228,210,87,237
94,149,179,126,230,127,200,151
243,162,239,204,35,137,53,231
61,66,227,150,250,26,236,225
139,127,78,97,32,63,89,222
195,160,101,158,36,65,235,94
23,108,0,193,134,243,43,62
109,143,200,243,32,11,43,174
249,95,79,182,225,102,76,254
81,161,102,115,17,200,42,144
154,192,1,70,247,250,81,203
107,39,68,219,202,140,98,24
125,237,216,154,242,108,224,145
141,124,193,166,133,52,44,233
188,124,90,247,251,184,38,13
61,63,42,178,74,176,242,214
41,47,106,83,247,61,13,179
181,112,26,152,219,252,196,199
45,228,212,204,185,67,18,159
108,81,109,28,7,43,13,193
97,145,109,190,151,75,137,50
242,57,196,226,152,45,79,198
237,247,225,166,35,73,27,51
155,3,130,205,120,124,85,203
86,12,74,11,13,249,0,254
46,236,128,171,53,12,36,51
150,176,188,7,237,57,31,133
168,217,189,150,30,102,225,137
192,162,17,201,23,161,90,44
90,105,84,133,65,93,70,167
91,199,196,131,115,226,209,162
198,77,233,83,195,204,15,184
111,88,202,180,107,114,185,38
80,138,87,236,192,66,22,139
157,38,73,135,81,35,192,82
255,223,190,194,147,79,184,151
214,214,150,19,223,128,111,89
14,141,223,16,42,71,249,113
70,252,169,233,93,74,225,220
36,62,41,81,243,138,211,82
29,130,114,102,92,162,246,156
4,248,20,147,143,128,223,13
153,5,241,41,126,147,238,182
77,67,4,199,41,116,70,136
202,17,192,154,182,83,189,90
130,41,60,253,174,147,235,5
35,63,17,153,92,69,41,111
240,107,9,74,175,149,32,194
212,153,67,187,151,47,122,187
203,158,216,82,132,58,21,99
88,115,6,35,239,26,74,242
229,176,109,62,235,195,114,219
48,24,212,198,103,224,200,217
96,137,43,200,195,223,252,141
52,161,242,248,166,142,69,86
126,193,241,64,85,236,91,152
73,136,54,161,1,230,52,80
105,243,61,151,221,227,182,140
230,217,202,156,83,9,72,144
52,175,111,41,34,42,65,225
57,117,49,235,43,62,97,184
118,64,198,159,204,81,96,109
84,137,66,193,120,156,149,134
36,174,247,38,239,98,150,39
115,36,86,37,167,39,220,81
203,196,77,191,176,158,58,71
85,10,140,56,249,111,225,147
69,241,145,87,231,210,247,251
227,72,166,135,236,67,101,178
174,193,122,83,27,117,193,13
39,117,199,9,221,150,14,10
29,63,225,37,184,106,155,77
189,213,200,74,80,65,165,210
238,139,133,41,165,152,204,152
77,154,116,30,49,132,138,3
232,242,120,169,13,167,146,108
69,113,75,216,145,188,136,72
74,50,75,46,57,112,87,82
188,104,98,255,71,153,239,7
45,69,110,114,89,229,15,62
99,111,16,99,78,213,5,116
143,55,102,78,199,179,183,13
197,79,215,147,252,7,13,151
89,69,206,254,193,63,108,110
240,150,254,167,238,212,101,202
211,5,203,187,228,20,135,126
80,115,119,134,145,111,75,126
107,213,142,62,74,44,162,89
1,89,57,185,108,91,2,41
74,22,119,204,8,137,224,211
163,120,75,27,53,166,144,187
93,192,70,150,102,127,169,255
177,204,253,169,5,212,250,46
141,251,126,139,69,107,207,170
111,213,108,195,11,84,233,89
192,149,102,60,166,178,50,101
240,174,127,151,124,178,131,119
133,122,83,129,226,115,55,231
84,14,11,70,124,150,34,188
119,146,111,237,183,67,22,93
75,100,20,167,211,121,229,244
188,54,218,218,229,89,20,231
189,255,70,33,162,177,148,89
162,56,48,250,60,10,79,84
205,164,70,37,85,168,75,167
194,98,66,6,217,48,197,54
203,70,191,36,221,174,94,101
113,2,194,77,147,180,172,165
184,201,190,40,169,76,52,179
60,154,60,101,129,144,25,16
162,177,87,247,186,89,228,122
147,97,191,14,63,114,17,113
210,166,168,236,26,20,85,116
61,139,187,106,175,69,84,183
82,9,142,133,76,33,242,49
36,214,82,115,129,186,173,122
222,119,232,99,207,72,213,62
28,37,53,250,42,15,210,179
47,129,22,70,145,81,76,116
186,199,116,51,71,25,224,88
20,51,246,61,242,34,145,247
138,202,90,118,153,147,205,182
65,83,107,56,88,231,125,246
162,60,182,126,184,179,61,128
217,219,181,181,97,212,206,226
21,207,87,171,194,57,18,133
23,239,25,113,134,165,144,231
85,19,254,190,189,180,136,63
129,45,110,11,139,178,244,53
19,142,1,20,155,186,97,178
89,139,16,60,143,116,54,109
5,95,56,166,68,67,32,206
73,237,218,170,8,222,77,164
137,67,248,181,15,239,249,233
169,104,44,23,84,94,59,3
20,102,115,214,142,163,38,105
160,164,28,131,201,61,63,124
132,137,178,190,217,168,33,235
234,85,65,24,164,188,166,232
249,196,105,73,75,238,203,132
7,182,18,22,248,202,234,9
165,50,197,118,21,211,162,115
57,231,40,7,99,68,213,10
20,220,78,243,186,245,45,161
239,43,120,209,26,175,13,62
207,235,74,158,77,123,119,114
75,152,188,248,192,239,4,5
59,159,145,237,192,139,54,230
94,22,125,154,130,78,209,64
86,212,142,231,45,59,36,233
162,95,162,45,84,42,111,187
154,225,170,163,53,235,39,11
15,210,122,253,231,227,198,255
200,132,174,222,251,174,236,206
116,166,209,70,92,49,234,21
119,44,211,123,129,145,232,80
100,244,128,76,210,172,116,107
30,157,130,101,2,79,123,1
195,73,54,163,167,11,118,57
8,191,87,253,154,131,2,173
168,114,116,195,143,12,98,227
95,140,150,111,132,95,17,149
206,185,207,16,165,171,181,99
95,227,88,235,36,1,6,218
237,223,56,178,214,39,156,121
34,68,157,108,73,58,47,105
72,224,204,24,170,129,175,38
80,161,210,26,213,38,27,89
37,23,105,161,0,239,15,56
52,177,20,99,147,201,198,48
150,103,131,147,109,155,118,175
224,204,251,127,44,33,67,109
159,249,30,180,247,51,197,190
152,89,193,124,124,235,215,95
151,37,55,93,238,154,37,43
105,254,197,96,83,24,69,207
50,163,167,198,39,181,39,177
61,78,227,205,99,152,232,51
37,56,10,4,48,177,112,133
87,148,181,152,153,5,100,19
106,128,154,168,16,124,152,17
219,29,66,122,143,100,61,65
153,202,56,180,147,221,82,85
151,81,193,77,37,159,137,4
237,56,217,146,244,223,167,241
40,243,232,144,191,220,2,255
169,45,85,47,83,63,101,19
146,15,216,176,28,103,196,16
43,44,93,81,182,126,192,238
17,144,0,232,115,250,32,234
72,222,109,121,131,135,18,236
122,95,65,204,108,189,202,120
140,163,213,230,222,145,59,87
230,209,40,245,208,75,200,26
114,8,221,160,60,174,252,53
17,218,29,148,156,8,96,228
173,226,228,32,48,177,140,41
23,187,61,223,47,203,121,250
80,231,121,236,175,83,152,62
88,147,18,34,87,189,141,211
3,155,209,7,81,244,255,180
235,30,168,111,104,53,235,57
251,149,224,168,2,194,99,219
38,193,54,28,56,204,17,199
100,75,36,73,227,25,248,0
235,66,243,112,37,160,62,185
167,180,208,125,140,244,86,22
187,50,153,189,192,29,108,230
168,151,179,137,236,114,98,49
179,191,232,146,82,130,16,36
33,255,150,156,75,183,193,96
49,229,90,36,99,219,125,70
75,91,36,43,4,10,121,233
128,183,123,215,151,20,215,125
38,75,171,185,198,227,229,49
95,23,61,251,131,27,151,151
123,6,215,7,73,221,122,226
12,86,216,246,252,98,210,212
138,213,67,91,195,248,146,18
166,177,209,27,168,124,11,96
93,69,177,169,177,209,200,243
70,229,125,21,172,138,111,135
157,63,190,222,113,240,157,25
212,81,218,209,167,101,156,30
197,84,174,147,16,161,125,80
2,25,246,69,9,191,190,186
222,32,227,136,168,171,35,159
35,46,114,26,154,205,116,131
15,74,171,220,137,173,95,240
18,100,23,232,126,119,174,21
14,93,128,153,210,146,105,133
240,62,153,157,148,131,190,94
224,120,97,147,61,61,62,203
60,5,113,173,8,11,191,38
203,23,112,81,190,140,77,163
61,23,125,11,254,212,80,50
165,212,180,219,0,20,97,104
20,21,239,71,136,132,34,175
246,162,36,148,48,179,228,50
120,216,105,213,36,210,172,102
129,158,64,79,91,139,252,220
168,161,56,251,15,148,218,214
214,213,254,158,5,238,169,212
75,190,21,147,113,89,223,108
232,211,214,248,222,95,224,252
88,54,128,110,201,175,176,216
17,187,39,52,88,2,5,202
144,143,99,176,155,108,229,34
48,85,28,82,251,175,148,233
239,194,164,197,233,177,76,191
119,4,236,78,191,164,188,232
203,235,172,97,246,21,153,168
70,84,229,87,136,4,236,180
145,54,55,60,96,210,189,49
30,217,97,250,97,74,104,71
114,187,85,215,129,147,50,168
40,146,228,150,10,236,235,116
253,130,205,69,221,169,48,207
119,209,2,193,183,55,126,3
246,103,9,214,164,162,12,143
16,154,249,107,213,77,240,162
139,104,4,0,181,70,148,30
195,146,143,92,12,168,155,238
62,207,116,91,151,44,0,28
112,248,198,173,193,237,127,158
246,83,20,198,78,208,155,25
22,139,58,205,45,104,29,61
210,60,220,158,246,116,64,230
222,244,74,85,233,203,113,42
187,3,251,251,232,99,122,255
231,109,36,211,101,254,56,211
46,108,136,207,60,55,39,166
62,1,34,144,137,155,30,18
107,48,143,60,115,175,24,95
156,219,196,200,165,147,83,33
65,155,76,208,129,119,85,209
88,199,163,172,106,150,152,233
237,215,240,236,155,31,216,126
100,251,58,103,147,197,14,47
228,119,16,243,190,227,118,35
137,81,105,215,23,132,203,147
164,100,140,80,97,133,168,74
95,243,1,66,4,54,139,233
217,111,144,76,240,127,174,223
75,162,76,117,221,184,203,167
169,131,210,227,78,85,24,82
28,208,247,39,193,103,99,219
125,180,197,126,95,11,15,246
209,214,197,34,202,56,23,25
238,152,42,16,222,244,222,160
140,137,61,234,200,216,138,151
235,50,62,171,64,14,39,209
25,254,27,115,65,144,179,45
233,211,67,24,20,20,226,184
69,137,172,58,16,213,137,62
85,14,254,73,154,18,87,236
47,100,4,148,21,118,182,231
26,209,93,13,168,100,130,9
201,90,233,151,244,187,131,38
254,78,53,97,84,231,11,82
222,183,47,29,130,36,123,206
149,26,109,218,203,202,133,48
221,230,145,14,100,44,67,85
234,149,75,5,39,207,11,218
40,11,164,121,203,48,118,251
137,238,190,29,194,40,143,207
96,180,175,157,226,54,66,96
209,51,242,175,188,67,45,223
146,167,25,211,178,166,169,170
119,13,236,43,83,137,48,118
202,192,224,112,163,131,107,16
104,251,81,240,168,78,34,87
176,130,177,242,170,136,1,101
237,31,87,8,9,102,227,17
192,225,143,132,124,64,39,103
49,193,81,153,216,55,223,241
244,209,246,61,75,121,22,5
60,208,144,39,2,248,63,187
205,183,243,27,218,172,226,196
8,199,108,130,91,215,230,166
2,187,162,121,27,11,246,74
5,132,65,200,168,48,174,183
119,146,81,220,197,152,144,29
80,255,232,204,70,96,98,60
140,95,219,130,89,156,131,173
178,132,221,0,170,12,199,148
46,191,226,81,10,26,61,130
202,98,214,137,136,62,251,109
246,221,146,49,11,145,104,168
188,246,224,178,26,144,222,220
156,191,86,47,225,53,180,210
22,74,161,58,242,226,177,0
76,186,110,48,52,248,115,42
88,10,138,37,5,24,174,236
79,182,231,144,194,88,134,114
58,18,230,255,157,5,33,107
148,147,14,191,232,120,18,145
19,57,78,114,24,63,92,52
4,225,37,3,69,112,32,5
88,61,231,239,3,141,79,23
115,73,168,91,91,133,59,224
4,61,103,152,244,212,158,72
114,231,230,115,120,132,65,67
4,28,183,163,167,27,229,136
196,154,226,104,236,12,39,218
103,35,135,250,101,153,112,38
72,55,177,198,138,213,194,214
131,199,16,146,109,216,220,137
183,125,160,153,97,50,59,156
247,72,245,26,112,103,157,255
200,209,123,58,163,83,28,77
81,242,201,206,130,88,173,201
215,103,65,98,139,251,203,103
224,120,29,89,16,168,247,92
247,123,49,20,10,45,2,249
218,242,118,248,207,103,20,108
209,181,9,147,183,71,116,246
79,240,8,136,199,150,29,7
47,215,11,232,167,124,202,206
219,13,167,51,71,121,158,234
121,36,249,213,206,92,181,179
88,219,82,83,244,130,176,0
209,198,120,107,24,154,42,252
255,24,40,39,156,64,184,63
126,209,107,170,160,102,240,108
180,214,137,113,126,106,252,168
204,236,4,84,201,157,153,48
61,212,71,55,38,154,63,90
128,80,83,158,103,89,69,196
208,49,140,131,54,2,130,188
97,227,141,246,95,182,126,146
211,165,220,90,170,174,40,73
94,184,59,15,23,49,83,83
17,11,248,232,23,178,103,90
126,126,98,170,115,89,170,141
60,220,75,84,197,96,245,66
113,86,128,128,197,167,11,26
23,225,93,45,83,28,75,106
254,126,121,52,37,127,110,108
110,111,195,72,213,223,113,99
174,162,161,52,143,112,148,42
19,185,53,88,175,219,171,87
104,226,26,113,4,188,79,151
238,123,5,137,121,135,77,146
35,33,145,36,167,47,118,97
125,208,224,175,255,10,43,50
46,37,9,219,143,131,16,116
130,52,189,72,110,205,185,191
244,37,53,249,240,245,37,74
172,235,120,73,128,122,0,133
36,43,163,192,182,105,156,251
122,77,203,69,39,89,9,52
174,123,171,188,61,216,159,155
174,182,3,56,219,116,97,113
31,23,43,199,193,126,7,227
224,121,48,93,26,228,141,250
174,90,219,252,130,192,209,173
134,76,36,171,157,37,100,188
241,150,157,33,235,44,20,252
254,247,194,113,252,70,129,127
227,100,252,107,74,167,218,236
194,67,68,85,47,23,98,223
158,180,39,245,147,19,144,218
145,26,184,201,209,40,8,116
216,115,117,36,153,96,12,126
86,39,182,194,139,50,151,50
82,126,121,158,114,197,96,184
79,2,133,26,14,27,133,192
57,30,235,90,6,186,8,227
40,92,78,107,42,67,217,237
127,253,59,14,196,126,149,62
147,76,250,49,199,82,102,179
79,38,1,205,219,186,4,127
251,247,241,255,117,88,76,220
2,155,87,92,128,242,175,96
227,49,9,242,144,142,169,92
187,40,129,200,199,49,149,15
11,21,233,148,190,83,142,59
80,13,150,156,4,122,174,199
176,85,128,203,215,24,69,195
54,161,76,186,8,135,44,36
96,153,241,81,81,168,159,184
38,46,4,13,184,131,131,112
87,154,169,254,108,118,238,50
24,210,181,249,45,248,240,248
233,27,43,219,95,131,151,208
93,248,214,241,185,235,242,200
252,224,59,191,99,67,35,129
158,97,147,110,55,117,58,249
121,109,160,109,26,96,150,182
148,195,200,118,171,91,190,50
97,127,6,36,217,217,34,133
220,75,201,67,160,62,64,167
75,122,140,114,179,95,220,52
148,29,96,12,106,217,115,191
159,186,42,153,130,33,125,22
29,133,22,71,135,170,188,21
112,247,13,6,21,248,108,16
207,225,205,56,30,221,136,78
156,202,235,186,53,136,92,29
129,178,3,156,249,250,70,163
27,140,238,194,105,129,130,131
164,171,182,236,241,73,2,161
241,84,99,223,6,113,116,121
96,141,160,227,45,127,216,166
107,67,10,40,14,105,203,54
119,179,17,247,54,147,30,66
80,245,101,48,142,106,78,37
10,185,20,7,7,176,242,223
74,251,35,81,98,228,63,138
8,94,246,141,209,120,8,213
180,80,135,137,51,78,187,141
27,129,22,196,221,150,154,172
105,76,143,177,42,89,163,35
178,165,218,81,244,55,165,119
174,42,15,225,62,160,0,42
132,79,192,86,213,41,196,85
68,58,106,114,83,45,61,27
178,109,122,38,85,77,187,205
9,7,0,62,219,25,156,128
136,91,243,185,151,221,186,60
165,48,253,233,37,131,60,0
149,164,225,183,139,185,117,67
68,110,12,191,206,248,4,26
242,14,222,8,126,88,196,228
218,59,34,147,209,27,247,167
60,17,7,67,242,196,59,204
227,197,183,51,141,24,122,168
169,196,125,213,72,16,26,192
61,226,24,32,190,159,153,88
237,100,100,216,35,3,234,43
56,215,17,138,186,154,160,197
3,232,131,226,50,34,210,247
170,91,238,4,151,198,1,222
123,229,236,14,1,174,40,115
44,226,28,214,53,238,73,193
232,97,73,185,234,74,139,142
150,36,23,228,252,32,42,31
34,58,211,2,73,62,43,138
116,110,200,125,177,160,32,128
46,125,220,239,68,145,123,74
93,26,230,138,4,79,76,103
33,82,83,191,182,184,0,96
116,241,251,209,244,94,141,104
226,28,45,221,239,183,7,238
104,176,191,158,82,21,52,172
57,154,133,127,190,244,65,85
129,217,58,152,100,46,189,176
153,185,65,195,20,120,16,132
58,185,176,145,181,253,150,195
112,34,245,57,177,241,165,71
150,205,62,53,125,136,220,56
39,182,224,230,100,149,221,154
57,154,38,115,77,56,251,85
38,72,122,174,168,30,255,185
255,116,229,39,135,147,21,107
221,99,124,184,180,15,13,188
208,97,158,115,142,240,76,29
234,11,243,100,126,250,24,0
198,56,231,0,146,3,93,124
51,150,242,216,51,168,194,227
87,85,104,171,121,84,234,174
220,183,211,214,196,98,223,77
222,130,173,17,105,99,155,111
0,44,169,147,87,60,144,45
15,73,115,250,51,36,125,79
245,192,105,1,219,39,125,9
184,189,243,106,87,210,184,234
163,250,246,166,119,50,237,67
252,198,107,181,236,85,64,101
120,140,158,108,179,13,186,75
209,80,55,39,9,60,88,11
182,247,131,237,240,111,147,165
189,21,139,147,5,37,151,233
225,6,193,157,169,52,126,176
94,155,239,64,82,65,73,138
210,145,1,112,181,78,150,116
54,222,223,22,251,25,110,90
142,9,225,222,64,220,246,130
27,103,185,193,124,248,176,72
134,164,75,56,160,71,178,204
52,57,48,163,240,160,245,155
85,69,29,107,193,100,155,125
203,160,51,172,88,153,73,210
254,64,32,215,219,8,124,148
228,172,237,91,72,167,22,24
139,187,160,204,164,67,173,220
183,175,219,185,82,35,194,1
253,142,239,152,106,184,230,85
154,36,208,244,250,61,72,188
186,38,205,223,183,186,178,198
111,170,115,27,75,12,84,255
94,31,126,48,2,34,59,6
248,100,73,217,71,106,95,66
38,98,137,255,96,142,229,119
118,33,64,190,89,196,206,94
216,114,1,17,253,203,199,113
227,29,45,87,166,62,27,100
98,107,90,211,175,8,27,53
192,231,103,49,90,215,113,125
169,229,169,160,77,67,22,176
154,230,35,151,24,248,135,97
207,98,249,146,114,32,13,181
220,179,233,1,67,164,142,135
149,245,36,152,173,148,133,97
94,82,202,105,119,234,60,120
95,31,232,21,13,164,30,203
107,61,86,112,70,171,74,40
163,237,232,68,125,150,87,232
215,64,38,64,149,41,95,121
214,143,162,25,194,152,32,96
244,208,34,122,177,134,114,40
148,123,170,56,84,196,141,117
135,55,71,31,163,97,1,67
28,9,41,231,66,213,107,57
71,23,179,196,1,214,130,2
250,182,96,60,228,228,111,217
81,216,125,85,101,229,12,239
29,125,143,25,218,55,22,100
86,199,11,202,132,202,253,40
134,91,16,21,208,233,146,82
55,58,185,145,148,91,187,157
55,40,199,120,64,226,200,134
3,64,217,84,47,126,115,162
86,135,9,94,218,216,173,43
247,247,66,84,79,54,70,246
76,163,220,182,127,162,205,133
177,220,134,166,136,72,71,138
225,151,56,167,59,145,67,158
150,210,42,95,210,42,91,138
218,107,21,249,213,152,169,160
81,12,234,145,239,127,154,174
178,116,127,131,20,200,220,237
228,212,91,219,223,40,31,216
193,12,63,111,232,242,90,185
37,246,197,93,1,107,31,128
115,91,105,95,69,123,156,26
54,127,189,134,63,14,246,83
171,167,173,36,173,84,129,81
248,171,64,53,141,22,152,132
208,223,63,226,217,212,151,25
88,83,157,137,138,184,238,12
179,104,221,152,15,125,125,62
152,158,69,204,49,31,30,188
198,146,234,192,155,202,68,253
131,20,47,121,31,48,205,219
208,65,26,59,116,75,178,74
8,33,245,228,42,40,205,104
108,14,230,135,195,193,80,224
234,230,102,245,244,91,216,174
209,170,255,82,132,164,223,139
174,102,221,24,33,51,189,187
219,32,128,250,6,141,39,110
156,118,249,227,215,182,42,200
40,21,126,181,68,148,94,47
217,145,141,64,158,189,173,221
191,43,235,183,191,116,43,23
238,215,112,83,227,104,106,123
138,148,155,167,201,94,179,126
108,246,197,152,175,194,234,194
132,241,6,138,112,141,76,97
62,228,161,67,8,184,17,89
255,125,125,203,228,170,109,239
1,237,121,255,23,228,238,70
156,72,128,183,130,98,97,80
181,217,144,203,110,195,62,208
25,128,9,238,165,108,165,132
71,157,38,232,231,217,238,29
172,24,23,130,66,221,135,252
241,183,196,216,157,41,184,34
214,82,106,46,11,187,14,45
26,139,213,189,101,157,81,206
57,18,25,244,84,5,38,108
15,103,58,154,129,105,80,132
75,116,119,24,173,116,249,146
26,17,1,160,60,95,166,226
240,134,60,118,129,220,233,92
237,140,67,93,250,84,221,166
157,84,29,76,54,124,27,184
56,81,78,135,137,159,98,64
92,61,1,11,81,61,232,78
116,153,45,17,180,70,212,7
138,209,58,100,115,255,148,62
140,23,34,158,54,97,149,152
21,157,147,123,37,7,53,240
212,14,213,133,72,154,221,235
31,212,180,227,38,252,160,188
208,37,78,226,73,237,213,104
252,253,25,13,133,137,5,220
120,67,205,129,228,37,215,5
220,221,244,163,17,17,66,61
52,190,170,64,15,13,136,199
121,181,63,189,47,20,206,120
99,233,239,87,208,153,38,144
190,22,243,26,254,85,43,165
152,129,66,160,199,192,20,232
160,37,131,31,240,249,16,63
182,38,157,221,95,242,202,228
112,114,235,211,154,206,224,19
195,213,15,207,227,112,150,189
222,194,56,229,11,178,203,30
113,139,154,186,32,220,232,113
96,252,236,178,240,90,33,194
226,192,153,247,176,174,75,94
28,13,109,56,125,64,214,216
253,175,173,57,107,217,50,132
238,0,209,132,229,170,153,47
109,222,230,49,107,95,123,127
25,206,102,82,106,143,47,162
171,28,215,248,98,142,13,192
93,165,14,114,218,22,11,191
244,55,57,156,109,86,30,57
150,217,89,150,112,27,74,25
26,116,197,250,243,250,57,38
93,167,219,92,175,133,35,142
33,176,15,134,120,112,240,254
46,94,79,78,42,227,6,77
127,123,228,52,193,119,127,172
3,76,162,54,151,18,116,117
158,0,83,49,152,29,144,78
39,146,86,222,37,171,181,4
135,117,210,88,73,221,14,73
149,158,46,69,153,255,72,153
91,115,132,35,158,21,7,7
72,156,5,35,213,208,68,121
95,114,177,23,51,159,50,216
208,52,50,17,209,174,201,60
131,166,183,18,103,65,74,65
62,30,104,97,108,133,45,55
244,73,19,236,56,99,147,236
204,46,91,223,255,23,123,8
234,199,244,127,200,246,60,29
27,66,206,101,58,236,218,209
120,157,93,95,98,117,165,151
217,217,31,20,112,235,22,211
64,134,25,216,161,158,65,209
202,90,52,67,17,126,52,95
180,106,235,190,42,234,44,128
110,183,92,134,38,74,90,248
36,64,212,102,141,7,246,121
23,63,250,239,208,37,254,3
230,15,203,86,103,0,159,56
113,3,38,137,170,121,29,186
250,218,91,74,24,161,121,149
184,174,88,245,101,82,118,239
238,95,21,74,255,124,173,161
60,95,170,8,237,153,126,62
234,232,127,169,130,75,5,88
245,196,120,192,221,57,179,211
186,126,64,136,201,223,145,74
191,1,197,150,108,87,139,3
174,16,106,124,202,2,109,47
157,89,38,117,26,168,73,171
240,38,195,131,197,171,84,78
144,145,27,246,143,67,180,81
205,106,104,35,79,6,128,51
207,65,128,203,116,86,138,44
11,98,213,6,83,196,197,38
226,156,32,252,237,162,49,134
105,159,121,116,7,128,165,204
73,71,228,181,27,107,107,6
36,72,213,121,54,96,35,244
212,58,140,161,37,41,186,142
119,51,12,87,113,104,17,19
124,218,236,41,37,157,194,126
234,135,147,34,108,189,162,54
100,202,73,100,78,92,4,115
26,89,100,191,26,104,210,224
21,24,139,248,200,154,174,79
191,27,98,26,45,147,73,12
182,36,197,139,145,52,188,226
34,125,175,56,7,128,25,123
94,235,67,117,176,188,122,144
227,213,11,58,103,124,55,83
193,132,219,176,196,61,17,155
229,140,230,122,43,215,134,37
52,157,73,83,154,91,50,55
56,223,100,217,91,165,60,96
170,25,93,139,138,118,238,225
212,45,144,33,202,191,159,71
223,173,103,161,125,45,97,149
8,170,189,174,188,237,26,156
148,20,164,233,223,28,31,13
147,45,222,147,235,210,252,49
69,128,76,197,121,139,75,226
250,89,29,243,75,217,200,185
52,189,188,157,22,54,73,106
37,186,167,204,208,28,209,198
135,127,198,204,181,73,29,89
226,35,121,28,233,27,25,133
178,151,130,131,142,252,230,184
49,160,98,239,141,254,171,65
131,24,150,192,253,50,45,67
190,29,111,224,173,11,112,154
231,154,207,111,30,192,67,130
233,81,58,134,167,240,127,135
8,235,39,134,158,139,17,148
215,93,223,159,244,171,242,12
255,68,190,122,223,147,157,29
175,218,223,27,252,254,185,161
228,96,96,128,10,37,186,201
9,92,176,52,210,14,183,124
119,177,16,125,9,28,149,101
127,93,186,47,24,149,239,211
40,190,70,1,37,48,37,78
71,130,190,96,213,5,57,80
121,55,231,60,26,24,45,141
83,38,127,63,81,78,68,201
120,161,123,176,71,53,93,101
108,154,244,204,196,227,73,171
101,19,60,163,85,131,76,230
30,249,211,210,83,50,230,236
12,205,106,133,25,220,173,105
205,148,111,37,145,97,240,140
110,199,160,22,157,182,220,157
73,73,60,61,251,1,73,90
19,230,124,158,122,7,250,159
27,91,154,27,221,122,106,0
6,8,14,94,242,235,41,168
243,180,13,224,205,106,94,27
65,210,129,225,249,58,186,123
198,67,191,215,105,81,214,115
159,142,74,22,48,244,62,222
116,65,18,159,122,93,159,113
86,241,181,73,117,88,155,96
129,199,230,148,86,33,34,56
126,63,37,182,191,137,253,91
169,99,228,221,94,103,60,23
127,170,9,11,116,162,145,158
179,161,233,227,236,174,51,244
68,126,172,65,76,60,163,85
30,184,91,221,100,47,180,208
89,58,158,52,130,150,165,52
165,94,130,154,38,203,49,146
106,174,87,208,71,133,205,75
90,184,2,84,105,228,221,101
163,107,175,224,49,62,199,184
188,235,124,195,44,221,117,213
82,234,107,244,12,88,21,108
245,226,45,139,129,250,108,187
247,193,3,138,8,221,239,186
204,152,197,156,14,60,109,197
174,241,242,151,209,34,221,5
171,67,29,5,36,241,2,89
162,146,235,253,187,46,111,246
111,48,77,192,91,192,17,78
236,75,231,12,74,236,230,87
237,78,207,239,17,211,36,101
253,157,48,44,92,122,227,164
11,255,22,171,80,75,1,149
33,78,172,100,209,98,156,6
225,176,117,220,31,102,249,24
135,37,151,176,233,244,170,33
38,129,177,138,253,137,230,68
53,226,91,82,45,137,100,96
48,225,121,228,12,148,93,111
92,171,224,101,16,121,77,201
222,252,148,226,126,158,215,8
65,68,89,5,253,80,198,124
101,108,119,201,95,235,11,30
209,172,9,117,197,247,136,254
208,233,95,0,87,138,189,186
104,44,168,114,255,192,17,214
40,177,150,238,82,153,128,116
83,56,9,32,139,140,161,6
223,245,136,219,184,234,135,25
162,176,147,0,83,42,157,198
6,113,73,26,83,156,32,68
87,217,255,60,97,29,172,50
123,92,136,145,81,140,230,178
101,135,20,126,58,43,140,242
141,156,198,210,235,135,47,105
129,89,181,194,91,227,56,23
191,36,139,221,249,217,128,122
157,9,52,179,33,29,102,208
128,74,197,118,134,113,51,254
9,174,149,170,137,184,8,147
145,67,19,228,115,201,87,148
191,192,62,53,133,76,107,58
219,137,142,184,180,192,137,94
60,85,98,138,64,57,143,204
162,2,208,164,112,244,203,111
169,139,217,41,9,40,223,228
181,65,174,193,244,239,70,56
140,67,166,75,126,128,190,222
153,241,149,33,102,243,212,23
33,28,26,71,81,40,210,121
35,63,6,196,37,116,158,142
191,111,236,241,89,15,25,208
223,124,125,86,11,249,21,136
112,122,92,23,68,77,147,228
86,204,37,246,145,116,130,61
164,240,249,20,231,175,12,183
170,28,154,195,114,165,48,121
234,108,24,40,154,133,204,181
1,167,166,42,75,125,30,151
61,212,18,57,56,193,8,86
147,230,248,7,43,236,30,214
50,22,63,222,155,152,141,143
233,163,73,37,38,215,117,194
95,75,205,66,232,100,35,39
7,3,37,177,53,168,27,166
156,130,133,98,253,56,190,92
73,8,2,243,195,81,158,201
3,8,216,131,191,148,239,77
239,229,89,68,20,126,116,120
204,135,58,176,198,197,216,227
33,45,31,140,234,167,239,239
49,158,39,240,7,231,235,139
36,79,145,244,202,99,75,21
101,134,80,254,40,61,186,25
197,236,177,102,99,247,151,147
221,144,48,7,160,67,100,198
183,114,240,206,244,208,134,177
66,254,166,170,55,188,131,147
134,217,124,20,246,20,175,228
120,224,102,161,91,19,40,89
14,250,209,169,146,113,31,86
125,197,158,21,98,209,101,153
157,241,202,193,79,179,115,137
65,29,248,230,214,37,149,100
190,101,131,42,40,241,195,224
178,94,62,38,2,130,140,219
179,109,3,86,28,247,88,45
72,48,6,196,125,96,56,113
170,88,194,98,180,200,46,183
152,236,186,84,112,96,114,11
170,36,147,252,247,53,81,60
12,149,75,213,238,104,97,194
74,249,61,174,39,51,168,18
219,234,213,228,192,201,35,171
201,32,197,50,226,224,158,39
87,115,153,164,155,65,158,213
172,28,217,220,249,219,52,57
142,234,55,20,97,158,15,196
193,202,254,58,49,130,97,143
18,190,243,89,217,159,63,78
40,170,94,103,89,72,143,33
141,178,211,181,82,249,39,49
136,72,209,49,175,166,178,71
192,186,156,165,225,100,129,220
117,80,123,54,75,173,246,36
196,41,241,146,89,189,192,162
202,176,168,104,122,115,164,27
254,142,13,30,69,55,155,162
208,62,219,26,239,92,203,53
213,213,233,0,99,44,24,128
201,235,147,63,29,71,105,253
54,91,72,205,124,42,190,234
41,141,110,250,146,9,189,248
217,10,3,230,154,235,78,131
89,172,79,103,194,144,197,11
36,55,106,87,179,95,112,222
172,242,158,234,244,190,116,73
215,106,219,158,217,99,31,40
99,97,35,143,87,251,213,55
154,121,72,197,6,185,98,185
253,85,25,68,147,244,135,7
64,200,64,216,220,58,162,49
182,222,168,129,227,160,222,68
246,48,197,60,151,133,150,194
223,168,217,131,121,53,83,226
38,215,101,225,39,243,232,88
75,22,55,236,234,189,230,52
142,231,104,89,164,227,240,72
49,124,53,205,232,246,142,58
94,147,3,206,254,3,53,108
52,85,178,56,35,137,101,24
160,238,106,53,147,188,88,234
124,191,238,218,207,138,165,240
80,85,199,95,168,70,23,120
238,116,75,125,197,67,59,104
132,71,145,248,118,129,132,164
42,22,72,60,203,236,187,113
133,56,50,80,67,26,15,138
172,26,84,202,30,71,244,41
251,228,106,80,17,37,53,245
237,69,189,20,161,142,53,140
178,14,127,231,51,67,254,125
64,115,22,223,190,212,223,165
39,43,176,250,149,202,32,132
157,13,27,230,77,205,11,137
188,8,77,11,179,13,130,124
222,171,96,54,75,205,66,215
60,17,69,6,153,107,195,246
250,178,6,172,60,150,173,27
226,248,44,193,148,81,4,13
239,65,12,91,233,49,175,8
65,43,238,159,249,165,99,168
170,187,18,168,58,48,87,174
196,37,53,154,111,121,173,139
40,253,192,51,61,219,101,151
182,24,248,22,31,218,48,100
72,73,253,229,242,31,67,3
85,186,159,146,76,123,187,211
161,62,240,102,207,87,248,51
94,112,66,239,11,71,100,196
122,190,82,22,95,218,48,107
109,96,2,195,233,73,202,237
91,126,112,56,64,123,43,226
148,122,217,66,97,84,193,76
2,164,115,157,53,1,174,0
130,160,71,21,210,93,232,75
143,71,154,128,224,157,233,49
178,1,1,99,116,235,20,130
191,156,176,35,177,32,92,169
104,179,178,47,128,224,164,219
18,96,140,236,31,123,136,156
7,103,225,223,54,231,147,192
217,55,160,100,91,146,19,237
217,186,193,247,167,229,33,232
120,254,248,180,219,37,141,163
60,148,88,138,185,72,179,243
141,152,47,17,107,136,49,156
161,11,192,176,216,72,207,75
172,175,96,224,159,45,68,245
71,158,29,204,41,33,143,119
14,176,51,75,192,100,129,255
139,67,211,178,105,197,38,81
206,3,51,111,159,248,153,50
255,7,205,65,59,206,15,215
108,223,43,128,11,11,225,7
254,173,212,167,246,234,214,63
242,45,47,42,174,140,238,78
88,161,9,238,157,168,232,45
12,65,119,149,210,242,67,77
128,79,253,101,6,171,174,88
116,207,117,52,255,138,24,77
217,121,45,244,10,73,43,30
76,176,249,36,49,206,158,255
137,39,173,202,134,82,219,157
24,14,195,244,204,199,176,40
57,111,86,231,135,135,8,112
167,213,101,107,127,242,130,110
130,224,231,137,98,83,56,86
70,55,38,99,136,105,84,96
238,221,148,11,25,2,3,39
12,179,72,111,39,8,2,174
139,189,241,167,73,45,46,83
42,43,159,123,248,40,212,178
252,60,183,190,84,149,208,17
253,124,121,28,228,168,141,253
131,75,178,110,12,92,5,19
143,173,244,35,97,162,182,198
211,55,235,129,204,148,57,141
68,191,193,4,81,53,158,27
8,126,163,157,209,195,165,45
3,202,46,150,101,210,121,241
69,228,184,77,157,147,233,44
249,44,238,248,183,25,16,151
72,234,250,168,15,57,91,14
234,135,205,185,132,60,144,110
53,103,94,158,36,67,229,133
37,5,79,128,180,184,196,69
188,12,217,1,4,139,149,244
206,130,64,218,128,178,14,47
85,64,99,153,157,185,9,53
228,170,116,79,110,34,71,10
138,171,100,44,17,175,134,36
98,184,95,20,54,5,81,242
220,185,125,133,216,211,189,99
170,56,167,71,65,55,210,91
146,23,242,41,127,251,66,53
75,5,33,250,158,228,138,62
14,153,35,167,222,90,98,33
209,18,169,59,200,36,6,123
243,200,84,242,32,122,19,195
37,102,173,164,242,39,181,7
151,171,226,224,230,151,68,16
32,47,20,160,147,113,223,220
111,249,18,182,247,6,117,217
27,185,146,226,203,217,1,179
88,243,157,98,22,167,101,103
40,33,122,54,33,55,207,98
128,5,87,89,89,107,10,70
19,196,43,198,19,10,163,144
248,219,14,161,144,24,219,40
207,208,26,11,25,121,189,199
11,154,201,156,140,39,97,182
166,191,91,211,107,119,89,174
187,69,62,25,164,37,32,162
71,93,167,143,10,140,214,39
172,101,148,123,195,73,150,251
153,165,182,32,157,235,209,119
239,53,203,219,41,94,39,188
243,101,226,43,49,15,206,140
130,241,55,254,63,36,106,141
213,198,80,184,4,198,63,222
134,5,58,91,205,43,97,26
177,111,177,49,73,75,162,129
113,0,124,100,49,217,231,18
29,37,179,80,58,231,152,226
240,198,20,75,17,87,188,84
45,107,43,93,89,244,19,41
196,152,251,56,35,200,85,23
90,214,132,248,110,111,180,226
129,249,108,55,99,19,179,227
133,253,109,63,64,27,142,105
221,62,76,95,134,45,226,156
153,45,114,93,78,243,37,208
235,65,4,54,171,130,30,26
223,239,52,229,159,145,214,214
173,6,83,32,93,167,175,57
56,74,110,31,0,243,68,88
187,134,238,90,246,203,231,245
141,76,232,214,154,86,213,18
140,216,172,173,183,130,65,105
126,99,19,44,197,60,221,211
94,208,162,109,6,101,113,53
238,221,83,138,197,156,249,227
219,121,7,128,245,16,62,172
54,32,1,159,4,119,131,223
23,215,212,186,209,194,195,182
166,181,73,183,183,192,247,211
244,108,115,30,205,56,114,11
106,153,209,136,25,8,223,48
193,148,221,127,108,64,3,204
223,130,23,90,25,174,2,123
37,187,19,136,103,156,32,140
88,121,196,193,101,3,109,138
249,29,58,30,72,171,58,40
114,77,107,141,74,220,211,156
59,143,54,93,26,244,180,32
142,157,6,138,243,228,237,11
155,41,197,75,203,138,179,165
218,102,127,118,81,196,24,121
51,126,46,204,131,210,220,15
21,254,228,131,56,191,47,172
85,48,180,84,63,100,206,128
199,45,68,223,63,32,18,88
19,59,146,114,126,55,191,6
215,71,40,255,114,247,79,184
121,63,78,227,4,18,16,158
235,253,91,43,136,38,217,62
218,254,8,69,135,136,91,249
244,143,161,103,99,179,184,48
236,143,17,245,16,1,21,31
78,183,182,171,58,103,140,173
168,81,183,41,212,3,205,68
22,133,80,8,98,79,192,86
230,185,179,52,195,27,232,59
61,54,147,57,203,240,203,79
249,99,90,150,122,79,241,149
187,182,92,40,175,239,136,161
126,224,123,141,227,232,155,190
23,86,117,198,20,6,151,196
112,129,43,250,233,130,209,255
24,168,208,60,176,41,160,71
176,65,1,209,171,104,159,133
0,228,160,69,216,67,106,37
205,21,57,142,82,216,134,52
210,194,24,1,44,65,0,202
199,25,120,242,180,179,118,37
238,152,34,55,172,246,75,68
73,155,218,25,38,211,183,138
72,127,228,252,123,212,106,137
170,246,94,227,116,219,231,65
39,31,123,142,16,153,23,117
4,16,214,240,114,52,135,88
79,12,82,137,169,202,135,35
249,52,198,6,162,165,182,38
142,86,112,56,103,182,197,90
71,193,228,132,114,13,199,47
26,50,71,173,215,145,212,244
13,70,121,162,34,185,234,205
252,191,133,17,109,44,184,121
1,153,116,21,99,2,188,179
112,144,158,177,233,182,232,227
37,37,248,235,133,115,75,178
191,165,178,102,154,1,48,218
162,46,200,233,86,161,212,161
80,239,57,120,133,150,157,70
53,63,154,66,152,56,99,103
234,42,137,151,151,76,109,41
5,253,243,127,56,19,230,154
72,98,144,224,136,117,60,61
121,245,60,51,53,241,206,69
117,112,77,150,28,212,101,59
202,64,37,144,206,105,174,47
179,241,197,220,57,45,42,4
24,52,4,89,120,188,139,221
239,229,138,121,184,67,2,140
234,58,27,87,19,226,104,3
179,244,10,251,77,68,101,122
46,136,71,217,126,15,152,100
45,184,52,254,153,86,213,160
41,103,8,218,124,141,255,215
228,188,254,64,148,91,36,188
31,194,144,112,237,41,250,43
183,85,190,245,128,177,80,144
42,35,53,234,230,27,119,14
240,206,176,35,2,75,62,18
59,123,73,120,149,204,6,46
197,219,91,250,65,150,191,230
194,22,168,252,212,98,111,210
143,94,14,133,4,71,33,182
104,245,59,227,94,156,194,4
17,126,242,24,150,169,136,173
100,166,69,34,187,128,120,35
160,124,0,199,198,148,165,216
93,56,143,36,3,144,238,90
72,181,231,113,145,135,187,242
46,124,217,25,135,138,83,172
202,219,207,170,221,19,129,141
236,205,115,91,116,51,85,192
46,166,133,250,31,185,216,184
229,146,254,215,158,3,72,127
229,230,127,225,231,206,107,174
148,143,191,83,102,178,132,127
85,212,143,6,136,216,211,211
95,10,121,146,149,93,138,211
183,43,212,83,147,141,209,156
110,190,228,77,153,167,94,252
102,47,58,123,66,76,0,27
39,82,65,57,105,181,78,32
144,22,82,127,112,221,238,25
9,166,171,12,72,127,232,171
195,233,155,255,22,74,28,164
234,191,242,223,241,203,60,91
202,203,240,53,45,12,180,10
208,220,160,243,171,161,19,53
153,141,65,8,71,31,7,16
226,127,111,10,140,233,238,154
2,209,203,173,199,163,156,156
206,213,231,91,158,83,250,116
78,142,253,206,230,107,111,57
34,112,249,171,43,53,217,136
129,65,25,59,136,110,21,216
170,59,226,216,69,252,244,171
201,145,119,115,196,27,249,43
210,106,129,62,223,242,1,190
57,105,226,24,241,30,144,202
232,205,138,60,167,155,212,232
110,11,79,12,125,236,147,59
67,189,9,67,241,112,147,220
155,89,155,37,146,116,168,2
245,95,243,3,194,139,82,200
48,22,100,63,18,161,238,199
41,209,10,88,137,225,185,24
138,195,178,192,14,139,84,89
95,39,14,169,68,46,120,204
225,89,47,61,77,37,254,116
196,77,216,173,222,120,151,49
212,48,135,221,77,252,140,162
207,103,180,17,213,176,244,82
177,242,249,74,208,75,18,166
79,20,49,18,196,201,170,120
103,155,85,14,122,158,190,79
29,209,68,129,207,8,109,173
150,247,245,234,42,245,250,154
85,106,172,18,177,233,13,20
58,178,147,139,52,236,243,5
184,84,26,30,115,28,110,61
162,206,153,221,222,22,170,136
61,70,11,58,123,209,110,211
1,122,104,95,225,122,178,11
242,219,166,141,139,97,235,65
168,200,133,11,239,137,99,219
234,240,67,93,155,249,51,83
64,114,192,28,75,98,66,177
6,67,166,59,226,9,17,117
182,167,40,189,72,107,207,56
39,98,215,34,235,127,123,89
254,95,56,159,53,40,106,147
43,113,219,38,161,91,44,68
101,155,230,223,222,102,184,1
153,47,246,200,134,13,161,152
76,119,112,157,116,124,245,228
20,140,85,150,158,245,85,192
66,21,180,49,150,46,25,246
198,165,219,114,97,151,27,246
225,105,67,3,211,74,64,171
87,134,19,124,143,6,39,193
5,114,109,11,185,217,208,188
37,186,49,77,197,15,59,224
112,230,171,70,43,60,110,225
152,159,203,195,150,183,73,56
71,172,113,48,129,41,84,112
57,22,8,214,82,217,35,35
43,76,67,51,182,118,255,60
66,70,231,185,237,196,165,108
61,226,56,118,184,247,1,208
10,210,143,233,2,121,33,68
143,168,171,88,84,250,199,162
67,208,146,228,213,110,106,151
196,131,201,131,207,251,153,155
134,82,222,133,126,199,221,55
22,186,173,64,122,69,3,98
5,3,207,127,81,240,50,51
243,23,26,224,92,241,12,236
55,31,195,142,117,170,231,186
73,164,77,187,113,45,91,106
151,206,233,163,96,120,89,114
244,122,156,149,38,179,150,242
143,185,242,250,134,119,229,187
29,216,100,146,210,22,166,137
254,205,123,150,159,37,7,134
108,133,135,241,62,250,23,78
24,88,0,142,106,221,47,179
150,90,39,118,174,88,239,55
76,137,73,225,16,174,123,157
92,200,113,105,107,207,224,5
20,65,185,100,22,224,83,166
24,197,6,229,185,59,239,126
152,106,227,170,207,168,90,144
188,76,47,140,149,90,144,34
252,204,215,118,34,112,140,81
82,36,205,101,161,43,15,14
163,7,62,35,67,215,39,189
145,211,176,208,25,21,104,209
246,212,101,197,186,200,174,65
107,106,189,104,73,228,89,168
1,178,247,93,62,149,221,41
244,19,64,72,24,133,140,52
215,78,210,18,82,173,41,6
67,126,179,240,160,101,143,17
13,11,78,181,190,243,195,192
83,66,71,207,172,82,22,225
31,55,118,119,70,227,110,244
248,209,53,243,45,67,93,147
156,21,15,134,82,224,154,130
200,175,171,5,217,49,122,246
99,148,133,64,190,180,28,116
9,171,108,73,61,136,201,79
31,178,184,238,207,105,237,131
25,248,9,34,92,194,53,245
238,178,156,211,32,243,149,194
180,241,92,99,68,139,44,72
186,128,228,4,44,15,198,60
192,246,130,27,218,82,129,123
114,151,255,105,138,110,193,233
207,234,199,122,232,7,113,106
150,221,127,221,152,213,239,182
40,2,191,37,179,76,214,116
131,65,206,80,92,28,48,171
245,250,205,66,165,64,62,83
21,174,196,245,199,77,66,165
188,109,242,77,186,178,158,78
234,15,132,198,92,62,86,24
180,14,80,149,40,152,26,174
27,171,222,18,152,23,169,208
213,28,205,73,153,42,208,197
100,9,195,130,179,122,238,244
235,146,34,48,123,189,215,30
105,40,57,71,66,165,35,39
82,33,240,181,246,215,121,10
53,5,162,146,75,181,183,164
147,130,75,71,69,43,86,25
103,200,182,29,55,30,221,227
94,142,187,166,134,188,10,98
141,191,190,6,241,86,65,96
105,37,152,27,109,80,61,123
89,238,26,122,40,121,76,217
228,115,73,60,20,179,235,36
238,207,151,113,44,6,215,125
103,78,186,59,45,250,167,46
189,140,167,252,155,139,226,223
189,246,94,80,126,45,38,214
45,2,179,144,152,187,155,128
112,123,236,249,219,27,255,17
198,55,243,110,158,196,33,147
173,4,46,2,104,223,133,78
21,198,125,182,254,51,194,142
32,72,172,230,255,102,229,142
207,147,14,187,94,41,33,78
200,44,82,111,220,181,182,38
65,209,82,105,192,232,16,11
151,187,104,197,219,153,196,23
137,239,86,45,229,85,186,95
186,141,13,36,237,250,180,6
8,106,60,10,157,239,8,170
105,159,208,157,110,150,69,174
50,68,108,221,31,156,43,201
180,230,129,142,173,241,172,191
154,73,41,39,20,188,13,243
186,185,62,58,252,91,46,214
129,187,100,63,123,226,138,48
84,199,16,89,209,221,69,214
97,1,170,19,61,33,210,61
61,197,99,117,161,174,107,233
100,18,227,70,145,243,39,101
144,137,175,213,1,21,237,87
81,195,74,250,18,118,203,240
49,25,81,82,232,149,243,68
135,9,225,77,194,134,49,9
228,126,15,253,72,45,17,190
64,25,195,180,134,240,2,119
187,91,150,173,180,57,181,254
87,101,21,152,186,42,41,198
244,224,173,159,60,136,57,148
115,133,5,223,189,148,249,99
206,199,76,70,132,25,3,233
242,86,25,88,62,158,42,235
109,36,195,232,178,239,67,46
67,2,1,244,255,171,57,12
76,22,226,43,183,220,242,167
92,116,183,235,68,140,220,146
223,227,235,45,165,35,92,117
100,93,158,17,96,119,140,242
76,171,191,13,102,100,253,95
15,152,60,193,59,22,228,17
181,11,188,115,142,113,214,34
187,32,40,139,21,53,6,194
152,96,38,119,104,39,94,32
90,231,220,5,126,71,228,197
218,48,67,215,89,235,12,194
17,159,71,161,142,244,45,242
91,121,122,204,183,145,66,52
148,201,132,30,61,96,78,183
227,138,16,92,193,158,173,252
43,55,28,91,230,81,116,149
48,159,104,250,86,46,72,48
246,90,75,195,67,120,129,191
147,55,189,101,16,124,39,207
216,26,255,114,82,118,34,109
56,39,74,253,206,10,50,101
173,216,119,109,54,212,209,43
121,199,96,27,36,153,2,233
124,221,188,105,73,77,232,81
95,95,171,5,158,61,179,252
224,171,80,60,71,178,19,240
155,150,182,214,239,185,70,201
114,211,22,247,205,40,44,111
60,153,152,126,30,17,150,43
189,149,124,151,115,248,29,180
157,124,77,38,244,239,160,65
158,163,133,150,205,88,207,141
166,37,98,235,185,202,117,178
150,32,25,184,85,55,19,113
34,41,218,16,165,16,2,200
172,140,173,143,224,29,30,55
151,219,130,228,85,65,73,230
208,20,83,155,190,209,150,239
222,190,68,190,100,102,173,190
193,69,236,162,199,7,156,223
169,135,177,117,28,149,153,230
46,216,114,63,132,143,93,181
190,128,45,179,244,54,193,171
91,163,234,176,79,67,105,96
182,22,132,88,24,232,241,88
75,86,176,141,220,27,82,66
192,83,6,127,196,95,52,9
48,20,198,61,223,1,215,183
218,127,27,99,53,11,134,82
188,29,216,71,23,176,107,30
113,62,37,196,112,231,95,100
168,192,114,42,149,37,58,10
189,49,228,26,34,190,5,93
172,62,0,28,235,177,101,144
254,122,191,230,254,170,165,10
197,115,41,141,101,111,158,35
65,119,9,196,219,92,172,154
169,82,104,215,146,179,211,250
185,255,11,144,137,20,188,188
66,18,188,209,56,71,142,15
158,166,196,109,85,199,135,76
245,77,1,205,62,152,133,49
82,43,195,167,251,218,60,235
78,3,108,139,31,42,140,141
129,36,30,207,66,135,44,114
121,6,253,212,216,55,123,61
10,125,2,96,39,111,109,154
53,148,184,4,184,67,91,147
72,107,230,31,194,171,206,148
198,170,210,103,103,249,30,55
199,204,27,3,238,109,86,91
146,182,129,32,10,89,141,9
81,40,9,23,2,124,122,55
187,150,168,140,233,5,155,42
202,61,181,183,192,70,38,18
120,103,237,45,156,87,218,78
54,221,92,151,147,216,22,193
111,183,16,182,180,125,153,223
74,80,221,128,11,85,15,249
34,49,233,72,75,143,104,150
45,165,83,134,216,251,18,82
55,224,178,60,141,71,187,159
153,9,52,244,93,123,190,213
247,72,110,11,224,193,115,122
162,50,4,17,21,225,55,139
247,229,240,1,239,170,139,177
208,159,134,51,104,206,125,247
42,110,44,183,192,31,204,193
106,91,234,236,190,162,110,119
109,95,242,14,87,175,51,197
80,193,4,86,33,57,116,210
162,9,154,130,100,230,215,62
83,20,64,23,199,216,45,96
234,57,100,14,177,140,12,200
83,77,248,55,10,169,252,22
98,134,96,12,203,126,198,101
10,14,194,72,179,210,34,107
22,19,2,20,120,249,81,154
219,84,58,190,135,210,209,120
43,64,27,124,5,110,212,121
182,218,36,69,74,212,92,24
93,184,238,128,132,239,212,244
196,209,10,158,166,224,23,208
18,135,16,237,145,181,232,87
180,252,15,98,85,20,38,175
225,173,34,88,62,252,249,163
63,211,152,44,204,248,99,101
90,62,82,163,195,28,70,241
82,197,63,23,139,193,5,44
230,205,184,180,62,188,7,75
161,207,233,166,161,229,8,224
92,70,124,110,121,132,42,42
131,60,242,82,1,20,63,34
165,204,118,12,84,85,133,183
39,141,165,249,209,96,29,164
208,14,115,54,147,25,172,80
58,59,100,110,222,207,146,209
146,53,47,63,76,240,254,188
5,238,60,141,162,226,7,120
35,123,195,3,100,7,90,193
160,47,23,75,222,38,42,234
80,73,74,87,68,111,213,116
41,36,162,141,196,26,242,14
97,220,253,239,24,34,25,234
67,82,219,169,83,153,210,153
199,157,74,229,202,226,120,193
70,230,222,70,144,108,20,85
107,215,212,37,184,126,142,85
159,102,204,60,35,30,217,174
193,142,159,69,17,64,179,101
194,37,13,249,248,31,224,223
211,230,227,149,213,39,206,17
78,229,0,101,133,192,248,244
247,237,73,153,183,158,217,179
19,157,72,130,218,19,115,222
255,27,99,195,32,215,204,133
39,145,119,130,10,222,245,68
210,146,120,209,89,187,156,137
185,142,25,225,120,217,8,196
244,80,210,78,132,93,244,206
75,76,234,142,131,203,214,110
116,162,203,243,163,58,190,157
229,128,186,106,101,177,86,140
247,237,199,63,61,72,190,170
250,12,231,10,125,24,195,218
123,37,219,179,47,86,239,122
155,244,21,18,214,97,22,223
128,94,61,197,0,243,126,207
176,9,242,198,119,66,3,68
6,156,4,172,35,99,26,185
6,51,55,143,11,239,102,254
65,70,237,16,123,129,202,205
76,208,227,49,207,246,25,34
124,234,186,23,151,148,142,5
14,82,88,225,64,76,165,151
2,11,109,232,86,159,60,127
124,185,131,182,186,120,185,216
41,40,67,41,216,218,160,72
116,19,235,111,46,211,134,117
218,135,10,115,230,82,68,191
39,233,78,174,171,255,100,217
46,251,63,7,180,101,113,14
25,78,73,125,211,224,227,246
98,151,7,114,71,127,180,217
45,184,149,211,151,236,233,145
170,145,72,25,171,208,45,4
27,121,189,206,172,251,225,29
240,59,119,181,248,91,13,27
46,2,122,27,167,15,102,97
228,100,56,86,2,10,250,134
101,49,228,181,250,252,201,12
141,181,24,127,227,7,245,19
119,113,28,40,211,189,5,54
134,240,101,32,130,247,119,182
62,225,134,49,63,18,97,192
218,235,171,76,217,214,218,82
125,24,90,159,234,131,205,136
194,173,186,120,29,168,114,74
132,31,116,192,55,134,254,184
42,27,209,240,27,84,228,80
15,182,66,202,3,202,133,12
215,90,223,238,141,17,164,129
51,74,147,227,145,50,25,8
130,52,132,230,81,24,168,242
178,228,57,147,89,59,60,164
228,201,177,136,96,47,202,106
145,71,31,37,28,55,76,109
99,224,194,31,20,33,153,45
51,116,156,183,93,209,115,232
18,245,220,158,246,152,178,238
80,23,106,236,159,234,31,102
186,108,149,182,77,11,53,219
104,234,59,40,23,184,7,146
167,196,243,167,133,46,110,177
218,214,61,33,234,117,241,158
0,58,11,187,8,44,26,109
216,115,10,237,205,249,26,174
230,57,72,6,246,28,107,64
69,167,177,89,123,18,43,67
216,106,245,97,240,107,41,128
162,217,240,20,123,157,202,189
204,84,245,51,198,162,103,9
151,39,147,33,196,169,234,225
61,86,133,170,107,122,207,46
74,53,250,60,114,67,204,234
9,201,222,109,254,254,255,220
192,224,158,19,26,99,70,136
171,65,219,230,226,41,90,126
151,180,130,184,51,104,197,39
66,139,185,210,219,24,36,171
190,60,197,22,180,67,229,208
54,227,203,222,17,252,81,133
105,102,146,219,5,208,157,34
168,88,44,8,203,157,16,236
55,89,97,126,36,114,201,208
220,43,216,183,178,218,68,23
52,237,135,107,221,3,105,175
234,218,86,247,182,100,221,142
21,160,252,106,6,44,125,149
48,233,181,40,127,140,183,193
19,220,241,38,193,91,46,237
232,114,244,104,233,132,73,239
18,187,206,104,55,221,142,145
249,190,23,117,53,103,195,130
43,31,50,149,145,148,247,133
79,37,84,213,251,235,33,211
243,104,165,57,56,58,247,213
118,3,56,41,203,3,213,64
221,123,221,168,72,99,25,216
229,206,101,192,114,230,121,194
178,159,187,82,156,149,99,162
56,84,135,132,193,42,51,217
179,17,53,120,122,48,39,29
109,210,208,40,68,130,49,55
101,47,243,240,24,233,121,241
100,94,238,243,121,115,49,95
93,217,4,52,125,125,104,243
237,92,66,52,144,93,169,179
91,243,226,114,119,252,106,102
9,90,148,107,235,67,145,222
35,177,61,163,7,93,130,11
42,255,105,145,170,238,246,148
173,132,75,105,5,179,244,51
106,92,246,232,78,161,182,87
224,1,131,221,15,130,162,76
245,137,250,70,254,255,191,48
97,137,183,180,41,168,252,223
79,113,119,100,160,128,167,174
150,68,87,194,42,218,82,173
38,51,109,142,54,222,207,211
148,221,223,59,148,131,156,192
94,83,161,185,22,174,143,233
38,231,199,112,23,236,152,252
1,111,237,8,136,138,5,98
16,87,76,188,100,20,1,248
16,61,165,18,205,133,115,158
32,183,71,222,110,177,70,217
95,112,99,227,68,145,3,79
61,77,175,136,252,178,205,40
34,20,216,178,121,35,152,147
15,198,61,125,230,84,212,229
0,109,134,150,184,151,0,211
120,98,137,20,56,39,141,158
63,181,142,49,123,63,78,60
116,195,41,211,3,161,237,196
211,76,205,123,39,99,129,60
143,182,160,214,232,38,72,100
207,252,55,209,17,57,71,113
91,222,57,172,112,77,110,243
118,176,206,150,115,168,35,199
131,202,182,51,250,165,164,112
131,205,189,44,91,4,160,121
87,160,29,37,46,229,152,87
54,91,137,45,124,229,71,230
52,80,154,70,226,162,91,111
237,121,182,227,220,144,183,237
139,98,244,62,52,3,194,255
124,46,158,158,14,193,178,165
30,29,10,210,229,63,186,137
91,162,119,16,106,123,150,24
132,121,36,23,22,77,250,61
200,186,110,132,139,137,239,142
173,199,250,55,152,5,51,0
221,56,178,246,127,108,48,8
150,155,151,140,190,164,181,84
208,2,250,99,208,4,163,101
6,84,15,201,148,53,57,222
136,159,167,222,203,81,99,50
109,133,240,44,132,180,214,180
222,113,8,204,27,50,155,148
42,50,122,38,63,147,163,55
135,93,8,181,175,77,242,67
47,200,12,133,63,212,160,73
76,229,136,236,214,94,199,26
18,221,97,199,23,3,138,219
208,210,235,84,191,73,229,146
230,181,247,252,181,107,54,171
143,232,121,1,48,68,236,155
51,52,254,250,92,203,171,177
65,226,141,232,147,247,254,46
38,209,165,96,118,128,71,47
178,141,225,14,176,22,228,105
11,36,132,27,42,51,148,102
19,231,47,49,126,76,126,94
20,155,3,177,211,63,66,149
189,184,73,8,130,237,147,99
121,73,171,124,166,153,97,109
225,250,102,148,168,215,65,214
162,62,228,222,178,92,106,20
48,172,50,223,201,196,40,249
109,249,215,188,170,33,110,170
131,63,66,43,157,197,190,57
213,86,251,180,228,87,97,100
182,124,232,185,66,23,211,100
89,156,239,225,12,197,215,172
70,80,25,210,143,15,186,208
153,94,196,181,219,111,38,97
72,184,237,138,252,232,49,218
201,252,193,123,44,155,165,87
5,222,23,24,108,200,189,194
234,64,138,179,65,199,65,194
134,71,156,231,138,219,146,125
252,215,189,22,241,143,244,105
16,54,91,186,149,67,158,242
138,90,102,35,146,29,111,22
231,191,134,197,34,51,224,71
208,61,212,94,67,219,175,184
93,190,66,17,179,203,255,241
236,246,14,104,177,151,52,199
57,228,197,204,220,235,33,250
163,34,160,91,61,93,196,44
172,237,221,209,190,111,208,190
200,104,158,222,17,60,15,242
1,141,8,159,182,22,0,255
208,204,4,242,203,50,90,38
144,123,167,125,248,105,199,78
211,192,98,83,182,46,103,36
55,71,158,47,170,128,88,59
26,26,75,37,189,231,193,40
206,195,198,91,211,190,22,242
14,191,70,174,38,254,2,21
231,74,136,2,108,122,56,200
114,186,192,76,226,114,41,39
214,59,26,86,127,84,59,1
7,83,143,146,191,235,127,223
150,154,42,162,71,195,251,111
29,241,154,126,239,13,220,98
240,147,86,243,67,76,48,72
114,10,183,254,28,238,64,48
227,116,224,117,151,47,229,126
248,2,148,202,37,114,250,179
3,138,184,178,95,195,73,35
89,93,100,75,52,45,230,42
157,243,18,203,65,101,42,204
3,209,102,225,216,45,27,236
169,24,224,200,186,86,255,62
27,42,133,109,160,105,73,81
228,185,42,203,63,34,144,218
135,201,11,248,128,159,93,169
138,12,17,152,35,33,37,56
194,31,176,26,214,184,223,86
228,235,69,112,140,103,28,55
17,18,25,42,183,37,169,30
129,147,39,206,175,78,80,139
206,161,55,127,233,166,107,5
112,74,85,229,47,85,99,216
21,80,27,7,29,73,226,239
161,205,252,133,83,204,82,14
153,167,3,121,124,76,206,191
110,183,181,157,213,114,126,195
3,113,161,171,243,241,142,212
60,219,78,92,196,157,199,120
104,105,40,139,178,183,8,160
75,250,203,151,16,38,129,216
178,235,222,195,127,126,43,148
159,88,28,215,31,107,235,39
38,213,77,243,234,148,108,231
0,200,60,82,127,0,12,203
165,33,173,84,200,24,142,59
153,171,245,158,47,37,46,156
171,16,14,209,219,247,79,108
187,124,237,124,90,246,72,59
132,232,179,46,255,12,110,157
221,41,63,4,44,79,1,129
175,222,229,34,108,75,44,170
89,84,19,252,88,50,254,236
209,78,149,10,149,131,161,95
51,50,14,93,224,46,47,190
229,102,177,221,180,175,200,162
55,2,107,197,72,93,25,45
7,136,45,67,138,40,199,153
194,226,77,234,228,212,133,211
177,253,222,158,213,128,14,12
130,157,204,132,202,73,217,201
63,170,65,187,27,16,77,217
253,105,167,97,39,216,107,0
182,187,112,172,88,23,10,247
91,60,81,239,174,128,138,249
157,0,217,131,200,2,227,73
95,186,66,172,164,227,208,127
223,203,99,131,199,80,207,253
129,50,61,21,64,64,167,247
126,226,67,187,14,235,79,118
187,135,75,136,20,237,226,144
30,179,119,51,220,111,172,215
133,199,246,157,88,211,129,123
64,65,229,79,68,195,204,251
193,144,102,224,59,189,18,176
114,143,112,165,16,141,96,0
231,227,4,187,73,122,61,167
190,5,88,243,80,38,14,113
150,108,188,143,190,160,79,102
109,213,242,234,151,124,235,137
82,214,228,187,24,232,107,174
22,171,15,243,220,152,150,156
255,15,26,58,124,38,180,139
163,196,78,222,2,178,80,27
156,52,193,164,222,72,155,33
208,80,181,116,160,154,162,8
207,216,122,220,44,97,206,8
11,152,169,248,163,182,152,186
108,55,198,149,42,155,42,128
188,105,195,137,133,4,215,37
147,218,129,219,107,136,34,21
174,242,215,10,106,244,180,217
111,134,79,159,61,154,52,105
29,43,59,150,195,41,235,63
21,187,195,202,139,24,16,253
205,59,240,157,156,2,13,165
10,116,157,58,15,157,246,209
151,151,74,211,108,208,214,138
23,243,122,231,104,142,136,76
134,184,158,7,156,223,206,40
9,185,186,192,135,195,223,193
215,180,207,174,20,17,93,171
191,82,35,177,219,216,130,132
105,232,50,245,171,95,26,223
97,115,25,20,12,222,241,182
12,131,99,101,225,205,134,155
140,21,77,192,19,228,188,72
49,21,225,3,248,166,174,76
107,174,78,10,120,53,33,115
166,183,120,171,2,253,170,19
18,113,107,251,66,158,126,191
197,212,42,248,193,20,248,45
42,2,235,238,187,174,40,224
206,246,158,111,221,87,89,2
1,64,122,173,243,149,126,167
172,217,88,7,223,12,240,99
72,142,44,103,236,190,145,99
141,111,92,117,112,65,23,78
184,88,41,93,143,101,195,178
149,245,223,208,100,35,214,56
55,152,204,186,107,56,222,62
199,214,201,252,188,237,124,49
107,205,218,57,212,227,225,109
162,207,224,95,95,201,95,158
184,234,190,215,90,45,152,131
162,247,255,57,220,253,163,136
137,90,121,36,55,248,206,143
254,236,106,196,235,14,56,224
71,180,55,132,97,243,38,3
153,124,206,179,143,88,76,18
229,228,101,48,231,127,164,179
139,109,111,32,170,40,138,194
145,252,207,165,37,189,182,51
161,255,230,75,168,41,111,207
196,200,12,52,91,181,211,22
234,126,204,132,233,76,182,7
79,95,189,161,103,237,87,0
219,17,214,198,241,240,191,138
167,71,49,227,83,43,128,10
170,198,167,45,214,8,142,121
51,115,84,138,239,73,162,161
130,213,199,182,228,208,157,205
161,93,38,43,57,221,6,44
182,49,83,74,176,235,123,11
199,217,90,241,202,254,208,181
116,73,131,126,245,11,62,227
3,227,70,97,249,172,120,164
0,83,91,126,48,50,167,142
253,231,252,55,240,202,111,175
121,134,196,234,51,253,153,126
250,162,13,25,201,239,90,203
67,32,156,143,176,39,127,245
5,70,4,16,128,77,67,26
10,161,118,104,31,53,242,131
16,217,228,226,7,186,216,32
167,237,0,31,182,90,218,97
103,63,229,144,79,250,167,174
102,154,14,170,91,237,75,109
240,170,165,168,32,156,42,78
97,125,217,215,131,231,1,196
141,214,223,85,252,105,141,242
79,145,123,140,117,107,167,141
248,212,113,108,215,110,177,222
71,114,81,135,80,206,111,142
89,209,219,209,64,40,242,232
10,134,188,211,19,250,6,45
24,69,1,238,173,68,255,58
173,71,114,46,39,138,189,109
153,173,186,156,4,25,156,35
224,30,147,165,166,43,197,151
236,88,32,214,14,178,90,154
92,211,223,201,96,235,8,12
142,199,236,192,47,245,16,169
165,99,144,167,228,14,183,240
86,189,190,1,216,1,132,8
122,194,183,130,68,126,205,137
78,141,99,106,225,108,86,251
220,164,63,48,184,113,23,117
62,26,50,163,172,7,107,240
216,150,53,255,96,137,155,152
211,18,245,239,124,163,122,255
123,24,233,177,183,70,204,53
192,222,215,150,81,30,40,138
169,43,55,105,196,97,202,212
42,204,225,84,49,42,167,160
125,223,3,141,100,48,234,76
243,28,76,3,204,106,164,157
251,223,44,213,86,193,133,177
69,220,111,48,73,162,92,66
12,150,172,159,108,186,195,47
174,204,242,135,86,235,162,178
241,40,41,244,15,167,2,194
217,166,144,242,6,99,123,187
163,198,213,33,71,218,179,158
124,217,31,193,115,72,138,177
48,197,182,19,67,241,57,129
167,143,184,223,57,1,69,1
124,97,29,88,202,201,211,157
62,62,24,49,165,220,212,242
160,114,79,229,127,188,168,19
125,182,72,133,124,187,159,248
191,132,79,229,124,45,103,184
67,135,106,63,134,4,54,147
136,239,28,255,73,93,84,11
114,154,165,31,216,134,173,226
189,129,157,71,243,131,57,37
8,55,174,126,194,3,209,66
29,176,127,252,20,123,44,165
239,240,60,243,183,134,213,144
252,61,20,178,192,97,121,55
3,102,158,243,208,26,64,24
239,1,120,64,109,135,229,153
216,52,72,34,202,87,200,109
170,130,147,1,137,31,68,185
226,46,166,55,240,183,248,63
226,161,206,65,31,82,194,67
46,8,255,249,242,189,124,152
40,238,25,171,98,192,180,201
212,15,33,125,243,195,19,151
84,116,241,19,115,67,195,218
37,41,19,109,21,60,1,143
47,82,131,33,112,42,231,96
235,47,185,33,183,180,64,0
243,163,105,15,114,237,88,98
209,61,44,227,26,13,193,54
48,22,207,240,34,101,153,144
12,109,77,98,231,141,219,148
63,132,14,87,2,151,55,85
61,50,86,164,90,46,170,181
126,206,100,54,237,137,218,141
33,129,146,37,115,201,131,141
210,222,189,247,51,34,49,164
144,152,211,17,54,67,122,127
24,235,199,23,115,50,113,153
224,193,79,100,91,183,125,3
180,17,5,247,203,177,226,164
10,79,48,64,29,234,211,187
109,125,174,132,149,97,176,150
164,244,234,134,22,69,148,131
243,70,191,141,219,145,50,253
100,19,0,31,148,174,162,32
101,105,80,101,220,157,139,248
58,105,240,124,213,5,20,150
36,122,143,182,176,225,32,113
117,86,135,183,92,88,75,167
52,250,193,130,195,11,230,116
106,125,137,152,70,130,154,166
142,79,63,151,152,222,71,30
80,29,214,237,81,14,227,68
122,14,207,23,222,101,188,249
179,107,193,218,157,84,70,187
145,146,41,183,119,6,36,136
66,239,6,9,243,101,235,69
51,47,137,24,235,119,29,175
142,159,214,205,107,183,181,14
206,43,63,159,145,94,93,100
107,175,142,101,176,165,240,87
139,61,192,67,83,10,110,193
162,23,189,158,36,43,106,47
16,46,49,231,220,109,6,134
47,237,250,187,125,170,86,242
85,127,121,49,70,184,221,68
253,2,222,125,141,70,60,91
171,86,52,56,116,136,97,202
239,239,224,88,192,136,198,100
231,188,221,149,201,30,66,81
201,189,90,86,219,213,165,33
4,69,208,120,149,79,168,162
72,194,228,215,152,165,39,145
114,176,249,24,85,133,203,14
99,85,28,232,232,160,16,36
222,145,74,119,67,186,67,200
88,231,97,34,235,237,94,64
218,127,145,131,19,190,67,227
97,38,222,230,123,247,221,204
245,129,138,19,237,229,197,92
87,17,15,169,245,64,97,5
65,65,61,35,104,60,247,162
93,26,30,105,202,98,43,222
1,211,130,16,254,136,232,245
37,215,26,117,108,159,230,170
4,103,46,185,121,99,39,17
106,229,125,160,152,242,152,167
112,73,156,183,211,140,7,18
157,36,46,17,54,236,201,76
75,88,18,127,182,102,84,210
123,22,122,101,175,225,20,42
209,178,255,179,137,228,221,196
248,237,172,138,46,80,214,61
144,164,159,95,123,116,117,129
133,34,254,241,250,198,175,125
228,106,39,30,90,63,178,106
24,20,200,192,250,46,194,135
176,202,3,174,28,166,104,235
234,64,221,2,154,139,232,91
234,223,111,38,51,78,62,218
18,132,15,45,180,7,102,54
42,16,29,114,173,247,227,46
93,101,44,111,143,208,46,251
89,250,138,194,180,231,187,92
143,91,90,219,30,2,184,213
21,156,81,210,126,221,102,175
151,212,245,62,79,30,236,76
34,132,215,174,206,58,197,14
239,252,251,232,30,20,180,165
139,232,251,144,50,76,222,136
154,252,213,173,8,61,5,38
69,193,112,237,103,74,67,196
15,248,211,214,112,128,74,48
163,203,112,241,52,212,12,124
17,68,102,121,149,99,195,152
125,34,237,172,212,161,71,172
191,91,42,167,145,144,117,106
225,255,139,203,78,168,117,175
95,7,120,168,130,140,114,239
128,209,7,117,232,197,255,44
237,146,14,238,88,252,244,41
141,33,234,235,145,89,196,169
165,148,238,120,105,195,194,175
86,162,124,26,217,242,209,104
27,4,99,154,22,103,196,243
60,225,29,83,191,17,220,219
209,130,2,100,242,252,181,81
225,36,127,101,191,191,79,136
10,213,31,82,9,243,189,112
122,211,94,211,208,174,234,70
94,107,117,8,235,156,171,161
164,173,174,64,229,217,32,63
147,88,53,55,98,44,235,51
158,6,24,15,248,120,19,56
70,61,72,162,222,183,7,245
30,213,100,246,13,159,233,82
222,181,234,90,93,88,118,211
68,140,32,132,102,130,193,158
79,186,76,127,179,112,186,51
235,226,192,247,22,92,98,224
252,208,155,218,11,170,149,209
248,57,151,85,133,130,22,79
72,52,241,247,124,17,127,177
126,112,147,149,96,3,10,180
63,44,6,3,138,148,228,160
170,43,230,80,16,15,181,148
75,194,173,147,119,246,195,217
124,191,101,255,182,117,27,94
108,65,208,64,87,126,45,162
51,244,222,138,147,113,246,119
3,25,17,116,101,29,141,100
177,176,214,244,107,194,26,97
22,181,255,76,2,38,48,205
236,177,63,40,4,158,42,21
112,116,234,242,214,94,21,185
88,62,32,35,30,77,5,1
158,112,245,30,132,156,89,29
48,45,19,239,86,42,67,146
240,215,116,11,102,176,134,7
28,169,23,204,38,209,185,178
222,237,163,6,8,248,153,175
201,150,223,106,45,173,112,78
61,154,106,99,188,193,96,191
208,50,119,86,215,38,238,205
227,209,18,54,123,181,213,115
26,31,167,240,50,69,132,13
182,76,232,72,48,174,202,86
228,187,238,115,76,27,136,132
87,87,71,135,178,148,146,15
223,125,118,121,79,26,71,14
29,182,128,249,157,63,84,238
230,85,163,25,118,44,209,147
64,132,61,1,63,89,5,157
192,154,160,138,142,213,111,207
40,184,143,183,113,196,191,117
189,55,153,170,74,156,141,226
73,75,198,109,213,12,121,228
229,72,89,223,223,146,242,4
252,155,34,96,94,76,52,119
180,207,195,201,117,176,213,201
122,55,6,93,227,140,214,141
64,122,158,130,164,200,153,170
134,255,59,88,34,243,192,100
21,88,96,193,77,144,7,159
91,42,91,17,131,174,0,4
60,245,183,3,232,61,85,182
235,24,201,220,197,249,163,31
74,139,216,121,222,141,170,131
210,183,181,87,74,251,114,53
102,94,206,44,138,247,110,44
42,176,195,145,145,29,205,19
230,160,183,230,69,59,146,59
20,216,214,123,167,63,168,32
151,32,214,200,213,149,240,167
12,206,55,130,158,222,120,48
209,70,7,143,211,251,97,248
253,165,128,17,204,67,70,70
210,234,77,207,72,176,20,133
108,21,30,168,208,123,156,23
137,109,28,191,107,235,64,89
237,11,118,10,170,140,147,154
249,191,204,55,186,121,176,231
1,243,115,233,198,117,254,130
48,222,79,114,100,149,179,176
23,170,49,56,137,22,142,166
229,68,18,82,122,9,115,167
61,168,119,154,173,28,74,182
184,126,224,115,24,75,224,175
192,131,246,124,219,205,169,100
188,247,129,9,20,198,129,49
34,159,124,126,143,108,79,235
217,72,36,197,31,35,104,239
10,107,184,174,154,103,247,66
82,46,55,249,188,130,189,24
213,224,243,157,219,90,199,115
80,169,23,52,228,177,100,168
220,138,213,229,238,63,222,150
201,134,203,18,175,14,194,140
124,17,254,169,22,170,23,52
122,41,85,117,207,46,151,218
126,176,157,23,225,234,19,205
29,154,234,232,116,111,191,13
170,116,8,228,63,152,242,5
209,206,31,162,98,182,101,21
89,173,210,116,237,206,21,222
123,171,14,232,229,231,198,41
85,187,188,131,49,154,17,238
151,128,243,66,69,141,162,145
217,249,95,251,42,19,146,159
90,83,176,219,38,130,42,33
56,105,15,192,131,195,45,214
192,192,66,240,14,36,238,107
157,93,146,70,11,98,158,253
170,126,53,190,60,36,13,38
78,132,131,95,179,65,249,143
19,185,124,40,1,126,209,216
182,15,142,144,188,2,52,229
129,6,1,107,84,211,232,161
156,240,113,74,138,22,42,153
201,168,255,69,163,141,35,39
21,115,250,85,186,216,224,125
226,42,242,165,11,78,91,131
38,197,66,7,14,72,85,1
108,208,152,130,178,199,61,222
178,231,207,33,38,167,130,188
58,17,91,171,217,219,36,54
232,130,68,189,98,158,120,180
254,139,90,51,115,225,4,208
207,227,210,123,163,44,208,201
241,116,114,79,85,168,43,223
16,237,125,128,116,11,12,91
109,173,155,61,253,190,97,213
220,111,251,237,9,194,185,31
174,93,171,99,168,152,62,46
246,239,114,25,36,30,98,65
251,17,217,75,202,239,75,29
217,60,156,136,150,112,253,215
66,186,135,235,22,40,247,79
57,58,196,148,156,128,108,61
103,190,56,120,38,24,134,217
67,218,148,214,56,25,143,237
58,243,61,113,31,8,65,24
72,213,241,152,24,178,67,12
248,151,218,154,167,176,123,2
248,182,160,248,248,253,1,255
1,248,0,120,122,101,60,37
62,197,91,125,208,27,217,192
26,194,26,84,247,220,212,43
166,246,196,42,11,239,163,27
171,246,158,1,137,71,118,99
35,143,158,174,147,51,86,67
120,160,127,172,252,176,47,221
117,18,2,215,81,57,163,214
106,12,189,212,173,95,220,164
200,232,83,48,247,53,204,182
70,235,131,63,251,97,232,224
33,207,232,236,146,164,36,237
198,87,150,75,114,33,127,218
157,172,178,186,163,4,25,105
180,75,104,12,2,163,180,47
248,250,193,219,185,31,213,177
119,252,47,49,36,133,230,172
14,118,13,223,162,194,129,182
207,63,236,189,29,239,139,88
73,179,255,157,82,115,132,209
49,181,208,20,176,207,213,209
229,200,54,244,125,61,172,32
240,2,125,227,222,78,126,28
22,144,198,251,100,141,134,182
218,183,148,118,250,41,11,64
65,189,62,55,26,155,154,181
59,111,50,217,211,12,120,105
147,41,222,121,215,126,101,135
214,147,185,234,117,24,210,173
167,163,80,13,182,95,154,114
90,6,133,84,244,211,72,34
186,152,174,68,117,14,104,207
151,215,148,52,197,123,191,153
54,23,188,15,202,134,142,202
189,157,209,121,76,16,33,23
105,115,132,116,249,99,225,22
82,195,136,145,209,182,159,180
12,125,95,122,83,168,78,244
30,158,99,158,195,180,73,207
105,102,89,97,159,246,7,248
0,184,228,9,201,191,114,55
113,38,108,3,53,145,115,160
175,140,170,150,64,112,219,202
136,75,76,189,94,29,86,1
210,224,187,124,66,85,93,183
173,27,234,127,177,99,57,159
7,177,10,219,19,27,235,4
94,18,159,41,173,161,199,135
75,187,125,236,119,57,166,94
124,22,108,222,31,92,41,145
59,236,184,72,254,122,10,122
10,120,146,91,17,254,147,47
10,190,189,132,85,90,233,186
125,166,182,155,191,253,242,178
102,151,255,157,99,248,1,224
180,109,105,213,220,66,200,166
29,173,138,103,29,245,146,2
220,32,42,44,26,30,90,62
201,122,160,221,134,121,21,43
194,207,228,149,156,172,77,52
154,109,74,253,249,118,248,157
109,240,173,185,172,65,153,213
74,135,125,106,200,33,189,230
84,214,54,55,251,211,51,63
28,88,74,174,91,192,186,175
84,181,148,168,96,246,195,228
221,197,173,7,21,130,19,16
60,64,184,22,74,62,206,18
206,162,252,208,141,52,19,50
131,97,158,17,46,93,152,210
9,253,204,71,237,114,88,245
147,10,46,19,55,31,246,171
192,246,31,57,93,144,163,132
174,22,111,46,134,122,54,39
101,112,74,133,77,71,189,246
23,195,145,19,151,57,51,237
201,147,92,242,10,17,227,121
140,160,41,184,98,202,123,114
222,38,60,11,127,106,26,252
19,113,106,250,128,136,49,243
192,129,76,171,57,213,0,201
143,119,236,67,55,227,105,60
246,87,26,68,4,92,140,29
218,136,86,243,226,53,16,75
24,133,206,6,147,127,32,1
227,245,177,29,142,103,11,83
126,123,59,224,28,74,135,76
104,126,240,214,199,209,232,240
65,84,105,117,198,105,116,152
253,65,153,131,99,162,56,233
193,16,92,253,40,32,131,161
106,2,136,73,110,21,29,114
232,136,80,60,253,16,57,232
220,223,69,163,157,100,123,103
209,254,108,60,29,26,126,117
234,177,82,182,78,181,0,180
104,154,30,27,250,123,200,105
86,176,119,156,76,233,209,60
221,145,215,167,52,13,172,202
89,43,86,92,136,113,55,147
6,9,46,85,114,129,205,192
164,31,27,47,15,216,200,225
166,242,111,75,18,41,97,8
127,80,116,124,12,18,218,117
86,78,139,173,109,81,179,154
226,47,119,2,78,61,122,234
39,106,6,28,199,176,69,218
117,2,126,104,105,100,0,11
93,60,195,39,103,34,196,98
130,47,196,170,72,213,11,44
22,100,189,69,6,246,74,96
44,110,230,66,91,87,45,104
158,12,155,188,86,28,27,103
209,115,190,15,68,95,4,123
208,22,253,164,147,113,155,217
149,204,104,36,179,2,200,251
74,58,109,82,30,245,20,98
44,9,210,86,7,24,81,145
166,62,161,159,185,44,208,82
34,42,187,73,255,33,112,250
13,205,247,60,130,104,9,60
187,205,104,93,156,160,180,44
18,255,26,228,150,49,13,104
212,82,218,104,210,175,102,33
130,115,136,79,108,50,185,82
103,135,31,199,57,123,3,21
203,119,232,152,228,104,113,69
220,6,138,3,124,4,176,239
78,26,245,65,202,37,137,250
168,180,242,239,7,221,202,39
88,35,9,52,228,195,129,247
9,9,237,129,121,171,18,21
73,68,53,92,99,54,107,91
153,64,114,239,100,123,55,9
7,172,72,16,128,144,11,103
88,1,149,163,71,192,98,199
118,170,53,136,206,75,179,92
4,154,189,140,49,28,181,63
132,44,247,244,188,219,173,87
168,170,95,211,72,173,224,57
129,191,171,162,8,173,11,110
116,26,233,115,36,254,173,48
94,104,133,5,48,191,188,153
195,223,51,5,19,109,35,246
77,58,175,158,140,115,55,32
224,115,248,199,174,19,23,243
226,54,130,61,60,105,106,215
145,213,81,209,12,62,35,87
84,40,50,5,115,140,10,246
48,4,17,223,124,245,87,19
136,46,128,200,113,133,121,134
38,42,30,206,190,3,105,102
192,164,215,79,143,98,224,53
251,213,208,1,87,207,220,197
204,190,98,55,136,58,52,166
152,195,222,143,29,130,25,84
173,39,166,14,148,184,38,209
4,246,159,215,32,87,251,142
138,173,154,101,86,77,54,49
20,34,91,2,222,216,249,123
172,13,209,71,46,1,159,104
135,142,225,242,142,160,218,140
55,108,155,190,59,72,102,26
112,101,206,114,227,82,19,30
36,112,44,98,79,169,207,9
86,30,63,114,214,183,182,87
134,173,225,25,101,2,192,55
59,76,105,148,214,147,242,69
110,61,182,225,231,90,54,97
179,64,215,47,57,206,27,221
251,234,12,138,166,55,77,121
55,13,28,142,51,54,24,211
106,172,91,36,42,128,118,55
209,37,177,144,193,119,215,96
219,162,162,85,254,143,250,115
71,203,202,124,255,202,39,48
29,140,188,30,192,127,253,46
191,129,27,78,62,232,255,200
135,47,70,177,234,1,92,247
3,122,50,236,18,86,39,131
95,133,247,24,207,244,133,42
249,218,168,127,173,43,61,232
3,96,155,141,142,127,149,102
202,116,130,97,215,115,123,101
30,188,233,14,50,181,227,254
145,189,96,126,8,141,62,54
208,22,172,33,192,149,38,118
58,157,78,249,50,56,60,185
246,208,223,192,2,1,7,146
250,226,203,211,176,197,115,130
229,70,147,62,42,101,168,255
197,210,16,0,248,119,29,194
163,40,234,121,92,82,181,213
190,54,98,218,225,197,208,78
201,7,135,185,183,11,22,41
138,140,157,213,215,13,136,19
145,213,199,15,38,236,157,44
9,112,226,222,91,160,81,252
12,57,73,187,112,191,26,234
196,110,170,76,151,106,211,167
133,158,209,144,136,35,186,210
55,85,106,95,29,0,59,55
87,175,11,159,250,248,127,37
169,86,34,50,133,193,211,222
178,22,186,120,196,23,172,199
188,18,126,133,74,88,93,179
105,60,6,120,31,99,244,106
1,208,162,246,208,82,133,196
148,68,122,156,153,18,198,96
186,234,105,15,13,217,29,111
138,119,84,77,51,212,126,161
95,134,244,3,37,82,98,33
151,112,244,11,49,214,14,44
121,175,114,3,251,104,70,242
214,75,250,117,120,8,134,75
118,3,20,192,118,249,143,64
166,227,172,54,186,140,178,33
210,184,78,146,238,22,162,46
108,207,65,96,15,88,219,253
189,93,138,200,254,149,100,230
208,24,136,208,2,242,249,1
141,186,186,224,139,44,120,28
173,25,35,251,97,25,170,189
138,120,190,0,197,77,129,232
135,157,90,175,224,103,139,205
39,106,176,44,55,104,132,244
240,117,21,205,221,143,40,210
27,185,231,33,109,31,181,71
182,94,10,4,120,190,29,120
132,97,12,61,103,125,13,134
248,108,92,149,194,182,187,11
83,232,236,204,178,93,169,173
201,151,73,47,70,107,179,7
113,204,20,22,145,119,199,143
136,228,78,37,231,247,141,188
73,26,211,106,63,146,76,21
165,184,58,221,154,88,252,232
43,103,230,254,121,102,9,136
149,82,76,54,131,48,232,246
24,23,122,22,225,164,115,165
211,29,35,74,182,8,24,202
76,17,232,133,161,60,103,141
77,6,72,227,23,209,202,162
171,91,29,155,89,28,123,223
4,38,239,230,67,41,164,26
47,196,69,222,144,241,74,109
161,170,202,85,87,243,252,33
29,99,177,36,224,225,127,96
44,53,158,37,249,184,214,181
134,105,164,221,113,22,207,3
60,61,173,217,89,23,119,197
2,69,207,173,172,166,152,236
75,74,174,56,220,10,169,62
217,202,31,226,192,42,248,119
22,102,44,198,229,118,135,171
143,78,121,76,133,215,134,221
90,140,207,180,61,18,84,130
52,9,115,11,50,232,30,56
159,191,231,192,185,64,0,45
73,56,188,5,157,134,185,194
67,168,126,136,26,214,138,126
247,112,31,86,93,55,84,107
20,128,240,235,52,212,71,12
236,130,161,124,144,142,127,203
146,6,4,28,237,135,28,132
239,102,171,246,6,117,137,88
43,231,208,156,86,49,35,164
191,31,163,190,183,117,115,222
123,161,24,62,188,186,71,244
104,87,247,125,39,14,77,35
68,198,33,164,99,73,51,223
183,166,31,49,157,169,157,225
119,35,105,246,38,133,176,93
153,78,96,216,18,91,199,19
127,182,247,226,243,11,160,234
48,222,53,153,156,112,106,74
15,207,12,21,199,168,176,111
79,200,119,244,43,148,225,46
204,126,26,151,121,82,132,78
215,67,248,72,46,163,13,251
183,250,117,183,24,179,106,78
225,128,172,249,37,111,195,174
194,94,44,40,116,62,215,251
244,87,37,207,82,37,218,245
97,142,209,96,218,126,203,49
103,24,45,169,254,139,136,246
120,211,86,166,70,238,73,209
31,180,38,77,245,130,215,107
40,187,48,194,117,197,105,76
123,233,121,48,161,174,74,226
1,198,1,116,183,10,171,174
67,212,113,178,125,46,87,235
195,16,51,46,158,139,137,124
158,199,67,224,102,61,220,136
225,187,16,231,114,202,115,97
102,225,53,176,147,39,143,1
159,120,158,36,13,20,76,64
208,143,119,48,136,9,16,118
49,240,54,30,149,236,57,244
184,166,220,192,217,131,231,35
90,71,122,134,106,154,180,16
133,198,80,34,154,206,69,127
215,151,30,183,223,214,172,162
157,154,151,62,180,186,221,35
29,27,114,104,135,70,222,137
157,62,210,65,64,26,7,193
116,253,218,219,49,244,49,241
137,196,175,135,79,47,219,24
140,72,208,173,125,25,41,106
85,13,94,220,61,3,20,152
239,149,20,122,8,211,254,121
178,171,179,98,199,84,204,38
77,76,190,113,68,182,192,140
62,107,154,69,224,87,108,12
84,187,185,169,156,80,237,40
83,53,237,176,168,121,90,241
185,140,7,172,253,158,116,36
192,44,83,136,1,167,5,158
122,170,5,213,138,172,96,121
99,39,2,51,236,81,177,171
79,85,168,148,6,83,207,144
0,232,235,89,174,16,154,109
88,123,153,85,217,95,164,186
138,85,85,157,228,13,225,240
49,100,11,211,205,85,51,165
239,234,247,179,26,156,173,29
0,221,144,19,175,196,247,42
87,215,125,188,137,114,70,56
199,148,56,114,57,78,58,26
186,106,237,255,104,64,195,238
111,110,81,234,12,29,52,63
72,226,78,87,130,94,192,66
234,144,233,10,40,128,106,53
251,228,161,3,103,47,194,211
94,2,237,34,28,210,100,1
113,210,90,165,187,61,174,37
107,118,159,154,87,90,238,98
228,188,133,232,164,203,234,82
23,202,10,94,98,150,148,24
59,29,191,255,186,205,131,101
215,161,220,248,50,42,218,4
63,115,38,93,219,191,157,8
100,153,44,209,126,18,237,46
155,75,130,212,107,230,206,173
63,216,244,34,112,175,96,93
98,73,206,153,229,239,189,204
252,185,32,29,144,219,224,164
198,42,246,17,190,194,71,42
109,100,73,219,34,174,190,194
9,247,80,34,76,130,85,238
126,163,113,0,122,192,201,219
133,200,169,44,206,110,25,7
129,205,91,220,51,89,45,239
60,0,253,221,163,42,158,45
216,67,236,27,17,250,238,240
48,38,9,187,160,233,20,148
35,22,194,56,25,84,232,83
50,104,193,151,64,153,11,216
125,31,110,165,157,168,215,176
211,38,122,33,90,180,135,7
164,101,247,230,210,204,121,141
130,200,14,169,210,106,158,92
28,181,233,225,45,247,232,128
186,225,220,38,142,234,235,42
202,17,74,147,93,235,121,246
239,155,164,38,104,169,52,84
18,243,67,207,169,249,42,223
242,166,226,14,60,129,240,105
100,155,230,82,211,87,145,223
154,160,103,190,1,27,174,175
100,236,147,237,25,121,105,236
185,17,132,158,37,224,59,82
26,220,81,73,136,220,13,26
220,207,64,60,131,140,183,7
237,232,220,125,202,49,130,221
12,168,66,194,138,221,111,101
49,212,207,234,71,91,135,87
229,86,131,196,159,110,47,127
6,143,209,10,6,139,89,166
65,52,64,62,113,203,114,176
190,197,198,66,141,141,211,29
155,122,78,44,142,134,69,226
179,224,95,251,87,56,225,193
62,202,151,50,213,224,118,94
126,113,203,15,234,96,194,206
5,116,114,248,157,43,249,139
15,164,176,159,153,89,190,28
216,229,244,247,181,177,148,143
88,243,69,221,59,186,58,70
114,231,54,204,144,27,221,166
22,83,82,158,219,69,174,89
72,181,203,214,184,101,136,28
80,207,24,115,0,163,203,103
83,182,220,187,111,134,213,160
226,91,69,77,237,220,213,66
90,192,184,254,20,101,82,72
24,229,101,170,142,127,50,44
198,10,27,182,226,87,178,148
170,234,117,124,235,24,47,89
226,197,108,191,32,186,243,0
6,197,91,12,5,226,119,116
71,3,96,245,106,46,166,30
210,50,227,198,228,248,183,148
116,253,219,38,33,89,218,191
116,188,141,121,32,181,146,9
239,218,251,197,13,174,3,52
25,248,220,167,89,201,196,71
202,213,151,47,35,1,144,224
240,13,247,77,181,11,20,153
149,85,194,129,148,75,233,12
124,108,238,120,201,176,26,247
116,7,234,48,15,76,123,107
234,19,252,203,61,46,50,203
209,170,119,124,163,255,95,101
43,53,250,163,95,43,219,180
191,98,73,69,241,11,167,246
127,129,43,132,248,215,72,82
239,97,188,7,98,113,208,221
203,152,139,23,145,145,213,56
37,98,41,46,49,196,158,146
225,148,228,49,4,233,240,247
246,205,237,11,187,19,52,177
25,30,248,96,39,156,235,39
190,57,80,5,116,217,251,13
55,106,104,210,31,28,107,157
167,200,234,141,112,27,96,2
153,55,90,62,104,90,167,31
99,11,242,186,174,139,15,155
34,120,172,251,72,30,59,215
58,55,100,156,6,62,55,240
41,158,238,3,172,191,41,31
227,79,115,17,216,162,92,230
245,186,136,119,241,8,252,253
179,37,83,170,87,88,45,124
104,3,221,249,187,137,32,6
203,74,70,8,116,227,72,248
131,172,28,109,141,83,171,64
63,247,141,242,206,98,181,169
157,20,190,153,62,247,76,45
94,176,100,146,114,246,92,50
198,250,143,61,87,118,77,139
145,200,78,255,132,234,230,183
202,171,50,84,49,124,223,190
219,251,97,34,59,163,112,156
165,127,106,97,42,215,235,130
7,196,180,42,25,177,25,166
191,66,67,121,145,216,136,205
194,20,106,86,109,162,104,157
7,4,67,77,189,222,194,53
225,70,8,149,127,198,111,203
244,156,145,134,139,97,213,82
255,246,212,175,189,41,79,32
231,120,134,241,74,224,104,146
211,243,63,225,161,105,80,17
104,245,232,39,159,146,177,65
214,20,131,32,66,155,248,79
231,184,245,230,128,0,93,112
33,141,55,197,67,62,81,127
220,29,208,51,228,144,75,228
155,67,159,109,190,21,161,27
185,77,173,215,0,250,185,50
14,194,130,192,136,55,208,123
221,181,20,3,36,218,129,30
34,103,113,250,63,193,251,90
214,212,80,38,155,200,91,92
191,56,222,173,20,155,198,196
160,11,18,148,105,97,88,159
116,75,1,101,189,215,60,108
164,172,242,137,50,189,198,131
189,67,79,171,62,243,209,50
52,210,6,151,251,59,89,75
78,42,102,30,123,153,21,135
38,32,235,45,130,178,7,136
47,91,185,38,139,243,187,160
145,141,139,61,16,208,138,234
119,41,91,87,182,206,83,83
57,190,115,1,144,118,238,50
127,170,198,15,174,60,174,104
177,60,2,143,17,118,107,73
90,134,224,228,36,21,37,207
139,150,8,246,201,35,144,196
130,0,49,189,181,39,22,52
23,49,208,63,253,163,212,211
222,95,215,17,108,235,131,55
241,151,142,17,226,205,145,34
204,194,36,105,232,235,249,228
191,78,171,179,131,147,177,18
18,98,192,68,255,215,41,238
46,110,62,160,181,19,128,120
40,54,136,101,149,242,147,33
90,34,63,144,208,172,18,67
73,150,127,6,24,99,154,59
26,116,58,158,97,166,113,46
64,77,4,20,90,246,11,69
129,73,33,77,73,231,169,102
37,81,138,121,140,195,183,36
72,60,152,66,254,138,206,211
192,195,181,72,50,138,117,119
122,110,206,233,106,75,233,145
66,85,104,241,37,59,232,13
218,7,123,115,56,199,88,239
90,2,247,96,140,18,216,83
73,33,156,252,138,131,239,172
127,218,238,106,91,74,104,218
196,24,224,201,126,185,72,28
148,233,117,13,105,57,141,242
166,163,103,109,182,12,23,67
114,211,187,98,235,34,62,33
166,146,90,202,187,34,245,38
83,8,6,34,39,165,134,22
163,246,4,159,20,107,249,206
204,203,210,85,132,232,10,90
157,109,124,81,14,98,142,1
124,172,38,109,110,239,93,114
100,185,124,106,46,18,28,210
65,39,112,110,215,140,234,165
177,65,253,144,46,140,106,117
54,238,81,170,9,108,105,182
57,233,159,179,70,125,79,72
107,159,210,199,196,203,90,63
193,18,139,48,83,34,162,4
4,69,92,178,244,191,30,63
244,240,203,149,245,69,214,237
240,251,44,93,81,99,119,243
22,248,104,165,48,219,186,107
13,1,14,223,130,2,200,97
174,45,56,13,105,231,38,46
189,75,160,47,82,246,25,10
251,84,152,230,28,91,193,255
18,106,218,59,134,180,145,227
6,117,252,133,96,168,65,96
107,6,223,24,73,91,237,106
205,181,126,250,78,87,176,193
177,195,19,129,219,229,66,179
30,76,72,197,96,105,89,226
52,38,143,16,101,33,59,107
41,142,112,179,181,103,32,66
7,54,73,6,11,198,21,153
10,54,82,77,223,215,149,76
224,242,158,172,83,115,49,187
11,43,179,185,140,247,60,49
233,184,223,118,131,52,194,123
80,251,103,90,190,79,65,125
100,29,172,239,75,0,23,39
36,225,186,54,117,246,223,241
24,60,16,16,109,116,216,135
255,137,49,200,214,145,253,51
178,136,141,73,120,214,22,195
26,122,238,138,227,177,170,220
206,100,156,129,67,74,56,151
184,220,132,105,172,138,235,2
8,154,188,233,71,44,247,212
23,132,45,116,117,90,253,173
253,179,54,133,143,67,14,79
65,112,56,80,228,37,189,162
60,208,39,33,166,30,111,126
43,222,187,207,40,86,84,236
143,16,59,179,72,119,80,253
34,6,60,146,66,94,71,213
251,121,192,242,87,4,142,133
23,122,139,40,98,229,188,39
183,75,241,139,57,54,34,27
62,125,64,71,192,59,163,29
150,152,180,100,86,244,115,239
59,106,238,227,216,147,213,63
111,150,3,178,28,151,61,254
89,133,78,79,49,90,22,248
10,135,242,56,178,9,7,28
168,186,191,217,252,45,150,32
77,112,163,75,5,2,158,245
186,203,32,0,126,201,30,86
194,249,223,74,62,101,113,189
2,106,11,24,89,59,70,130
31,154,66,230,216,78,114,163
27,150,139,179,133,169,51,23
143,8,82,8,59,125,4,101
91,215,164,196,11,230,247,90
30,179,40,198,110,151,85,130
150,125,242,219,7,69,252,208
144,44,72,44,76,105,48,104
182,216,49,134,166,6,159,44
184,150,216,133,97,92,134,105
245,108,214,138,108,106,30,115
159,215,197,159,121,252,76,199
47,117,199,73,136,217,187,185
11,162,110,191,155,223,154,217
12,221,24,50,249,230,40,108
85,228,5,191,29,44,70,134
227,176,154,35,36,84,129,215
99,155,66,250,97,121,255,59
40,167,220,87,207,166,83,245
61,16,24,51,230,125,233,124
170,164,29,162,232,24,24,208
255,79,2,92,5,141,30,71
23,11,5,150,120,35,136,107
181,246,129,191,249,215,122,40
167,111,84,138,32,114,207,162
218,239,99,165,196,149,223,248
145,51,99,252,21,255,250,147
96,120,48,169,126,60,49,237
27,232,13,232,61,46,37,83
183,144,156,182,111,56,185,22
180,41,36,52,94,182,144,187
34,150,1,154,233,13,149,227
45,72,10,35,149,183,94,75
234,13,154,76,182,64,97,92
230,232,153,219,40,199,10,59
143,231,60,4,199,208,139,157
2,96,73,125,159,122,71,6
97,130,65,111,79,57,121,166
127,131,240,128,252,28,213,121
15,232,57,58,198,44,123,162
240,35,192,175,234,134,131,39
189,165,213,143,160,11,103,185
95,211,118,229,11,111,230,40
1,122,67,254,59,104,137,90
7,198,173,35,217,45,129,77
255,9,227,4,116,118,133,45
29,36,201,46,80,181,75,160
195,4,252,30,197,207,227,11
124,46,245,8,236,234,205,157
176,79,6,94,80,204,144,251
95,12,244,155,102,121,134,108
87,184,6,173,132,183,224,66
63,55,1,62,79,241,151,171
168,39,70,168,200,252,158,108
180,51,67,244,27,94,147,221
193,149,226,199,142,135,5,29
113,118,164,185,162,120,238,244
208,169,152,10,7,161,235,4
118,201,230,56,119,32,123,239
154,201,159,9,51,78,81,200
30,11,58,203,190,34,98,116
68,237,63,241,118,235,53,172
87,212,176,80,247,227,27,147
45,254,123,60,207,132,53,11
231,87,133,99,71,131,80,208
134,65,248,139,51,255,107,135
60,128,150,250,136,134,46,135
45,183,168,149,7,162,231,72
106,139,222,37,28,173,144,198
54,156,99,88,69,118,173,50
201,206,74,36,165,149,33,122
186,184,132,244,178,21,245,227
165,8,52,109,134,53,212,215
41,27,215,210,36,73,244,86
207,163,222,210,218,200,101,122
12,6,220,56,105,52,196,3
214,19,214,58,75,81,108,11
75,185,78,129,203,243,144,177
57,174,230,164,18,98,181,173
3,25,251,188,136,239,172,1
226,204,15,107,176,23,231,123
7,43,118,74,196,235,46,245
88,113,56,213,243,164,46,245
160,166,32,188,90,157,103,206
1,220,175,145,64,51,244,150
11,74,76,4,70,99,57,231
101,38,68,233,141,45,152,175
187,195,214,229,176,238,149,4
73,239,114,78,188,222,185,219
6,180,249,211,219,56,87,28
149,195,51,195,225,149,167,108
46,216,198,166,85,115,41,126
76,101,163,236,138,107,208,91
12,3,0,197,200,105,146,112
128,137,66,43,14,230,125,106
127,32,54,160,139,63,208,135
107,187,148,177,68,133,245,55
215,138,15,255,48,123,35,196
142,212,74,165,255,225,217,28
220,56,112,85,48,210,178,206
39,121,165,126,147,90,165,204
147,23,171,9,24,146,159,210
255,54,218,114,225,81,133,31
47,207,94,235,63,231,216,103
207,199,90,0,163,155,22,230
227,167,109,58,145,13,45,187
168,154,13,12,193,29,251,73
123,244,10,164,26,23,3,9
22,165,146,38,230,194,239,208
4,149,131,164,202,58,115,123
142,85,175,182,127,11,200,102
116,65,128,60,225,92,31,34
159,133,43,15,32,84,223,79
27,131,128,88,110,66,84,168
157,245,74,133,73,85,75,31
178,252,194,15,185,97,48,104
96,13,97,108,29,201,177,107
5,144,187,190,116,69,194,212
6,156,56,28,228,235,56,211
60,77,223,109,218,255,148,216
108,201,178,245,109,223,2,51
183,217,125,205,47,11,191,113
228,47,137,204,14,198,174,37
248,173,217,3,68,244,204,243
206,216,37,179,54,112,20,106
20,210,221,239,234,129,14,173
6,134,240,9,147,122,212,106
3,200,226,25,101,30,50,211
133,232,1,122,108,192,254,25
169,126,141,61,48,184,41,88
189,109,140,194,166,120,152,91
51,63,43,244,229,71,181,11
173,212,119,57,176,33,204,186
240,90,243,140,75,218,156,61
199,113,94,214,187,158,70,233
127,171,207,248,248,98,106,209
178,237,125,28,41,150,31,153
65,39,58,232,145,131,98,109
79,35,187,71,86,3,105,51
24,175,64,212,135,147,52,9
84,131,71,216,70,136,109,97
100,92,19,207,116,88,89,138
175,58,221,5,161,49,101,201
171,146,67,79,49,200,107,175
147,221,185,246,58,2,247,123
47,169,172,26,111,148,235,66
152,97,14,188,161,32,235,199
35,19,21,209,105,5,241,60
177,43,97,136,134,82,116,95
240,74,117,167,141,184,184,17
53,162,144,142,239,187,1,248
107,235,250,51,177,51,160,73
242,201,35,80,137,96,160,79
123,202,26,108,114,211,25,83
63,161,207,43,250,38,18,150
13,238,139,189,220,159,91,235
83,8,117,32,82,252,83,123
52,224,107,128,153,44,77,51
191,125,151,143,174,145,173,86
9,200,11,150,3,77,38,183
153,204,43,128,93,252,220,195
245,182,86,132,46,192,11,42
34,38,101,224,198,182,211,51
222,38,37,61,248,113,38,29
166,50,220,148,215,61,19,22
226,45,236,31,150,150,114,181
68,71,229,22,212,140,61,236
49,74,233,112,90,146,163,79
212,107,242,251,91,237,48,97
27,101,121,198,34,184,47,206
170,227,98,48,113,85,166,165
64,102,70,49,209,43,224,13
3,137,154,150,46,223,249,76
177,91,229,228,120,219,69,13
55,141,104,176,95,211,164,147
231,152,124,150,171,230,64,2
168,96,202,47,117,0,63,13
61,138,58,79,240,219,197,110
8,142,229,15,183,160,222,168
169,16,59,66,140,213,31,238
11,139,135,116,5,222,246,244
138,3,199,57,157,119,130,166
191,120,230,137,244,98,35,6
51,95,208,207,51,175,28,231
64,5,190,79,79,207,217,191
161,144,111,127,75,221,105,144
39,251,64,49,70,77,66,55
96,7,94,110,90,49,125,83
141,109,113,169,211,91,146,174
180,80,11,89,96,11,240,153
54,95,193,72,214,111,2,22
109,127,130,110,151,207,234,228
23,91,127,208,232,175,135,109
91,231,224,106,210,23,56,143
25,36,55,11,156,242,74,58
84,193,133,5,196,61,76,193
139,224,21,101,153,9,210,116
238,42,97,127,121,123,222,44
179,77,114,35,234,149,90,131
199,156,202,22,176,178,163,33
30,207,149,107,209,36,218,159
225,119,44,144,175,75,235,202
35,67,166,249,8,252,30,94
132,101,154,220,125,114,212,193
2,77,110,221,153,140,226,17
196,114,71,183,16,199,165,192
80,223,77,49,53,202,144,16
209,24,95,163,251,207,190,163
174,59,222,128,138,49,44,88
1,122,101,7,255,132,18,30
10,56,63,106,227,160,92,217
122,181,23,197,253,5,2,137
124,160,239,67,129,171,158,163
104,142,60,200,92,8,184,183
22,54,1,135,103,205,114,18
243,69,51,167,55,218,159,12
69,30,223,1,222,154,8,153
117,176,132,14,221,180,1,174
246,252,56,128,191,84,73,242
238,226,127,228,20,237,175,27
208,217,228,169,165,115,166,201
236,169,181,74,209,74,160,190
87,246,152,8,169,248,89,47
35,192,221,173,55,212,26,22
152,183,168,183,62,82,166,225
226,197,22,166,251,23,190,48
123,234,153,50,182,137,19,226
57,237,104,28,200,60,100,199
68,233,130,99,89,134,249,69
200,213,229,203,100,130,39,67
102,211,204,76,46,166,31,173
206,106,231,255,30,229,156,0
107,69,129,232,54,117,136,15
154,52,166,178,161,207,249,21
73,180,74,38,148,202,11,234
241,123,208,69,211,93,31,126
213,250,73,62,211,48,199,134
129,253,177,67,109,247,237,108
171,112,78,153,130,11,249,181
243,61,106,70,28,66,186,200
55,191,214,64,249,187,171,225
47,46,149,89,145,232,16,123
214,220,156,134,153,121,206,86
137,13,228,10,241,176,23,11
140,119,3,222,101,204,127,171
75,54,106,232,192,233,61,67
144,104,72,108,236,111,216,149
112,175,234,251,145,54,97,64
162,14,224,66,41,97,60,81
190,133,31,135,164,58,114,88
169,233,40,166,193,83,149,236
203,10,132,150,138,86,147,221
67,195,59,125,85,27,126,198
103,171,221,24,48,168,44,166
92,175,206,20,34,243,227,4
183,211,99,57,107,133,217,240
60,235,160,208,178,167,224,187
62,251,212,58,49,206,98,141
237,251,138,41,254,203,181,158
18,234,80,254,13,225,135,130
161,81,85,174,153,147,58,231
175,126,166,95,249,55,23,122
131,254,61,19,220,134,111,232
228,211,209,17,73,83,236,206
187,128,209,186,235,33,123,250
216,202,120,142,112,99,204,218
233,53,159,163,80,83,110,34
79,245,36,148,42,220,255,164
91,30,95,118,52,29,58,100
126,13,109,6,2,177,12,237
84,167,204,196,134,218,47,248
117,46,71,117,184,133,227,156
12,132,6,133,13,38,44,65
118,145,143,168,73,127,235,67
72,196,44,235,110,78,241,93
50,61,39,62,224,117,4,220
94,193,141,123,74,17,150,61
22,123,64,84,15,219,235,42
233,144,190,198,238,154,255,255
232,34,154,115,81,35,85,20
9,227,83,11,103,134,242,203
8,250,189,58,224,122,234,187
194,174,247,35,169,197,59,103
139,39,54,208,7,32,210,164
177,8,23,101,184,126,230,40
27,109,210,117,238,205,170,215
114,172,250,206,181,197,162,1
29,42,4,79,136,17,160,178
239,150,73,229,236,35,30,14
145,149,106,233,188,235,240,167
200,109,213,126,150,60,59,142
186,158,191,166,85,136,17,36
233,151,200,204,197,192,15,206
41,219,214,253,151,61,242,245
135,124,124,147,15,189,210,165
111,212,40,132,246,155,217,120
83,51,218,118,43,46,196,189
11,227,139,165,210,129,141,254
235,178,198,34,118,136,149,33
186,141,185,254,209,150,14,16
85,151,107,19,226,107,120,104
28,92,52,39,232,60,58,159
94,144,120,123,174,12,245,42
236,133,43,223,219,1,167,141
106,47,4,187,139,224,157,230
108,142,87,232,125,180,252,94
221,226,152,195,37,237,77,157
225,202,126,200,165,52,186,157
54,136,148,222,6,205,14,7
15,87,146,102,89,36,134,83
13,217,73,135,82,7,37,11
44,253,172,236,90,228,189,216
31,50,180,139,249,221,20,73
166,63,49,67,192,40,117,0
43,74,172,54,14,153,193,224
68,154,79,232,195,136,174,112
219,116,218,95,161,60,170,120
39,118,97,223,70,229,70,211
55,235,33,184,24,226,14,131
44,158,204,129,185,57,7,57
12,201,124,61,19,141,143,244
147,228,63,34,133,173,74,143
0,3,118,52,254,151,71,229
81,134,47,172,106,194,98,20
92,110,133,234,14,249,4,57
165,123,54,108,214,14,222,123
24,239,31,3,177,193,209,141
107,101,78,31,159,73,179,255
55,255,43,33,152,135,220,252
173,238,219,160,196,205,25,191
37,106,133,129,228,170,50,99
241,2,38,52,74,119,154,213
219,201,246,145,106,153,166,97
239,92,98,207,197,151,5,155
223,98,198,241,197,92,227,136
17,71,40,84,228,66,223,17
198,47,148,79,49,107,171,130
242,138,7,98,101,218,137,19
243,191,126,136,47,184,215,32
174,163,39,37,50,145,183,58
0,49,252,60,90,180,189,233
131,219,59,188,28,95,227,180
57,225,244,96,138,203,74,70
221,83,172,51,192,6,25,40
51,118,124,245,157,77,142,73
51,137,120,187,197,142,84,13
24,15,207,31,147,161,83,28
113,59,65,101,142,214,91,205
70,244,60,165,251,249,108,92
99,126,20,114,60,252,184,20
124,57,46,100,192,116,154,205
32,221,214,242,130,68,151,207
38,179,1,179,53,246,68,143
8,60,249,107,52,212,133,177
176,160,17,133,60,167,212,91
103,96,154,106,155,75,16,5
216,231,148,247,45,57,138,14
46,63,34,247,217,61,121,46
131,176,203,231,201,116,207,28
30,5,85,79,208,195,128,157
122,161,205,17,236,54,79,140
179,32,70,144,199,162,216,104
135,11,55,77,20,73,140,57
166,147,155,207,199,134,92,60
192,39,132,31,109,11,173,203
218,212,132,88,187,181,12,103
66,255,211,8,150,243,11,240
162,40,147,179,105,74,91,212
115,52,77,26,237,117,229,175
0,181,171,35,73,32,33,170
122,234,77,213,12,62,76,76
223,215,181,249,117,238,100,83
74,32,109,99,143,147,249,11
2,81,150,170,158,23,94,155
221,254,151,217,240,66,155,95
142,202,39,181,106,185,149,17
119,242,194,84,118,227,0,197
24,80,128,172,228,248,121,55
220,160,18,243,120,226,236,227
150,86,87,227,29,220,201,160
58,165,226,249,10,77,139,90
127,175,193,158,52,28,206,118
0,226,214,216,161,99,82,233
255,199,132,241,22,110,191,50
66,109,118,140,73,152,216,75
5,163,14,213,83,96,1,109
68,253,243,174,73,161,11,245
88,58,79,14,7,79,129,91
102,12,229,54,112,216,174,168
44,102,227,227,127,211,88,38
130,95,67,163,228,199,222,3
243,44,213,204,79,106,127,1
167,152,100,225,105,158,90,200
4,66,21,4,64,18,77,236
105,52,179,190,92,44,32,154
229,179,207,53,231,163,240,47
180,128,40,143,237,144,249,239
255,178,6,172,52,96,41,170
116,127,211,7,42,255,201,134
167,112,189,120,187,99,89,108
221,60,190,192,52,129,49,128
96,179,207,113,157,93,70,13
67,198,69,189,55,200,63,69
116,30,165,243,224,5,127,143
6,34,60,11,85,194,31,237
151,235,47,51,130,30,16,241
155,39,103,124,109,9,187,171
146,42,28,226,125,23,32,92
128,144,88,225,127,152,209,15
155,23,206,206,70,126,182,54
244,138,48,169,201,189,163,121
18,96,97,159,196,175,39,186
114,152,140,187,204,55,30,210
62,237,249,52,43,173,154,80
224,14,33,36,171,144,164,117
30,49,137,255,222,227,31,135
252,50,215,1,194,123,208,55
121,22,175,61,202,102,41,146
14,181,64,216,141,28,141,45
34,244,195,46,111,81,150,117
211,170,179,110,235,176,43,55
38,217,91,23,238,34,85,125
211,149,165,83,144,133,210,36
144,166,198,147,172,173,209,63
230,252,241,27,75,210,145,40
68,169,240,63,172,250,208,48
247,94,83,176,12,11,17,82
132,76,33,203,38,170,179,132
16,151,102,162,2,201,221,141
7,121,0,199,98,119,100,229
106,25,183,138,205,54,149,181
97,128,137,230,229,77,27,208
161,52,86,48,207,47,116,151
159,147,199,76,213,246,170,117
208,73,19,175,206,7,213,178
159,19,177,44,63,22,109,229
51,224,90,174,58,254,208,135
101,23,193,53,232,172,62,101
33,19,183,8,219,157,104,7
90,41,221,220,194,117,136,230
68,222,8,37,134,251,77,47
179,29,81,25,61,87,206,55
223,167,128,185,104,151,197,60
78,69,157,46,56,218,28,25
20,170,90,188,144,174,135,206
165,147,18,228,218,82,231,253
163,246,152,0,112,218,135,87
51,130,138,73,188,192,11,161
198,117,50,68,63,121,141,116
168,239,178,153,63,31,3,20
200,92,81,72,184,210,216,38
35,137,181,117,250,151,229,29
78,213,172,26,85,146,211,115
63,52,203,89,213,125,52,31
171,64,137,233,199,20,212,229
113,223,87,44,234,149,152,212
125,97,40,96,104,233,7,155
81,9,62,63,176,131,36,39
216,30,255,242,63,58,107,53
51,230,13,151,1,137,230,73
19,41,14,78,49,44,114,102
1,240,199,241,97,145,127,46
181,47,20,93,145,224,245,133
37,40,178,220,97,77,238,127
205,28,239,99,192,65,7,241
58,22,80,83,101,6,255,65
101,108,172,22,215,232,252,180
28,98,63,105,111,14,77,216
200,225,226,132,73,57,28,206
109,34,116,0,9,174,186,12
173,63,254,56,129,169,224,238
229,228,147,95,79,14,186,176
4,68,172,130,240,176,169,117
131,27,49,52,156,209,253,215
117,18,109,250,135,198,19,87
91,36,198,239,245,166,194,177
185,223,196,237,231,63,129,235
15,52,16,146,46,186,61,0
99,42,137,143,125,199,245,226
40,103,246,193,254,140,21,6
84,194,36,108,32,142,158,234
25,126,222,17,86,249,164,107
235,162,170,162,195,105,231,40
38,118,8,50,60,119,23,247
164,253,1,12,131,97,87,222
179,131,184,70,74,87,166,137
249,248,45,241,150,244,172,32
228,58,17,24,20,163,206,87
135,46,100,70,32,240,41,48
111,13,99,109,118,19,170,87
162,211,139,166,18,176,236,166
203,202,246,50,10,228,105,179
34,28,69,182,154,224,238,245
30,235,229,216,113,237,179,106
27,196,172,240,17,124,116,206
178,238,191,133,89,226,23,213
143,16,145,79,71,125,200,37
22,130,116,196,240,42,224,190
185,189,213,206,11,181,207,230
187,27,73,134,100,162,10,8
240,141,44,109,101,29,163,171
121,146,35,211,229,241,14,181
54,70,244,147,214,98,239,119
62,126,161,9,224,12,9,116
169,91,248,205,89,110,108,253
229,255,43,244,86,129,181,161
198,103,171,24,191,240,188,32
94,231,0,179,9,100,95,216
118,238,105,233,229,163,69,46
205,73,248,96,88,154,169,209
215,176,211,121,66,124,31,193
65,141,16,165,176,146,19,127
26,165,72,129,129,224,57,25
49,21,223,1,72,142,143,137
76,123,219,84,32,130,159,86
39,170,96,251,60,218,11,135
11,56,117,104,16,38,159,86
143,203,116,148,5,91,166,85
92,117,206,146,131,213,210,235
80,84,249,146,248,102,236,3
31,77,243,169,4,213,27,230
85,62,80,114,101,144,227,128
152,21,153,153,206,185,78,6
17,68,22,88,91,201,134,103
5,196,201,22,147,158,241,121
87,218,120,9,192,85,46,91
97,28,220,180,53,45,82,129
71,45,89,13,112,101,128,100
188,177,187,29,55,62,60,116
199,99,133,199,183,31,60,13
111,28,175,154,100,45,229,89
77,47,46,15,169,224,84,84
73,116,176,129,157,64,121,88
155,111,100,129,10,139,24,71
92,86,98,177,245,107,105,163
6,18,174,243,97,93,138,48
