f1 , f2 , f3 , f4
0,15,82,155
56,231,181,42
35,200,28,250
210,49,25,4
36,199,27,252
234,186,254,213
211,51,24,5
198,83,186,209
134,86,115,21
35,198,28,252
198,83,185,211
133,16,59,85
233,66,98,86
23,77,96,79
233,68,96,85
233,66,98,84
235,186,255,212
110,19,64,73
198,83,185,211
199,223,153,134
168,69,69,166
95,8,215,159
147,24,45,206
93,6,215,158
200,181,1,59
36,199,28,252
231,67,96,84
236,188,254,214
149,81,64,130
93,6,217,158
151,80,64,131
160,206,25,226
241,25,132,87
93,7,217,159
37,199,27,250
200,82,186,209
148,25,45,205
149,81,63,129
234,186,255,212
199,83,187,211
224,96,108,188
200,83,186,210
150,80,63,131
199,83,187,210
201,183,2,59
203,202,117,44
210,51,25,5
150,82,64,130
199,83,185,210
234,187,255,214
200,82,187,210
203,200,117,43
204,201,116,44
11,87,248,179
166,121,155,50
192,227,104,111
167,30,46,17
149,82,63,131
199,83,187,210
149,80,63,129
236,187,255,213
205,201,116,44
211,49,25,5
247,132,152,52
235,188,255,212
85,130,229,25
95,6,216,160
234,186,255,212
24,196,11,249
211,50,25,5
53,110,35,183
208,0,29,54
210,51,26,3
201,83,233,86
232,66,96,85
209,50,26,5
201,182,2,59
150,80,65,129
201,183,3,60
232,67,96,84
35,198,29,252
94,8,215,159
234,187,254,213
93,8,217,160
210,49,25,4
235,188,255,214
45,84,22,48
202,183,3,59
76,116,55,182
241,0,158,11
201,183,1,61
234,188,255,212
85,227,161,237
199,84,186,209
132,239,181,111
208,242,64,10
204,202,117,42
147,25,47,204
234,186,254,212
150,82,65,131
129,98,195,219
171,126,21,178
36,200,29,251
244,222,90,73
35,200,29,252
35,198,27,250
209,50,24,4
159,56,21,197
147,25,47,205
235,186,255,213
231,67,97,84
198,82,187,209
151,81,64,130
201,181,1,59
210,50,25,5
151,80,65,131
149,24,45,205
208,57,198,174
200,83,187,211
209,49,24,4
70,126,136,13
150,82,65,130
36,200,29,250
150,82,63,131
198,10,245,63
101,29,89,215
147,23,47,205
94,7,215,160
200,84,187,210
236,186,255,213
50,218,234,17
200,183,2,61
233,66,96,85
189,160,189,168
151,81,64,129
201,183,3,60
204,202,115,42
82,114,125,78
204,201,116,44
231,66,97,84
147,23,45,204
122,208,30,125
230,165,247,214
223,135,19,139
231,67,96,85
211,50,25,4
37,200,28,252
115,81,180,189
35,199,28,252
203,202,117,43
234,187,255,212
205,201,117,42
211,50,26,3
165,89,87,241
201,181,2,60
200,183,2,60
72,27,79,188
45,17,185,250
198,82,185,211
232,67,98,85
150,82,63,130
161,80,37,133
17,245,141,43
198,84,185,210
205,201,116,44
210,50,24,5
209,50,25,5
231,68,96,86
210,51,25,3
35,199,28,250
200,84,186,211
201,182,1,60
10,100,121,88
211,50,25,3
201,182,2,60
100,31,33,166
149,81,63,129
211,51,25,4
232,66,97,84
8,237,15,221
156,218,73,196
37,199,27,250
211,51,26,3
36,199,27,250
205,202,116,43
149,82,64,131
199,84,186,209
235,186,255,214
211,49,26,3
94,7,216,160
179,238,244,56
94,8,217,158
122,161,29,229
116,20,8,35
200,182,1,59
60,74,168,61
149,23,46,205
127,181,129,160
200,181,2,59
201,182,1,61
149,82,65,129
147,23,47,205
209,50,26,3
152,246,206,76
210,51,24,5
76,164,238,29
200,182,1,60
210,49,24,4
148,23,45,205
232,68,96,84
149,24,45,206
139,101,147,221
210,50,26,3
36,198,27,251
94,8,216,160
41,70,217,253
235,188,255,212
14,65,58,84
149,82,64,130
75,53,246,163
235,224,48,19
151,80,64,130
173,24,109,236
36,198,28,250
133,204,12,241
176,72,21,23
210,50,25,4
205,200,115,42
153,194,189,82
209,51,24,5
211,49,26,5
205,201,116,43
95,7,215,158
201,183,2,61
141,211,46,22
149,23,46,204
37,199,27,250
150,81,63,129
211,50,26,4
55,47,23,209
199,84,187,210
235,187,255,213
37,198,27,250
200,84,186,211
210,50,24,3
147,25,47,204
95,8,215,158
168,138,154,121
62,30,111,132
36,200,28,251
235,187,255,214
151,81,63,131
209,49,26,5
198,84,185,211
26,150,11,48
7,108,144,135
148,23,45,205
37,198,27,251
234,126,75,172
71,40,210,95
151,81,64,129
203,200,115,43
2,1,199,8
37,198,29,250
50,232,218,250
233,67,97,86
151,81,64,130
94,7,215,160
209,51,26,3
93,8,217,160
147,242,157,166
95,7,216,160
78,40,117,209
209,50,24,3
203,200,117,42
148,24,47,204
157,211,173,177
236,188,255,212
235,188,255,213
230,71,194,40
205,200,117,44
149,81,63,129
149,23,46,204
132,23,51,155
94,8,217,159
235,187,255,213
235,187,254,212
60,236,31,52
236,188,255,213
36,198,27,251
209,51,24,3
200,182,3,61
236,188,255,212
175,178,41,33
227,162,75,90
236,187,255,214
203,201,117,44
201,182,3,59
203,201,115,43
203,200,115,42
211,50,25,4
175,136,143,253
204,201,115,44
89,45,77,109
149,82,64,129
150,80,64,130
150,82,63,131
232,67,96,85
233,66,97,84
196,11,209,238
150,80,63,131
200,84,187,210
147,24,47,206
250,96,91,80
142,150,126,94
235,188,255,213
148,23,46,204
217,29,229,112
210,49,24,4
94,6,216,160
93,7,217,160
151,80,64,131
147,23,46,206
183,193,59,212
233,67,96,84
200,183,1,61
141,241,185,11
247,254,169,134
42,90,32,45
150,80,65,131
209,50,26,5
149,24,46,204
149,81,63,130
149,81,64,129
176,216,228,41
102,95,3,227
38,249,60,113
200,82,186,210
235,186,254,213
236,188,255,212
149,81,64,130
115,205,56,221
131,238,22,222
95,6,215,160
204,200,115,44
201,183,3,61
105,144,148,82
209,49,25,5
234,187,254,214
201,183,2,60
174,31,237,103
202,182,1,61
211,51,24,5
235,186,255,214
9,54,225,79
231,67,97,84
200,183,2,59
78,42,221,122
131,246,196,169
209,51,24,5
203,201,116,42
211,49,25,5
55,142,41,80
149,25,47,204
201,183,1,61
172,68,33,132
200,181,2,60
200,83,186,210
37,199,29,252
147,99,94,156
150,82,65,130
199,84,187,209
255,233,49,157
210,51,26,3
200,181,2,59
236,188,255,212
37,200,28,250
148,23,45,204
248,236,197,81
151,81,64,130
124,101,50,21
152,181,190,96
147,23,47,204
36,200,27,250
139,30,45,8
203,202,116,42
209,49,26,5
202,182,3,59
205,200,117,43
149,25,45,206
202,182,2,60
209,49,25,4
209,49,24,3
149,25,46,206
200,181,2,60
235,187,254,212
181,24,107,22
133,134,38,26
235,186,254,213
236,186,255,212
210,49,24,4
37,200,28,250
202,183,2,60
150,80,64,130
58,13,74,160
94,8,215,159
37,198,29,251
188,181,142,49
113,29,163,63
149,23,46,204
183,105,57,147
232,67,96,86
201,181,1,59
249,215,106,47
249,54,93,143
210,51,26,3
139,145,228,249
205,201,115,42
232,68,98,86
231,66,96,86
150,80,65,131
224,61,203,156
203,200,117,44
199,84,187,210
234,186,255,214
211,50,24,5
233,68,96,86
19,53,141,224
234,186,255,213
37,200,28,250
11,50,65,21
234,188,255,212
231,67,97,85
37,198,29,252
203,201,116,42
133,15,58,101
246,47,243,80
210,49,24,4
249,4,251,75
149,82,65,130
37,198,27,252
7,204,137,164
235,187,254,214
95,8,217,159
151,80,64,129
219,174,74,109
149,81,65,130
203,200,116,43
205,202,116,43
211,50,26,5
199,82,185,209
232,67,96,86
148,25,46,205
199,83,187,211
232,67,98,85
179,240,141,23
150,82,63,131
204,200,115,42
35,200,29,251
204,201,117,44
203,201,117,44
200,84,185,210
144,73,49,144
209,49,26,5
35,198,28,251
147,25,47,206
203,247,55,241
205,200,115,42
232,66,96,86
247,75,123,107
102,110,70,212
2,91,46,66
36,200,29,250
157,33,192,144
232,66,97,86
205,201,115,42
95,7,217,158
149,23,47,204
17,186,100,150
200,192,60,108
36,198,28,251
236,188,255,212
37,198,29,250
205,202,116,42
205,202,117,43
232,66,96,85
198,157,197,251
35,200,29,251
93,8,215,158
231,68,97,85
203,201,116,42
198,25,23,232
236,188,255,213
127,101,189,107
95,6,217,158
198,82,186,209
211,50,24,3
95,6,215,160
40,244,240,208
199,84,186,209
235,187,255,212
210,51,25,5
56,236,107,1
201,183,1,60
199,83,187,210
149,80,64,131
54,194,146,255
235,11,199,252
85,93,144,41
149,24,45,206
149,23,47,206
35,199,28,251
163,213,116,225
94,8,217,159
151,80,65,131
198,83,187,211
234,186,255,214
94,8,215,158
110,236,40,213
203,202,117,42
13,189,185,94
200,183,1,59
202,181,2,59
147,23,47,205
198,84,187,209
204,201,115,44
35,199,28,252
205,201,117,44
150,81,65,131
203,200,117,43
200,83,187,211
209,51,25,5
201,181,3,60
36,200,28,250
211,50,25,4
94,8,217,158
93,8,217,158
36,200,27,251
95,6,217,158
209,49,25,5
95,7,216,160
205,201,117,44
148,24,46,206
118,195,4,161
232,67,97,85
141,178,76,102
234,187,255,214
80,170,3,101
220,175,63,114
199,82,187,209
217,197,255,216
235,187,254,214
102,189,151,74
93,7,216,160
151,80,63,129
201,182,2,61
232,68,96,85
120,98,15,196
209,51,26,5
150,82,63,131
149,82,64,131
235,187,255,213
232,66,98,86
36,198,27,250
37,200,27,252
211,51,26,3
36,51,228,145
148,23,46,206
211,50,24,3
149,81,64,131
151,82,65,129
174,152,221,70
199,84,186,209
106,137,164,168
235,187,255,214
178,37,49,236
211,49,24,5
236,222,105,102
95,7,216,159
84,53,239,189
218,39,0,46
232,68,97,85
95,7,216,160
205,200,116,42
149,25,47,206
236,188,255,214
201,182,3,60
205,201,117,42
93,6,216,158
149,24,47,206
95,6,217,158
124,202,242,222
35,198,27,252
209,51,26,5
204,202,117,43
148,25,45,206
200,183,1,61
127,224,218,149
38,135,31,135
211,49,25,5
69,3,183,176
232,68,98,86
149,24,45,205
200,183,2,59
149,80,63,129
233,68,97,84
26,67,163,183
233,68,96,85
148,25,46,205
37,185,236,243
149,81,65,130
202,4,131,97
34,107,73,249
35,50,230,10
233,67,97,84
243,223,133,208
235,188,255,214
211,222,240,254
203,200,117,44
151,80,65,130
151,82,64,131
93,6,215,160
204,202,117,42
35,198,28,252
151,80,63,129
203,202,115,42
95,8,215,159
150,82,65,131
198,57,194,131
212,205,254,78
150,82,63,130
200,183,3,61
83,180,149,217
202,182,1,61
147,25,46,205
26,72,91,58
137,168,88,89
201,182,2,61
95,8,215,158
149,23,46,206
92,212,134,132
93,8,217,158
234,187,255,213
236,187,255,213
235,188,255,212
73,253,73,11
198,83,187,210
197,32,102,44
209,51,26,4
95,8,216,160
36,199,27,251
149,80,64,130
154,131,112,30
91,50,212,191
149,80,65,130
200,182,2,61
35,200,29,250
25,208,22,48
211,50,26,5
35,200,27,251
150,81,63,129
202,182,1,59
135,189,52,245
233,66,97,84
148,206,61,245
95,7,215,158
236,188,255,213
203,202,117,42
147,24,47,204
209,49,24,3
203,201,116,42
205,202,117,42
234,186,255,212
149,24,46,206
244,98,81,177
232,67,96,84
234,187,254,213
57,148,202,33
172,45,141,205
235,190,216,76
119,166,241,36
200,82,185,210
45,207,125,127
198,83,185,209
203,202,117,42
151,81,65,131
37,200,28,250
204,200,116,44
202,182,1,59
201,183,3,61
37,199,28,251
234,186,254,212
204,201,117,43
149,24,45,206
149,81,65,129
236,187,254,212
199,82,185,209
202,182,3,59
149,136,116,101
232,68,97,84
148,24,45,205
233,68,97,84
198,142,145,16
94,7,216,160
37,198,27,251
95,8,217,160
233,66,97,85
201,181,2,60
95,6,216,160
203,200,117,43
205,200,117,43
148,95,73,221
115,107,16,13
150,81,63,129
205,200,115,42
60,70,160,240
205,35,29,195
131,174,113,65
200,84,187,210
202,182,2,61
151,81,63,129
211,50,25,5
232,66,96,86
173,100,99,126
201,183,2,60
205,202,115,43
148,23,46,206
92,148,190,78
139,73,13,199
232,66,96,86
205,200,117,44
148,23,46,204
95,8,215,159
232,67,96,84
254,74,68,46
126,86,69,13
135,255,221,49
233,83,66,63
51,8,139,63
232,67,97,84
148,24,45,204
150,80,64,129
94,6,216,159
137,201,55,245
86,31,179,171
231,67,96,85
217,18,93,208
203,202,116,44
124,119,200,59
118,54,201,149
209,43,122,80
210,50,24,5
149,24,47,205
234,187,255,213
20,240,213,85
148,25,46,206
235,186,255,212
231,66,98,85
231,66,96,86
151,80,65,130
95,8,216,159
201,182,1,61
64,118,68,99
236,187,255,212
157,48,113,110
134,203,160,79
204,200,116,44
199,83,185,209
37,199,28,252
235,188,255,212
223,180,153,125
209,49,24,4
235,131,215,42
236,188,254,214
198,84,187,210
200,84,186,210
149,25,47,205
151,80,64,131
175,215,75,173
231,68,98,84
227,38,16,152
236,186,255,212
36,198,27,251
235,187,255,212
212,91,166,62
232,67,96,85
200,83,185,210
206,189,48,142
149,24,46,204
62,96,48,26
199,83,187,209
205,202,117,42
26,117,132,147
201,183,1,60
233,68,96,84
203,201,117,42
37,200,29,251
233,66,98,84
157,143,208,221
94,6,217,158
149,80,65,131
95,6,216,158
149,82,64,130
149,81,65,130
171,3,104,216
154,152,74,41
37,199,29,251
35,199,29,251
149,81,64,131
150,81,64,130
236,187,255,214
210,49,24,3
193,172,11,141
200,83,186,211
95,8,217,158
209,51,26,3
236,187,254,214
204,201,115,42
200,83,186,210
178,126,187,169
81,20,182,151
61,161,108,250
148,25,46,204
67,46,170,246
6,193,37,235
201,183,1,60
191,122,133,152
231,68,97,85
13,212,218,51
15,171,155,202
231,68,97,84
147,24,45,205
234,187,255,213
73,111,96,54
93,8,217,159
202,183,1,60
211,50,25,4
236,188,255,213
204,201,116,43
200,183,2,61
200,183,3,61
150,82,63,131
235,186,255,214
87,0,232,216
151,82,65,129
205,202,116,42
233,66,98,86
149,80,65,131
149,81,63,130
71,102,57,147
231,66,96,86
205,200,117,44
213,86,155,224
199,84,185,211
128,243,183,211
149,81,63,129
149,23,45,204
124,152,176,240
86,223,143,201
150,82,65,130
199,83,187,210
74,171,114,76
204,200,116,42
150,82,63,129
204,200,116,44
235,188,255,213
95,7,215,160
233,67,98,85
246,136,56,227
200,84,187,209
94,7,216,160
236,187,255,213
200,82,185,210
200,181,1,59
200,182,2,59
165,102,126,17
94,6,215,160
93,7,216,159
232,68,97,85
203,201,117,44
111,31,76,175
151,80,64,131
37,199,27,250
52,170,108,15
46,139,124,174
147,25,46,204
211,49,25,5
236,187,255,212
149,23,47,204
115,34,35,174
236,188,255,214
200,181,2,61
37,199,27,251
149,23,45,205
151,80,64,129
148,23,45,206
2,238,31,49
87,187,54,161
234,187,254,213
150,81,64,130
210,51,26,4
211,49,25,5
235,188,255,212
112,4,20,220
150,82,63,129
65,43,58,252
149,24,46,205
50,145,234,203
247,167,224,46
149,25,45,206
174,17,24,193
232,66,96,85
94,7,217,159
37,198,28,251
55,202,203,60
184,119,90,173
209,51,26,3
211,49,24,4
174,94,166,240
235,186,255,212
149,80,63,129
36,200,29,250
234,187,255,213
178,71,162,136
165,50,139,62
231,66,97,85
204,201,117,44
172,81,214,254
236,188,254,213
123,136,110,65
203,200,115,42
202,181,1,59
203,200,116,43
75,165,231,234
111,250,250,144
201,182,1,61
150,81,65,131
149,25,46,204
95,7,215,158
199,84,187,211
149,82,63,129
33,84,122,121
204,240,71,170
198,84,187,211
224,88,53,250
67,113,84,208
37,198,27,251
235,187,255,214
162,238,125,89
149,81,63,131
231,68,96,86
93,7,217,160
233,66,96,85
211,51,24,5
210,49,25,5
200,82,186,211
93,8,215,158
147,23,46,204
205,201,116,44
38,172,212,6
93,7,217,158
37,200,27,250
235,186,255,214
210,50,25,5
200,182,2,60
35,198,29,250
236,187,254,214
36,200,29,252
74,235,245,218
235,186,255,213
235,187,255,214
199,82,186,211
200,84,187,210
210,50,26,5
35,199,28,250
211,50,24,5
5,166,107,21
95,7,216,159
37,199,28,250
173,167,112,95
203,200,116,44
149,23,45,205
37,198,27,252
36,200,28,250
71,0,25,31
119,73,116,12
148,24,46,205
211,49,24,5
233,66,96,85
36,198,29,250
94,7,217,160
204,202,117,43
148,25,45,205
226,74,164,169
161,209,96,46
205,202,117,44
149,80,64,131
234,188,255,214
203,202,117,43
200,83,186,211
209,51,26,3
200,183,3,59
236,187,255,212
35,198,29,252
201,182,2,60
199,83,186,209
248,226,213,198
235,187,254,212
201,182,2,59
205,201,116,43
37,200,29,250
108,97,38,243
227,121,172,114
44,98,55,18
202,182,1,59
202,182,1,59
24,102,153,231
219,65,251,240
94,6,216,158
70,133,39,222
200,181,1,59
93,8,217,159
201,182,1,61
198,83,185,210
210,51,25,3
36,199,27,250
75,166,67,222
165,67,75,165
203,202,116,42
37,198,29,252
37,199,27,252
93,6,216,160
148,25,47,205
211,49,24,3
201,181,3,60
151,82,65,131
198,83,185,210
211,49,24,4
201,181,2,60
203,200,115,43
37,198,29,251
210,50,26,5
151,81,125,35
67,25,109,194
247,28,174,145
133,91,116,223
35,198,28,251
36,199,28,252
147,24,45,204
223,90,109,39
35,199,27,250
41,27,33,37
150,82,63,130
147,23,47,205
209,49,26,3
210,50,24,3
148,24,46,204
148,25,47,206
248,67,147,35
243,153,215,117
94,6,215,158
93,7,217,159
201,183,3,59
151,82,63,130
95,7,217,159
199,82,187,211
147,23,47,204
119,162,43,180
94,7,217,158
102,241,15,175
151,81,65,129
203,201,117,43
200,82,186,211
143,1,75,38
162,166,190,175
206,77,52,195
200,182,3,59
198,83,187,209
44,18,215,176
211,51,24,3
149,24,46,204
200,83,186,210
94,8,217,158
36,200,27,250
36,198,29,250
36,200,28,251
94,7,217,159
211,49,26,5
35,200,29,252
36,199,29,251
95,8,215,159
149,25,46,206
251,239,131,141
205,200,115,42
202,182,2,61
123,147,120,107
211,50,24,4
166,9,207,65
126,227,231,119
233,68,96,84
56,108,225,187
198,82,187,210
201,183,1,61
221,171,171,50
232,67,96,86
234,108,105,231
202,182,1,61
201,181,2,60
149,24,47,205
149,25,46,204
199,82,187,209
236,187,255,213
210,51,24,5
233,66,97,85
149,81,65,129
80,158,23,146
231,67,96,85
200,183,2,61
235,186,254,214
210,49,24,5
148,24,47,206
229,94,183,168
231,66,96,85
151,82,63,131
150,82,64,130
242,179,253,160
35,198,29,252
150,82,63,131
244,169,145,232
35,200,29,250
205,202,117,43
151,80,65,129
236,187,255,214
93,8,215,159
150,81,64,130
236,186,255,213
209,49,25,5
116,88,147,23
151,82,65,129
236,187,255,213
75,209,148,86
58,21,247,226
83,30,19,5
151,82,64,131
73,97,63,109
175,150,85,188
211,49,24,3
232,66,97,85
93,6,217,159
149,82,63,130
149,80,65,129
203,202,116,43
47,40,160,28
221,69,98,233
151,80,65,129
209,51,26,3
42,64,145,224
233,66,96,84
232,68,98,84
148,25,46,204
162,31,243,253
82,69,127,108
94,7,217,158
157,235,16,251
162,76,242,201
204,201,116,43
81,155,164,213
232,67,96,84
75,172,207,110
234,188,255,214
147,23,46,205
245,154,65,169
61,8,21,146
154,31,38,68
148,23,45,205
37,199,29,251
200,82,185,209
150,81,63,129
200,182,3,59
205,201,115,42
232,68,96,84
199,84,186,211
202,182,1,59
109,143,35,138
94,8,215,160
9,83,125,140
204,200,115,44
37,198,27,252
232,67,97,85
93,8,217,159
37,198,28,251
233,66,98,84
231,67,96,85
95,6,215,159
233,66,97,85
34,154,144,11
94,8,216,159
149,82,63,131
202,183,1,61
200,83,185,210
211,49,25,3
68,30,186,43
149,25,46,205
147,24,47,204
200,83,187,210
93,8,215,160
164,183,113,95
149,23,45,204
148,23,47,206
202,183,2,61
11,223,65,249
129,39,144,234
95,6,217,160
36,198,29,252
211,51,24,5
149,25,45,206
22,93,60,24
202,181,2,60
201,182,1,59
72,61,231,72
15,191,143,162
203,201,116,43
147,25,45,206
36,200,28,250
233,66,97,85
35,200,27,250
202,183,1,60
209,49,24,5
235,187,254,214
36,200,27,251
231,67,97,86
235,187,255,212
244,49,138,105
199,82,186,211
162,223,8,41
210,122,217,74
178,226,20,185
93,8,215,160
95,7,215,159
202,183,1,60
200,83,187,211
37,199,27,252
37,200,28,252
97,104,235,131
205,202,116,43
202,181,3,61
204,200,115,43
204,202,117,44
18,44,25,36
205,201,116,42
231,66,96,86
233,67,96,85
36,200,29,250
93,7,216,159
202,183,1,61
222,203,52,243
29,92,140,195
233,68,96,86
234,188,255,214
214,9,46,155
234,187,255,214
131,26,166,209
35,198,28,252
183,120,136,195
234,188,255,212
36,199,27,251
232,67,98,84
151,81,63,130
149,23,45,205
153,157,78,86
199,83,187,209
168,168,133,136
93,6,215,160
147,23,46,204
233,67,98,84
204,201,115,43
233,66,98,84
93,7,217,159
150,80,64,131
203,68,142,219
160,97,10,11
151,81,65,130
150,80,63,130
209,50,26,3
149,81,63,130
199,82,187,211
204,200,115,44
234,186,255,214
35,199,28,250
211,50,26,3
93,6,216,159
210,51,25,5
234,186,255,212
204,201,116,42
202,182,3,59
178,29,204,111
149,81,64,129
105,50,238,243
37,200,29,252
236,188,255,214
117,73,9,60
35,198,27,250
203,201,115,42
147,25,45,205
198,83,187,209
36,198,29,251
202,181,2,60
236,186,254,212
209,50,26,5
232,67,98,86
36,200,28,251
235,188,255,212
73,112,50,103
93,6,215,159
240,230,105,194
231,67,98,84
211,50,26,5
200,84,187,209
204,201,116,44
232,67,96,85
201,181,1,59
12,119,105,9
37,199,29,251
46,68,134,219
37,199,29,250
231,67,96,85
231,66,97,86
205,202,117,42
211,50,24,5
234,188,254,212
151,81,65,130
203,201,115,44
205,202,115,42
153,164,209,35
35,198,27,251
204,16,236,219
149,80,64,131
151,80,65,131
210,15,229,139
202,183,2,60
124,27,28,194
52,154,1,97
156,77,205,171
212,85,95,217
234,186,254,214
36,198,27,252
149,80,65,129
196,122,26,96
211,51,24,4
186,160,125,48
235,188,255,214
95,6,216,159
35,200,28,252
235,186,255,214
35,198,29,250
233,66,96,84
218,74,209,0
173,43,229,148
205,201,115,43
198,84,186,211
210,51,24,3
236,187,255,214
213,113,139,137
38,198,16,155
61,66,214,190
209,49,26,3
234,188,255,212
95,6,216,158
167,177,121,120
233,68,97,86
94,7,216,160
201,182,3,60
150,10,37,92
36,199,29,251
94,7,217,158
247,56,219,32
37,200,27,251
95,6,217,158
48,96,130,179
205,200,116,44
205,200,115,43
134,53,119,76
149,81,65,130
211,51,24,5
46,213,184,173
156,9,43,203
37,199,29,250
176,248,43,196
36,198,28,250
147,221,5,147
202,181,3,59
210,49,24,5
149,80,65,131
231,68,96,84
148,24,47,205
216,32,28,172
59,142,99,76
210,51,25,3
202,182,3,59
140,73,154,53
204,201,115,43
123,223,227,11
232,66,97,84
95,6,216,158
210,51,25,5
204,202,117,43
226,49,230,4
148,24,45,205
199,84,185,210
252,247,180,83
232,66,96,84
200,83,187,209
235,39,158,120
211,51,26,3
54,233,79,221
184,109,9,155
228,177,54,210
93,7,217,159
148,25,45,206
31,37,141,250
164,61,137,87
149,81,63,130
122,226,125,40
36,198,29,252
235,186,254,212
25,188,160,25
232,66,98,86
204,201,116,42
95,6,216,159
200,183,2,61
150,82,63,131
164,229,194,66
32,208,220,182
94,8,216,158
202,183,3,61
94,6,216,159
176,242,114,194
195,92,120,80
234,187,254,212
202,183,1,60
205,200,117,42
211,50,25,5
35,199,28,250
204,202,115,42
149,25,46,204
211,50,24,3
200,183,3,59
198,21,182,59
204,202,116,42
149,24,47,204
93,8,215,158
115,87,23,85
18,145,160,153
151,82,64,129
205,202,117,42
149,25,47,205
36,199,29,252
94,6,217,158
151,191,170,64
232,67,97,86
37,199,29,250
232,68,97,85
205,202,115,44
234,74,3,70
87,34,122,91
149,80,65,131
234,187,255,213
35,85,96,70
201,183,1,59
205,201,116,42
149,24,47,205
198,82,187,210
201,183,2,59
218,241,214,154
231,67,98,85
109,248,154,245
211,229,105,7
180,70,222,183
149,25,46,205
148,24,46,205
225,155,27,50
205,202,115,43
63,8,251,202
203,200,117,42
53,29,127,48
9,187,107,150
56,174,42,127
149,25,47,206
234,186,254,213
210,51,25,3
44,250,94,39
184,36,23,115
211,49,25,5
86,123,43,135
250,218,24,208
198,82,187,211
151,80,65,130
13,202,83,125
74,40,133,47
200,182,3,61
93,8,216,159
203,201,115,43
19,135,164,10
211,50,25,4
105,20,194,239
236,188,254,212
235,186,255,213
149,25,47,206
231,67,96,86
145,207,145,158
233,66,96,85
198,84,187,211
200,182,2,61
15,210,116,119
233,66,97,86
149,23,45,204
138,81,179,240
202,182,2,60
200,182,3,59
94,8,217,159
178,34,76,75
36,200,28,252
151,80,63,129
150,80,65,129
203,200,115,44
231,66,96,85
199,83,187,209
81,220,235,203
199,83,186,211
235,187,255,212
151,81,65,129
234,188,255,213
236,187,255,212
149,25,47,204
211,51,26,3
111,86,142,141
35,198,29,252
37,200,27,250
225,108,169,210
199,83,185,209
200,181,2,61
235,186,255,213
205,200,116,44
210,51,24,3
200,181,1,59
43,116,131,165
93,7,217,159
149,23,46,206
231,66,98,86
205,202,115,44
204,202,117,42
158,233,33,66
199,84,187,209
148,24,47,204
94,6,217,160
47,237,223,106
8,90,214,217
211,50,26,4
210,50,25,3
93,8,216,159
200,83,187,210
232,67,98,86
230,146,56,60
202,181,2,61
200,84,186,211
151,81,63,129
250,104,36,97
94,7,216,158
199,84,187,209
95,8,215,160
148,24,45,205
151,82,63,130
95,8,215,159
204,201,115,43
69,216,219,227
79,97,16,155
149,82,63,129
30,200,155,233
198,84,185,211
18,181,234,168
95,8,216,159
36,198,29,251
136,50,129,211
205,200,117,42
250,95,12,2
37,198,29,250
190,204,243,114
200,84,186,211
181,29,31,34
147,23,46,204
233,68,96,84
209,49,25,5
147,23,45,204
18,46,234,149
205,201,115,42
236,186,254,214
223,61,164,210
93,6,216,158
149,23,46,204
95,39,244,239
35,200,28,252
153,27,156,85
231,68,98,85
115,144,200,125
60,60,63,210
18,207,174,242
209,49,25,3
143,175,61,55
200,183,2,59
232,66,98,86
204,202,116,44
202,181,1,61
141,99,233,105
95,69,250,55
95,6,216,158
140,229,25,111
94,7,216,160
69,158,120,94
148,23,46,206
150,82,63,130
149,25,46,204
204,202,115,42
56,89,196,168
1,41,61,224
200,82,185,211
150,82,63,130
35,198,29,252
200,181,2,61
211,49,25,4
148,25,46,206
220,130,223,225
230,33,108,37
37,200,28,250
233,67,96,84
194,37,216,16
200,83,186,210
41,252,70,9
202,183,2,60
36,200,28,252
205,200,115,42
58,84,174,145
210,51,26,5
200,84,187,211
244,212,206,253
203,200,117,43
149,80,65,130
36,199,27,250
185,63,128,149
149,80,63,131
236,188,255,213
205,201,117,44
192,13,48,195
42,196,181,3
186,223,174,202
111,221,211,60
148,24,46,204
200,82,185,211
37,200,29,250
151,81,63,131
234,186,254,214
202,183,2,60
202,181,3,59
235,186,254,212
149,81,64,129
148,24,47,206
204,202,117,42
232,67,96,85
35,198,27,252
235,187,254,212
136,64,222,218
202,183,2,60
199,82,187,210
203,201,117,44
205,201,117,44
233,68,97,84
198,83,186,210
163,48,138,190
149,82,63,129
234,188,255,212
94,6,216,160
180,169,199,128
211,50,25,5
11,43,134,253
37,200,28,252
211,51,26,4
89,85,87,32
36,199,28,252
200,181,1,59
201,182,1,61
93,7,215,158
211,51,26,4
227,68,63,124
231,68,98,86
200,84,186,209
232,68,97,84
37,200,27,252
233,112,198,143
150,86,199,255
203,201,115,43
93,6,216,158
149,25,45,204
200,84,186,210
106,55,147,127
232,68,97,85
37,200,27,251
235,187,255,213
95,204,22,59
148,31,60,131
200,82,187,210
209,51,25,4
152,155,141,166
178,214,2,67
37,200,29,252
149,80,63,130
146,132,69,0
233,68,98,85
232,66,98,85
201,182,3,59
230,98,212,141
36,198,29,252
205,200,117,42
211,51,25,5
46,28,189,107
210,50,24,5
150,82,63,131
231,68,97,84
133,133,40,136
199,83,186,210
211,50,26,4
205,202,117,42
95,7,216,160
211,49,25,5
199,84,186,210
200,183,3,61
211,51,26,5
151,80,63,130
94,8,215,159
201,181,1,60
93,6,216,158
151,82,64,131
209,50,26,4
28,154,171,71
235,79,70,232
232,67,98,84
149,23,47,205
235,186,255,212
200,84,186,209
96,90,142,22
198,84,186,211
3,27,70,153
179,14,127,243
95,8,216,159
135,242,126,204
151,82,64,129
202,182,3,61
95,7,215,158
147,23,46,204
209,49,26,4
93,8,215,159
33,54,206,219
148,24,47,205
203,202,117,43
15,245,33,25
231,68,97,85
149,23,45,206
204,201,117,42
36,198,28,250
200,82,185,209
36,200,29,252
166,64,8,55
150,81,64,131
232,67,96,84
200,181,2,61
59,120,253,160
204,202,115,43
200,82,185,210
151,82,65,130
201,182,1,60
236,188,255,213
165,20,48,168
235,187,255,214
35,200,28,251
94,8,215,159
105,150,143,215
66,121,74,12
204,201,115,44
201,181,3,61
149,23,47,204
87,71,225,66
234,187,255,213
234,188,255,212
36,52,169,255
147,24,45,206
94,6,216,160
95,6,217,158
150,80,65,131
231,68,96,84
89,151,7,154
23,175,177,158
204,202,116,43
211,50,26,5
225,193,233,92
149,24,45,204
203,200,117,44
221,93,85,118
9,23,90,154
25,189,219,31
210,50,26,3
72,35,56,244
200,84,185,211
30,48,36,86
234,188,254,212
210,51,26,4
95,6,215,158
204,201,117,44
36,199,28,252
150,82,65,131
200,182,3,59
149,24,45,206
37,199,29,251
147,24,45,206
199,83,185,209
199,84,187,210
83,210,162,184
52,19,22,194
233,66,96,84
43,120,89,138
147,23,46,206
150,81,65,129
202,183,2,60
223,22,106,44
151,81,63,130
105,197,160,147
211,51,24,5
204,201,116,43
154,124,255,158
22,33,233,11
252,22,103,34
200,82,186,210
235,187,254,214
93,7,216,159
210,50,25,4
186,86,95,176
93,8,217,159
231,68,96,84
149,80,64,130
209,51,24,4
85,13,188,224
204,200,115,43
200,82,186,209
12,108,194,54
150,81,65,131
122,30,165,234
244,37,255,211
148,25,45,204
215,209,26,73
233,66,96,85
175,30,255,171
139,19,10,242
36,200,27,250
231,67,98,85
94,8,217,160
231,68,96,84
201,182,1,59
201,182,2,61
79,105,84,254
0,130,12,74
148,24,47,204
200,182,1,59
199,83,186,209
148,23,47,204
142,250,229,122
97,81,84,97
95,111,205,89
201,181,3,60
176,155,255,139
252,230,162,31
199,82,186,209
237,68,253,194
231,68,97,85
150,80,63,130
55,66,80,121
200,181,3,60
198,83,185,209
176,40,32,158
35,198,27,252
204,201,117,44
148,25,47,205
99,24,16,169
150,81,65,131
95,8,216,159
147,24,45,206
35,198,28,250
186,254,10,162
94,7,215,159
81,106,34,102
147,24,45,206
234,188,255,214
199,83,186,211
15,72,191,116
43,182,171,104
252,82,83,22
150,80,65,130
216,32,222,60
149,23,47,204
226,224,13,3
254,64,197,16
202,181,1,61
149,81,65,130
149,25,47,204
234,188,254,212
148,24,45,205
254,133,184,162
184,250,195,158
202,181,3,61
203,202,115,42
232,66,97,84
82,81,43,47
37,198,29,251
231,67,96,85
147,25,47,206
94,8,215,160
235,187,254,212
94,7,216,160
199,83,186,209
210,51,24,3
93,6,217,158
132,78,228,158
90,220,187,208
149,82,65,131
95,8,217,158
200,82,187,209
93,8,217,159
34,226,25,110
21,138,237,134
36,199,27,251
204,200,116,44
201,181,1,61
199,82,186,211
168,31,10,172
147,23,47,205
129,0,161,143
140,54,130,130
94,6,215,159
148,23,47,205
149,80,63,131
218,53,244,25
236,186,255,214
234,188,255,213
63,217,253,151
94,7,216,159
36,200,29,250
200,182,2,59
200,83,186,209
117,228,247,238
147,24,45,206
148,23,46,206
186,74,39,207
201,182,3,59
232,68,96,85
231,68,96,85
248,146,207,83
250,21,152,67
84,6,43,233
231,68,97,85
81,20,212,94
233,67,97,86
199,83,187,209
93,6,217,158
202,181,2,60
37,200,29,250
235,187,255,214
149,24,46,205
119,82,38,117
95,8,216,159
151,81,65,129
133,249,230,182
201,183,3,61
93,7,215,160
234,188,254,214
45,214,40,6
198,82,186,211
209,51,25,3
232,66,97,86
151,80,65,131
148,25,45,204
210,50,25,3
149,82,65,129
204,200,116,43
3,66,37,209
125,31,145,246
209,49,24,4
150,81,63,130
199,83,185,209
150,80,65,130
149,82,63,131
232,68,96,84
23,187,40,252
210,50,24,5
197,72,80,18
211,51,24,4
148,25,45,205
36,198,29,251
210,50,25,5
234,188,255,214
236,186,255,212
218,176,133,115
199,84,185,209
7,35,21,243
94,160,114,204
99,179,85,40
188,87,48,95
95,6,216,158
95,6,217,159
79,252,112,200
232,68,97,85
201,182,2,60
43,112,230,248
236,77,15,182
36,199,28,252
183,55,142,168
233,66,96,86
140,4,8,56
200,84,186,210
206,203,193,166
196,170,211,46
149,80,64,131
233,66,97,85
234,186,254,214
234,187,254,213
149,24,46,206
232,66,98,86
35,199,28,252
37,200,27,252
37,200,28,250
139,219,105,233
147,23,47,205
147,23,47,205
200,84,185,211
233,67,97,85
210,50,26,3
150,82,63,130
236,188,254,212
221,37,91,215
214,64,248,45
201,215,169,205
201,181,1,60
42,213,224,181
93,8,216,158
151,82,63,130
122,190,2,81
37,200,27,250
205,201,116,43
201,182,3,61
235,188,254,213
93,7,217,160
210,49,25,4
93,7,217,159
210,33,212,164
36,199,29,251
112,60,251,199
93,7,216,160
149,80,63,129
231,68,96,85
231,66,97,85
163,115,170,134
204,200,117,44
236,187,255,212
83,200,48,231
200,83,186,211
200,82,185,211
238,94,94,133
95,6,215,160
234,187,254,212
64,80,149,170
205,202,116,43
210,49,25,4
20,14,201,10
209,51,24,3
150,82,63,129
211,49,25,4
233,66,97,85
95,7,217,160
19,223,131,223
199,82,186,210
151,82,64,129
197,31,10,120
198,82,185,210
201,181,2,60
233,66,98,86
195,74,47,153
201,182,3,60
95,8,217,160
105,121,63,193
148,25,45,204
210,49,24,5
200,246,183,147
175,99,249,252
147,25,45,206
211,50,25,5
130,249,247,199
198,83,187,209
209,50,24,5
209,49,25,5
205,200,116,42
201,183,3,60
202,181,3,59
93,7,217,159
232,68,96,84
200,83,187,209
210,49,24,4
147,24,46,204
235,186,255,212
205,201,117,42
211,51,25,3
236,187,255,213
174,49,232,232
40,19,184,149
211,50,25,5
205,200,115,42
211,50,25,4
37,200,28,251
105,36,96,172
202,181,2,59
95,8,216,160
94,8,215,159
173,95,240,230
48,49,161,246
202,182,2,61
148,24,45,205
95,6,215,160
120,152,100,212
232,68,97,85
205,202,115,42
148,24,46,206
93,65,3,12
40,41,239,242
148,24,46,206
210,49,25,5
95,7,216,159
36,199,27,252
36,198,28,252
252,52,97,109
191,90,233,33
94,7,216,160
202,183,1,60
94,8,215,158
233,67,98,84
205,201,117,43
204,201,116,43
141,67,114,40
149,82,63,129
204,131,166,220
177,196,80,245
247,143,203,161
209,50,25,4
210,51,24,3
202,183,1,59
232,68,98,84
13,161,12,250
200,182,1,61
148,24,47,206
167,59,159,213
91,167,0,152
204,202,115,42
200,183,2,59
211,50,25,3
148,23,46,205
150,82,65,129
209,51,25,3
156,22,220,120
15,197,70,120
200,82,185,211
234,188,255,214
198,82,186,210
69,114,82,143
200,83,187,209
223,221,161,185
56,106,27,192
147,23,45,206
233,67,98,86
235,186,254,214
215,245,162,193
36,198,29,252
35,199,28,252
231,67,98,84
5,94,116,104
204,202,116,42
36,200,29,250
36,198,29,250
35,199,28,251
232,68,98,84
211,51,25,4
200,181,2,59
205,200,117,44
231,67,97,86
198,82,186,210
136,45,186,37
235,187,255,214
218,106,101,250
222,89,189,224
94,7,215,158
150,80,63,131
148,24,47,205
148,25,47,204
253,203,92,43
231,67,96,86
209,51,24,4
37,199,28,250
124,192,219,104
199,83,187,210
199,82,186,210
123,140,118,166
210,51,25,3
149,25,47,206
149,25,47,204
148,24,46,204
204,201,115,42
95,7,216,158
231,67,96,84
101,66,79,21
201,183,3,59
93,6,216,158
210,49,25,4
149,25,46,205
36,199,27,252
204,200,117,44
131,73,245,4
236,188,255,212
37,199,29,252
202,181,1,60
151,81,64,129
200,83,186,210
35,200,28,252
233,66,96,85
149,24,47,205
193,169,147,83
45,45,165,254
150,82,65,130
35,199,29,252
71,131,251,163
151,81,63,129
121,100,83,151
201,183,2,61
148,24,46,206
151,82,64,131
199,82,185,210
36,200,27,251
94,6,216,158
38,212,79,177
200,84,185,209
37,199,28,250
233,67,98,85
205,201,116,43
233,68,96,85
210,50,24,3
94,7,215,158
203,200,116,43
204,200,96,234
92,249,110,144
213,177,111,192
151,81,65,130
235,186,255,212
173,199,32,184
164,21,56,239
235,187,255,213
205,200,115,42
198,83,186,210
233,68,96,85
236,186,255,214
202,181,3,60
41,111,234,48
174,90,2,21
231,66,97,86
37,200,28,252
173,121,218,166
211,51,26,4
235,188,254,214
236,187,255,213
151,80,64,131
231,66,97,84
211,51,26,4
4,56,39,86
199,47,156,158
40,240,110,209
198,83,187,210
148,23,47,206
150,81,65,131
100,220,24,10
95,8,217,160
211,51,24,4
203,202,115,44
36,198,27,252
141,191,94,44
232,66,98,85
200,183,1,59
231,68,98,85
211,50,26,3
204,202,115,42
94,7,216,159
124,204,70,63
200,83,187,211
233,67,96,84
198,22,16,139
200,181,1,59
233,68,97,86
200,182,3,61
93,8,217,158
36,198,28,251
35,198,28,251
201,222,167,2
64,19,64,157
151,80,64,130
201,182,1,61
198,83,187,211
149,25,45,205
30,187,246,129
78,72,252,175
182,212,243,97
200,83,185,210
202,182,2,59
209,51,25,3
198,84,187,209
200,182,1,61
191,49,172,214
80,103,180,175
200,83,187,209
201,181,2,59
37,198,28,250
210,49,26,4
209,50,25,5
24,126,225,235
156,38,114,121
23,175,165,239
235,205,92,124
148,23,45,204
149,81,63,130
198,84,187,211
234,188,254,212
149,24,47,204
35,198,29,251
95,7,217,159
150,81,65,130
203,200,117,44
149,25,47,204
210,50,25,3
22,144,48,243
236,188,255,212
236,186,255,213
95,6,217,160
150,80,64,131
94,207,228,149
205,201,117,43
204,202,116,42
166,163,169,166
37,200,27,252
211,103,240,200
232,67,96,85
93,6,216,160
32,184,59,64
50,43,176,65
211,49,26,5
94,6,217,159
233,66,98,86
210,51,26,3
137,117,52,46
151,81,65,129
201,78,176,140
149,23,45,204
231,67,98,86
35,199,29,250
231,68,97,85
204,200,117,43
235,188,254,213
202,181,3,59
198,83,187,211
93,7,215,158
201,181,3,59
64,80,5,126
210,50,24,3
149,80,65,131
35,123,213,184
149,23,46,204
35,199,28,250
200,83,187,209
149,82,64,129
201,183,3,61
200,182,3,60
94,7,217,159
210,49,24,4
70,118,187,173
234,186,254,212
231,67,96,86
205,201,117,42
175,17,239,119
150,80,63,131
232,68,96,84
68,115,252,117
199,82,187,210
204,202,116,42
222,122,185,192
202,181,2,61
37,200,27,251
147,25,45,204
37,200,27,251
198,84,185,211
11,178,203,199
30,52,249,12
148,24,46,205
201,183,2,59
205,202,116,43
210,51,24,5
235,188,254,214
147,23,45,205
236,187,255,213
149,82,64,131
236,188,255,214
231,66,96,86
150,80,63,131
205,201,115,43
205,202,115,44
204,202,116,43
148,23,45,204
236,188,254,213
150,82,65,129
211,51,24,4
148,23,45,204
209,50,24,4
94,8,217,158
235,187,254,214
36,199,28,250
199,84,185,211
193,68,174,183
150,82,63,130
201,183,1,60
209,50,26,5
29,8,143,71
94,8,217,159
234,188,255,213
204,200,117,42
233,66,96,86
210,50,26,3
151,82,64,129
149,23,47,206
200,182,2,60
42,19,235,253
235,188,255,214
95,6,217,160
205,201,117,43
35,198,27,252
198,82,187,211
37,200,27,251
233,67,96,85
147,23,47,204
247,118,84,217
30,126,161,123
147,25,45,206
209,51,24,5
95,6,217,160
86,202,199,124
235,187,255,214
209,51,25,3
97,70,7,18
209,49,24,5
142,29,230,11
198,84,187,210
148,25,47,206
150,81,65,130
186,92,2,233
131,46,244,148
4,131,199,191
95,8,216,159
205,202,115,42
209,51,24,4
200,182,1,61
60,67,166,6
234,186,255,213
39,222,147,164
231,67,98,86
150,80,65,129
35,200,27,252
204,202,117,44
232,68,96,86
150,80,65,130
199,83,186,210
93,6,216,160
254,131,225,161
149,25,45,206
236,186,255,213
211,49,24,3
203,202,117,42
200,182,3,60
147,23,46,206
205,200,115,42
201,158,166,220
11,197,229,208
201,183,3,60
27,192,214,248
148,25,45,206
129,127,117,209
121,248,250,25
150,126,236,247
93,8,216,158
119,21,180,35
204,201,116,44
234,186,254,212
149,80,63,131
202,181,2,60
235,188,255,214
235,188,255,212
198,83,187,210
67,94,76,93
151,80,64,129
200,181,2,61
150,81,63,130
234,187,255,214
199,84,186,209
149,25,45,206
151,82,64,130
88,234,21,106
235,188,255,214
36,198,28,250
151,81,63,130
210,50,24,3
131,180,211,2
198,82,187,209
210,49,26,4
6,221,236,69
150,81,64,130
235,188,254,214
204,200,116,44
200,83,186,209
204,201,116,43
0,5,170,217
150,81,63,129
236,187,255,212
36,198,28,250
36,200,27,251
236,188,254,212
202,86,232,20
233,68,96,85
33,225,216,212
149,81,63,131
148,25,46,206
172,18,16,50
218,5,248,198
202,183,1,60
149,82,63,130
36,199,29,251
211,238,74,174
199,84,185,209
203,200,115,43
236,240,235,144
93,7,215,160
209,51,24,5
10,128,231,233
37,199,27,252
148,24,45,204
37,200,29,250
101,79,139,124
241,69,1,6
199,84,187,209
95,8,215,160
94,8,217,159
203,200,116,43
231,67,98,86
209,51,26,3
93,6,217,159
235,67,49,101
201,183,2,61
202,183,1,61
231,66,96,84
69,113,230,71
235,186,255,214
151,82,65,129
169,55,186,47
185,82,94,79
149,80,65,131
150,82,64,131
234,187,255,214
149,82,65,130
93,7,217,158
200,82,185,210
127,36,42,240
36,198,27,251
209,49,25,4
149,23,45,206
93,6,216,159
223,128,15,204
150,80,63,129
142,169,42,44
147,23,46,205
236,1,24,65
147,25,46,205
209,51,26,5
201,183,3,61
36,200,28,250
211,49,26,4
253,129,97,194
200,84,185,209
8,9,201,32
49,20,62,30
229,86,34,157
203,200,117,43
211,51,26,4
243,6,169,72
149,80,64,130
92,81,59,133
149,81,65,131
93,6,217,158
36,200,27,252
39,83,137,128
210,51,25,4
200,83,185,210
109,241,10,187
40,152,35,137
212,89,116,180
95,143,227,209
199,82,187,209
243,143,168,175
199,82,187,210
201,183,1,59
131,10,223,139
232,67,98,85
126,233,18,186
205,202,117,42
37,199,27,252
233,67,98,86
231,66,96,86
89,250,200,88
205,201,115,42
35,199,28,252
95,8,216,160
25,29,11,197
249,120,94,89
203,200,115,43
149,25,46,205
203,202,116,44
200,183,3,61
178,225,185,60
94,7,216,158
212,159,224,14
114,200,236,36
102,173,74,204
72,31,94,32
235,186,255,214
203,202,115,42
149,25,46,206
37,198,27,250
185,28,233,19
232,68,98,86
94,7,217,160
203,201,115,43
35,199,28,251
95,6,215,160
149,82,64,130
7,91,68,163
232,66,96,84
210,51,25,3
209,50,26,4
36,198,27,252
246,126,202,236
94,8,216,160
94,6,216,160
205,200,117,44
77,12,58,44
149,23,45,206
236,186,255,213
200,182,3,59
247,250,195,28
210,51,26,3
43,123,154,31
199,128,2,43
205,201,117,43
198,84,185,211
149,23,45,205
249,136,9,10
67,29,132,54
40,103,151,128
233,67,98,84
209,51,25,4
95,6,216,159
235,186,255,213
248,115,149,23
115,196,187,90
233,68,96,85
92,12,129,51
236,187,255,214
199,235,55,51
200,84,186,209
170,83,114,223
189,66,36,206
198,83,187,210
151,80,64,129
199,84,186,211
205,201,117,44
85,4,32,59
234,188,255,213
86,105,181,238
228,68,141,82
233,66,98,85
189,70,207,102
105,37,211,141
93,8,215,160
147,23,46,205
236,187,254,214
233,66,98,86
149,24,46,206
200,82,187,211
200,84,187,211
16,181,90,195
195,1,175,163
150,82,65,129
147,23,47,204
235,188,255,212
4,171,53,239
204,201,117,42
35,198,29,252
234,187,255,214
36,199,28,250
34,143,116,61
37,200,27,250
198,157,51,46
234,188,255,212
149,23,45,204
4,123,1,185
148,24,45,204
178,51,63,25
36,200,28,252
48,24,36,24
37,198,28,250
147,23,47,206
150,80,63,131
204,201,115,44
233,67,96,84
203,202,117,43
210,51,25,5
174,111,241,222
200,82,185,209
203,201,117,44
234,188,255,213
151,82,64,129
205,202,117,43
231,68,98,86
94,6,215,159
234,186,255,213
0,16,19,27
200,183,2,61
203,202,117,44
200,82,187,211
148,25,45,205
202,181,2,61
151,81,65,131
204,202,116,42
24,178,18,20
106,127,173,188
36,200,29,250
205,201,116,42
232,68,96,86
239,242,63,85
144,2,90,138
93,6,215,159
199,84,185,210
35,200,28,250
177,244,103,139
162,154,247,135
226,191,237,88
211,49,24,4
203,201,117,43
235,188,254,212
213,51,161,38
232,68,97,85
203,202,116,42
128,210,88,213
187,104,100,253
150,82,63,130
231,66,98,85
109,173,65,135
204,194,211,234
116,228,120,43
36,198,27,250
121,97,184,153
149,81,63,130
236,187,255,213
93,8,216,159
84,101,183,14
147,23,47,205
147,25,45,205
247,138,167,44
200,183,1,60
212,81,41,248
198,84,185,209
85,212,97,117
200,182,2,61
235,187,254,214
202,181,3,60
104,0,211,51
92,2,21,78
116,16,154,174
200,82,186,210
220,121,236,250
205,201,115,44
200,183,3,59
155,197,101,0
205,202,117,44
64,162,0,9
229,202,194,146
148,25,45,205
204,202,117,43
147,24,46,206
150,81,65,130
148,25,46,206
202,183,3,61
147,23,47,205
93,6,215,158
201,181,1,60
211,51,24,5
203,141,92,218
95,8,216,158
232,67,96,85
236,187,254,213
232,68,96,85
202,181,2,60
209,51,26,5
227,122,158,245
20,72,240,196
162,65,129,68
6,102,193,164
209,179,146,39
199,84,186,209
94,7,217,160
200,171,78,170
94,8,216,159
234,38,107,54
200,183,1,59
234,188,255,212
236,188,254,212
149,80,63,131
211,50,24,5
134,221,82,166
198,83,187,210
200,181,1,61
234,188,254,212
235,188,255,214
234,187,255,214
210,49,26,4
198,82,185,211
11,179,215,0
111,13,181,140
218,0,48,193
94,7,216,160
93,8,217,159
149,24,46,204
58,86,128,206
200,183,3,59
201,181,3,61
95,7,216,160
201,182,2,60
9,106,246,69
149,24,45,206
200,83,185,210
106,6,170,228
204,201,116,42
200,82,187,210
35,198,27,251
94,6,215,159
236,187,255,212
95,7,216,160
151,82,63,129
150,82,65,130
236,187,254,212
94,6,217,159
240,195,81,33
95,8,217,158
234,187,255,213
37,209,163,95
200,84,187,211
211,50,25,3
200,84,185,210
232,66,98,86
149,81,65,131
231,68,96,85
147,23,46,204
150,82,64,130
150,82,64,129
40,67,172,246
198,83,187,211
151,82,64,129
113,250,121,124
95,8,217,159
198,84,187,211
209,50,26,5
201,181,3,60
149,80,63,131
162,228,13,46
35,198,29,252
148,25,45,205
210,49,26,4
235,188,255,214
211,51,25,3
95,8,216,160
210,50,25,4
95,6,217,158
94,37,39,159
211,51,24,3
209,51,24,3
93,202,11,91
236,188,254,213
73,123,158,168
196,44,54,61
93,7,216,159
143,159,191,96
200,82,186,209
95,8,217,160
200,82,187,209
235,66,63,17
199,83,186,211
200,181,3,60
204,202,116,43
210,51,26,4
205,250,180,213
97,14,237,121
51,116,163,81
140,35,119,158
133,87,79,245
234,188,255,213
90,189,105,197
244,117,73,27
201,183,1,59
151,82,65,130
202,181,3,60
198,84,186,209
62,170,177,180
173,128,230,180
236,187,255,214
135,211,242,234
116,53,238,121
201,183,1,59
149,82,63,129
186,218,194,139
35,199,29,250
203,200,116,44
35,200,28,252
236,187,255,212
35,200,28,251
198,83,185,210
94,7,217,160
116,52,145,75
94,6,217,160
123,172,51,69
200,84,186,209
86,39,89,19
252,186,39,157
211,50,25,5
205,200,115,43
234,186,255,213
233,253,77,125
149,24,47,205
211,51,26,3
36,199,28,252
185,11,205,60
203,201,117,42
202,181,3,61
235,186,255,214
68,49,113,31
202,183,3,59
235,187,255,214
210,50,26,3
201,181,2,59
236,188,254,214
36,198,28,252
51,162,19,227
211,51,25,3
205,200,117,44
147,25,47,205
94,8,217,160
94,6,216,158
151,81,64,129
232,67,98,86
28,230,168,255
35,198,29,252
198,82,185,210
5,125,132,21
236,188,255,214
233,67,96,86
233,67,97,85
11,244,58,42
100,188,164,87
201,183,3,60
5,1,4,131
198,84,186,210
236,187,254,213
136,80,84,182
209,49,26,5
148,23,46,204
197,213,86,70
150,82,64,131
37,198,27,252
186,186,104,204
49,23,47,106
149,24,47,204
209,49,25,3
170,224,199,167
225,46,36,186
124,162,138,159
203,200,115,42
204,202,115,43
151,82,64,130
36,198,27,252
205,200,117,44
211,49,25,5
103,117,98,141
232,68,98,85
238,108,106,66
89,174,56,139
104,239,124,58
149,82,64,129
235,186,254,212
201,183,2,61
34,100,151,56
126,127,131,199
149,82,65,129
148,23,47,206
88,123,156,31
222,142,45,211
95,7,217,158
198,83,185,211
211,50,26,3
151,80,64,130
210,50,26,4
236,188,255,213
149,24,46,204
69,184,209,36
232,68,97,84
17,65,134,159
234,187,254,213
233,67,97,85
148,24,45,206
236,188,255,213
198,83,186,211
95,8,215,158
149,25,45,205
225,255,111,148
233,66,97,86
21,209,217,234
236,186,255,214
37,198,28,252
202,183,2,59
211,51,24,3
11,174,106,32
150,82,63,129
233,68,96,86
231,68,98,86
234,188,254,214
122,15,184,47
233,68,97,85
231,68,96,85
59,49,0,5
68,178,35,75
184,183,211,82
36,198,28,250
149,25,46,204
198,83,185,209
204,200,116,43
209,49,25,5
203,202,117,43
122,234,52,181
202,181,2,60
236,187,255,212
254,89,213,4
84,88,136,159
94,7,217,158
51,48,78,25
211,49,25,4
234,186,255,213
147,24,46,206
171,87,178,228
113,186,145,148
203,200,117,44
232,68,98,86
236,188,254,214
249,126,24,92
200,84,187,210
36,200,28,250
36,198,27,250
94,8,215,158
35,163,58,168
119,77,229,101
0,37,7,138
149,23,46,205
236,187,254,213
94,8,216,160
203,202,115,43
202,183,1,60
151,81,64,129
37,200,27,252
158,171,88,76
238,135,198,129
140,152,210,18
204,201,115,42
150,222,76,246
188,5,96,151
93,8,216,158
244,133,92,61
151,80,63,129
0,125,206,62
185,116,126,38
234,188,254,212
200,82,185,211
94,6,215,159
209,50,25,5
198,82,187,211
249,228,176,126
191,54,113,245
236,187,254,213
211,50,25,3
93,8,216,159
255,139,182,32
127,233,135,7
205,201,116,44
147,24,45,205
198,82,185,210
149,82,64,129
213,140,56,173
210,51,25,5
209,51,24,5
201,181,1,61
123,111,152,88
232,67,97,86
149,23,45,206
200,84,185,209
233,66,96,85
211,50,25,5
200,82,185,209
201,183,2,61
232,151,58,241
210,50,26,5
200,82,185,209
202,183,2,60
236,188,255,213
235,186,254,213
232,68,98,84
37,132,241,139
209,50,25,3
234,186,255,214
198,84,187,211
198,84,185,210
93,6,217,158
116,243,131,155
150,80,63,129
205,201,115,43
203,201,117,44
93,8,217,160
151,82,64,130
200,183,1,60
211,50,25,5
149,82,64,129
216,73,49,213
199,83,187,211
236,187,255,213
94,6,216,159
144,134,37,72
201,182,3,59
95,6,216,160
198,82,187,209
151,80,65,131
93,8,217,158
151,81,65,130
211,50,26,3
200,182,1,61
202,183,3,60
24,144,31,243
199,83,185,209
234,186,254,212
205,201,116,43
231,66,96,84
37,199,27,250
142,242,93,105
201,181,3,60
95,6,215,159
45,182,60,149
37,198,29,251
59,153,113,47
204,202,117,43
244,157,41,84
149,82,65,129
202,181,1,59
151,80,64,130
201,182,2,60
198,84,186,209
83,145,211,80
233,68,97,84
205,201,117,43
219,87,212,166
5,239,121,217
210,49,25,5
149,25,46,204
203,200,115,42
39,243,105,237
204,202,117,44
161,180,12,179
252,213,23,230
93,8,216,160
235,188,255,213
233,67,98,86
37,199,27,251
202,182,1,59
151,81,64,130
147,25,45,206
223,119,254,44
210,51,26,3
161,18,130,235
198,84,186,209
181,247,130,195
94,8,216,159
93,6,216,158
37,199,28,251
204,200,116,42
71,83,149,2
210,50,25,4
149,79,236,10
147,167,120,51
198,213,71,108
35,200,29,251
234,188,255,212
151,81,65,131
200,181,1,61
232,66,97,84
147,24,47,206
202,182,3,60
214,151,105,203
65,64,176,128
8,7,179,52
203,202,116,44
235,187,254,213
144,104,232,9
147,24,46,206
95,6,215,159
250,99,164,120
232,66,97,85
203,202,117,42
77,127,44,49
104,34,127,44
199,82,186,210
144,148,5,88
37,200,27,250
149,24,45,204
200,183,3,59
231,67,96,84
147,24,46,206
198,82,187,211
205,201,116,43
94,8,216,158
148,25,45,206
200,83,187,211
152,235,79,190
191,25,36,210
95,6,216,159
232,66,97,86
14,195,124,168
150,82,64,131
149,80,65,129
209,49,24,4
236,186,254,213
211,50,26,3
210,49,26,4
236,188,254,212
199,83,186,210
204,200,116,43
142,73,211,187
162,63,173,20
145,113,253,196
94,6,217,158
118,137,3,167
104,245,56,88
17,166,162,168
195,216,85,70
233,67,97,85
148,23,47,204
150,82,64,129
210,50,25,4
232,66,96,84
36,198,28,252
205,200,116,42
36,54,13,143
82,221,56,195
231,67,98,85
134,219,17,208
201,183,2,59
49,69,89,33
148,125,193,192
200,181,2,60
195,58,193,88
149,23,47,204
200,83,185,210
209,50,26,5
203,201,115,42
149,81,63,129
232,68,96,85
234,187,255,214
36,199,29,252
151,82,63,130
95,6,217,159
234,186,255,214
251,206,232,251
252,146,140,75
95,6,216,158
231,66,98,86
95,6,215,160
149,24,46,205
95,6,217,159
202,181,1,61
234,187,255,213
93,6,217,158
200,182,1,60
171,194,144,226
205,200,115,42
150,82,65,131
235,188,255,214
198,82,185,211
8,67,5,9
198,83,186,211
54,147,175,131
209,51,26,4
204,201,117,43
95,6,216,160
210,147,23,218
233,67,96,86
53,30,115,144
236,188,255,213
37,198,28,251
205,200,116,42
233,68,98,84
211,49,24,5
56,40,52,84
61,50,142,151
204,251,236,190
235,186,255,212
46,12,53,197
20,210,75,208
37,200,28,252
233,53,60,96
183,238,212,52
202,182,3,60
204,200,117,42
199,82,186,209
198,82,186,211
235,186,255,214
244,187,156,246
198,83,187,211
28,162,61,180
203,200,116,42
210,49,24,5
94,7,217,160
205,202,115,44
93,7,216,158
149,25,47,205
202,182,2,61
236,187,255,214
24,47,148,66
149,81,63,131
159,131,229,41
149,25,46,206
211,50,25,3
203,200,117,44
28,39,245,40
37,200,29,250
151,80,65,131
203,202,116,43
149,23,45,206
45,101,158,141
151,82,63,130
43,98,141,251
233,68,97,86
31,236,17,234
232,68,98,84
37,198,27,251
155,174,133,23
3,125,155,237
93,6,216,159
232,66,98,85
195,158,187,184
79,173,249,247
236,186,255,212
200,208,51,97
234,186,255,213
95,8,215,160
187,225,46,33
26,158,229,251
37,198,29,252
236,186,254,213
156,67,250,94
233,66,96,85
233,68,98,85
37,199,27,251
149,80,65,130
89,140,70,246
151,80,63,129
201,182,3,59
35,198,29,250
154,102,114,83
233,68,97,84
210,49,26,4
210,49,24,4
236,186,255,212
93,7,215,159
231,66,98,84
198,83,186,210
202,181,3,60
198,83,186,211
191,22,245,40
209,49,26,3
149,25,47,205
234,186,255,214
75,55,106,139
210,49,25,3
224,243,243,93
36,198,28,250
235,187,255,212
36,200,29,250
90,244,57,6
131,173,128,73
94,7,216,158
168,0,246,101
200,84,187,210
23,60,46,132
250,181,141,71
204,201,115,43
35,157,102,58
88,240,52,37
92,242,128,179
39,228,202,71
150,81,64,131
234,188,254,214
95,6,216,160
93,7,217,160
32,105,254,132
149,23,47,205
234,187,255,214
148,25,45,206
232,67,96,84
231,67,98,85
160,22,159,17
231,66,96,84
199,82,186,210
170,77,251,15
199,84,185,211
0,33,72,13
236,186,255,214
77,62,106,162
204,200,115,44
211,50,24,5
146,243,44,156
235,188,255,212
36,199,28,252
209,50,25,4
149,81,63,131
37,199,27,251
204,202,116,42
72,85,215,0
147,24,45,205
192,137,182,88
94,6,215,159
18,196,36,63
253,81,6,107
1,3,179,34
80,75,40,202
143,234,112,184
147,25,45,205
202,181,2,59
232,66,96,85
235,186,255,212
204,200,116,43
35,200,27,250
94,6,215,160
232,44,42,41
200,83,185,210
94,7,217,159
202,182,3,60
97,133,200,231
201,181,3,61
234,188,254,214
218,60,149,145
150,81,65,130
149,82,63,130
52,202,251,0
231,66,98,86
231,66,96,86
88,11,90,120
201,182,3,59
201,183,1,59
4,5,209,210
198,82,187,210
244,139,233,125
211,49,25,4
140,157,2,49
149,24,46,206
148,23,45,206
147,25,46,205
202,181,2,61
233,67,96,86
200,182,1,61
201,183,2,60
210,49,26,5
235,187,254,213
203,201,115,42
204,200,115,42
94,8,217,159
210,50,24,5
93,8,215,160
199,82,185,209
198,82,186,209
148,24,46,204
2,89,106,27
198,82,187,209
205,202,115,44
200,181,3,61
202,182,3,60
151,82,63,130
161,245,196,109
211,50,24,3
36,199,27,250
209,50,26,3
232,160,103,207
149,24,47,205
63,85,27,65
163,213,221,183
239,98,130,89
236,188,255,213
13,100,232,198
149,81,64,131
202,183,1,61
94,8,215,158
37,200,27,251
236,186,255,214
200,84,187,211
122,53,5,173
93,8,216,159
151,82,64,130
232,66,97,86
164,242,35,47
251,209,90,134
236,187,254,212
216,58,24,164
189,99,61,117
195,251,128,254
93,6,216,159
204,202,115,43
210,50,24,5
179,233,182,152
150,80,64,131
60,107,50,96
203,201,117,43
2,87,103,75
9,182,153,145
202,182,2,61
149,24,46,204
200,183,1,60
227,160,106,138
37,198,27,250
200,82,186,210
93,7,217,160
169,208,85,118
202,182,3,60
202,79,112,98
236,186,255,212
149,80,63,129
205,201,116,42
49,86,74,224
203,201,115,43
202,183,2,61
94,8,216,158
233,67,96,86
202,183,3,60
149,23,45,206
150,81,65,130
232,68,98,85
93,7,216,160
37,199,28,251
160,103,186,46
73,60,237,250
148,23,46,204
87,129,214,215
152,102,167,207
97,8,186,190
236,187,255,214
198,83,187,210
150,81,63,130
93,6,217,158
209,50,24,3
209,106,45,131
234,188,255,214
7,75,239,165
37,198,29,251
149,81,65,129
201,182,1,59
233,89,138,0
198,83,187,209
209,51,26,3
159,123,251,78
150,80,63,131
234,187,254,213
149,82,63,131
132,225,77,52
221,254,206,215
151,82,64,131
236,187,255,214
203,202,115,43
150,81,65,130
183,94,216,32
232,66,97,86
94,6,216,160
35,198,29,251
233,66,97,86
209,49,24,5
206,89,30,254
235,188,254,214
212,197,208,110
204,201,117,42
231,66,96,84
132,250,171,171
231,66,97,85
37,200,29,250
95,6,217,159
36,199,27,250
2,202,95,111
149,24,47,204
231,68,96,86
149,82,63,130
205,200,116,42
200,181,1,61
222,84,35,250
138,82,46,143
234,186,254,212
200,84,186,209
49,152,80,129
199,82,186,210
151,80,64,131
198,82,186,209
202,181,1,59
71,159,22,14
200,82,187,211
219,35,59,106
150,80,63,131
242,221,15,8
151,80,65,130
149,82,64,130
209,50,24,5
211,50,25,4
249,198,145,223
149,23,45,204
202,181,3,59
204,200,116,43
184,160,71,41
36,198,29,250
203,202,117,43
147,24,46,204
32,184,116,42
147,23,45,204
233,67,96,84
22,19,193,72
2,154,15,64
209,50,26,4
198,84,186,210
202,183,3,59
199,83,187,209
150,82,65,130
200,181,3,60
93,6,216,158
37,199,28,252
204,201,117,44
37,200,28,250
37,200,29,251
231,68,96,85
235,186,255,212
200,83,185,209
95,6,217,160
204,200,115,42
200,158,36,43
147,191,92,228
214,151,75,93
225,140,107,129
209,51,26,5
148,24,46,204
204,202,116,44
236,188,255,212
209,51,25,3
205,200,115,44
149,81,63,130
35,198,27,252
231,67,97,86
36,200,29,251
37,198,29,252
225,188,194,23
137,135,185,119
236,188,255,213
13,60,21,16
139,228,84,152
205,200,117,42
85,144,226,173
209,49,26,5
148,179,199,246
231,68,98,84
234,187,254,212
231,66,96,86
193,16,227,101
234,186,255,212
45,165,217,166
93,8,216,158
151,80,65,129
202,183,1,61
209,51,26,5
203,200,116,44
33,178,86,217
50,119,134,69
232,66,96,85
210,49,24,4
202,182,3,59
81,7,243,254
233,67,96,84
172,17,51,84
233,66,96,85
14,209,48,213
209,50,26,5
211,50,25,4
202,181,209,55
231,66,96,85
233,68,98,84
93,7,215,158
198,83,186,211
4,92,102,127
181,40,210,101
95,6,217,159
101,190,114,191
233,68,96,86
56,49,248,187
196,200,113,23
151,82,65,130
84,65,45,216
236,188,255,212
236,188,255,214
149,25,47,206
57,127,120,12
210,50,24,3
37,198,29,250
36,199,27,252
203,202,116,43
200,182,1,60
95,8,215,158
204,202,116,43
209,51,26,5
198,111,184,153
240,90,76,173
200,183,3,61
95,7,215,160
209,49,26,3
147,23,47,206
198,83,186,210
198,83,187,209
200,183,3,60
149,80,63,131
201,181,3,61
201,181,2,59
236,188,254,213
198,83,185,211
68,49,206,102
37,11,9,237
234,188,255,213
150,82,63,129
205,200,117,42
151,80,63,130
22,74,11,37
149,38,247,194
149,24,47,205
200,82,186,209
151,81,64,130
115,51,99,182
211,50,25,4
200,182,3,61
69,67,218,28
232,66,98,84
202,183,2,60
201,183,3,61
204,202,116,44
161,50,32,58
235,186,255,214
200,83,186,210
222,47,76,226
94,7,217,158
204,201,115,44
233,68,97,84
149,81,64,131
237,163,247,46
203,200,115,42
209,51,26,3
77,228,54,167
204,202,115,43
148,25,47,204
200,181,2,59
24,210,214,108
149,23,45,206
204,200,115,43
233,67,97,85
210,51,26,5
205,253,147,83
203,202,116,44
131,92,198,226
201,183,1,60
160,161,179,128
236,187,255,214
148,24,47,204
94,8,216,159
149,24,45,205
93,7,215,158
93,7,217,158
205,202,117,44
18,249,50,111
175,126,36,131
94,7,216,158
200,182,3,59
141,246,74,184
206,98,219,100
200,82,187,211
144,211,222,147
147,23,47,204
203,200,116,43
205,201,117,44
149,82,63,130
199,84,186,209
250,17,170,175
231,67,96,86
36,198,28,251
36,200,28,252
61,136,106,111
209,49,26,3
209,50,25,4
235,188,254,213
233,67,98,85
210,49,24,3
64,45,83,237
196,227,36,38
208,63,20,166
201,182,3,60
234,186,255,212
210,50,26,5
93,7,216,160
210,51,26,3
232,67,96,84
199,82,187,209
37,198,29,251
102,56,149,209
199,244,229,39
94,8,216,159
203,200,116,44
149,80,65,131
187,67,191,206
232,67,96,85
212,61,164,91
41,133,243,170
201,183,1,60
151,80,64,129
68,177,154,107
150,82,64,129
200,183,1,61
150,82,63,130
149,24,45,204
149,25,46,205
198,83,186,209
200,183,1,59
37,200,28,252
124,90,22,115
156,228,181,136
97,246,167,9
250,40,152,119
210,51,25,5
235,187,255,212
147,25,45,204
204,202,117,44
234,186,254,214
232,68,97,84
141,159,51,60
36,200,28,251
150,81,65,130
205,201,116,42
93,8,217,159
232,67,96,86
18,237,167,165
203,201,115,44
204,200,116,44
151,81,65,129
235,186,255,214
134,147,175,172
37,199,28,250
199,82,185,211
201,183,2,60
86,113,209,200
87,84,6,222
94,7,217,159
150,81,65,130
93,8,215,159
234,186,254,214
211,49,25,4
95,8,217,158
178,2,107,1
36,198,27,251
37,200,27,252
199,82,186,211
199,83,187,211
36,200,29,250
35,140,32,171
37,199,27,252
183,166,249,149
37,200,29,252
95,7,217,160
25,206,105,110
232,66,97,85
11,254,133,229
227,64,118,228
36,199,28,252
201,183,1,59
205,201,117,42
201,183,3,61
82,110,4,155
47,87,26,15
235,186,255,214
211,50,26,5
235,187,255,214
147,25,46,205
198,84,187,209
37,199,27,250
234,186,255,214
232,67,96,84
90,130,13,221
198,82,187,211
37,199,28,250
94,8,215,158
94,6,216,159
200,182,3,59
36,198,27,252
211,50,26,3
205,202,117,44
147,25,47,206
232,67,98,84
16,219,176,168
236,186,254,214
94,8,216,159
36,198,29,252
231,67,98,86
204,202,116,43
35,198,27,251
22,247,165,131
74,225,212,37
204,200,117,42
94,7,217,160
149,24,46,204
232,67,98,85
151,80,65,131
37,200,27,250
249,61,7,197
202,183,1,60
200,82,186,211
36,198,27,250
236,187,255,213
211,51,24,4
58,64,173,60
149,24,46,206
234,186,255,214
204,202,115,43
233,7,219,179
116,147,59,92
116,186,146,181
203,200,115,43
36,200,28,252
236,188,255,214
210,51,25,5
202,182,3,60
93,8,216,160
66,141,15,202
93,8,215,158
232,67,96,86
205,202,116,42
35,200,28,250
145,196,147,246
205,201,115,42
204,202,115,42
221,31,145,222
148,23,47,204
147,23,45,204
199,84,186,211
231,66,96,85
168,122,157,58
145,21,152,190
202,183,3,59
19,212,70,214
56,186,205,25
92,237,79,239
54,7,102,108
205,200,116,43
45,206,1,184
236,187,254,214
236,151,102,67
200,181,1,60
64,23,11,241
62,165,209,56
199,84,186,210
161,64,212,65
37,199,28,251
204,200,117,43
95,8,215,158
198,82,186,211
151,81,64,129
149,25,47,206
35,200,27,251
209,50,26,4
149,23,45,206
211,49,24,4
168,147,94,161
149,80,63,129
35,199,27,251
211,50,25,5
35,200,28,252
31,42,162,162
35,198,28,252
209,49,25,4
37,199,29,250
200,83,186,211
207,6,178,190
231,91,176,34
46,76,1,75
234,188,255,214
235,186,255,212
235,186,254,212
149,24,46,206
94,6,215,160
211,49,26,3
235,188,255,212
35,200,28,252
93,8,216,160
210,51,24,3
140,182,239,116
239,35,3,83
113,163,164,174
232,66,98,84
36,198,28,250
134,18,90,104
234,186,255,214
94,8,215,159
45,71,251,124
148,24,47,204
148,24,46,205
235,187,255,212
236,186,254,214
234,186,255,213
196,222,216,191
147,24,45,205
234,187,255,214
198,83,186,210
14,80,229,146
234,186,254,212
101,207,104,224
205,202,116,43
36,198,27,250
210,50,25,5
149,82,65,131
200,182,3,60
147,6,164,51
146,254,0,122
154,105,86,130
234,5,236,203
205,201,116,42
205,202,116,42
210,50,26,4
234,187,254,212
198,83,186,209
219,233,218,197
148,24,47,204
233,68,97,85
232,67,97,84
235,186,255,214
204,202,115,44
202,182,1,59
130,200,224,240
200,182,2,59
232,66,96,85
210,50,26,5
202,181,2,61
149,24,45,205
231,68,98,84
199,83,185,210
35,198,27,252
235,188,254,213
205,201,117,42
205,201,116,43
150,81,64,129
254,154,124,253
151,80,64,130
235,188,255,214
249,20,200,226
233,68,96,85
202,182,2,60
210,50,26,3
27,182,194,15
150,82,64,130
149,80,65,131
238,164,5,3
133,104,88,248
101,140,113,172
209,51,26,3
204,200,115,42
95,212,193,90
202,182,2,61
232,66,97,84
147,23,47,205
206,189,12,14
199,83,186,209
202,181,2,59
202,181,3,60
95,7,217,159
151,81,65,130
217,8,52,140
193,9,171,1
90,28,204,217
210,51,25,4
203,201,116,44
209,50,24,4
43,136,161,86
149,82,65,129
150,82,65,129
233,66,96,85
151,81,64,130
199,82,187,211
200,82,187,209
209,51,25,3
149,80,64,129
147,25,45,206
201,182,2,60
213,9,28,73
95,6,215,160
199,83,186,210
231,67,98,84
96,186,51,151
22,208,169,192
148,24,47,206
234,188,255,213
236,186,254,213
242,223,72,169
231,66,97,86
204,202,117,44
200,183,1,60
203,200,116,42
148,23,47,206
36,199,27,250
151,80,63,130
204,202,115,42
201,181,1,60
94,7,215,160
191,72,81,85
246,36,90,3
148,24,47,205
221,76,67,78
153,70,64,178
148,23,47,205
37,200,28,252
69,38,218,56
159,225,79,114
125,233,126,0
181,148,156,90
95,7,217,158
204,200,115,44
198,83,186,211
59,102,38,33
45,177,74,111
25,59,89,11
232,68,98,86
33,50,141,208
231,68,97,84
115,235,103,138
150,82,63,129
36,198,27,250
185,78,128,12
234,186,255,213
210,50,24,3
72,183,132,6
11,54,84,63
200,183,3,59
200,183,3,59
151,81,65,129
7,238,182,1
235,188,255,212
149,25,45,206
232,68,98,86
148,25,45,206
202,182,1,59
202,183,1,61
131,142,48,120
94,8,215,160
233,67,98,86
232,67,97,85
235,188,255,214
147,24,47,204
205,201,115,43
199,82,187,211
235,188,255,214
36,199,28,250
205,202,116,42
88,219,68,48
232,67,96,84
123,81,186,122
94,8,216,160
198,83,187,211
148,24,47,205
60,45,106,228
204,200,116,42
149,24,46,204
203,18,69,134
232,66,98,84
149,24,45,206
231,67,97,85
235,188,255,212
231,66,96,84
232,67,98,85
205,202,117,42
149,80,64,131
149,82,64,130
11,252,75,51
94,6,217,160
150,80,64,130
95,6,215,158
200,83,186,210
155,232,212,16
151,80,63,129
203,200,115,43
87,107,121,201
95,7,216,159
232,67,96,84
35,198,28,250
233,68,97,86
200,84,185,209
39,30,156,224
134,205,1,123
35,198,28,252
206,40,219,61
36,198,29,250
93,8,215,159
210,49,25,3
199,82,185,209
203,201,116,42
205,201,116,42
221,149,133,184
149,24,47,205
235,188,255,212
207,21,124,87
110,214,160,255
201,183,2,59
164,184,134,159
232,67,97,84
199,83,186,209
84,240,240,162
234,187,254,213
52,153,109,169
203,200,116,43
200,183,2,60
147,24,46,204
35,199,29,252
210,49,25,3
149,82,63,130
209,50,26,3
200,84,186,210
231,68,96,84
231,67,96,85
18,21,178,80
53,46,221,223
94,8,216,158
149,80,65,131
149,81,63,130
214,94,22,167
94,7,216,160
94,12,60,240
204,202,116,43
201,182,1,60
71,241,250,86
88,136,145,63
36,199,27,251
140,115,223,135
147,25,47,204
108,204,50,216
217,187,167,46
26,7,200,152
190,201,138,6
203,200,116,44
71,94,181,90
97,136,85,123
202,182,3,60
151,82,63,130
36,198,28,250
55,161,255,50
193,227,92,114
35,200,28,250
210,49,25,3
149,81,65,131
148,25,46,205
94,7,215,160
35,200,27,252
86,133,88,149
205,201,117,43
148,23,46,206
210,51,24,5
236,186,255,213
149,24,46,204
231,67,98,86
209,51,26,5
211,50,24,5
82,1,134,4
56,53,14,181
201,181,2,61
111,175,161,90
95,8,215,158
220,114,2,205
37,199,29,250
234,188,255,212
211,9,216,4
93,8,217,160
200,183,2,61
149,82,63,131
204,200,115,43
36,199,28,251
233,67,96,84
202,181,3,59
210,49,26,4
235,186,255,214
211,49,25,3
199,83,185,210
235,188,255,212
201,183,2,59
93,6,216,160
151,82,64,131
233,67,98,85
203,202,116,44
61,204,136,216
64,85,113,183
235,187,255,212
236,187,254,214
149,81,64,130
42,78,190,157
193,202,62,144
60,189,96,18
232,66,96,85
106,42,223,248
222,56,154,229
148,25,45,205
36,199,28,250
36,200,27,251
203,26,40,185
36,200,28,251
148,166,152,247
232,66,96,85
234,186,255,214
232,66,97,84
34,146,248,25
235,186,255,214
148,24,45,204
151,96,38,102
36,200,28,251
209,50,25,5
203,201,115,44
66,6,71,192
235,187,255,213
149,23,47,206
209,49,26,4
148,23,46,206
231,68,96,85
148,23,46,205
232,66,97,86
233,67,97,85
148,23,47,205
231,68,96,86
205,201,115,44
11,121,85,26
37,199,28,251
148,24,45,205
181,59,135,208
73,82,210,190
150,80,64,129
232,68,96,84
211,65,67,46
198,82,186,211
94,7,217,159
8,144,197,170
198,246,118,76
232,66,96,84
232,66,98,86
95,6,216,158
93,8,215,160
202,190,138,24
211,51,26,5
198,82,187,209
204,202,117,42
11,254,203,139
172,151,52,18
137,17,24,131
35,199,28,252
35,198,27,252
211,50,26,5
150,82,63,129
79,87,76,80
151,80,63,130
233,68,96,84
204,202,115,42
150,81,65,130
89,126,116,21
95,6,215,160
148,25,45,206
148,25,45,205
149,80,64,130
197,127,4,154
203,202,117,43
93,8,215,159
182,53,65,234
149,24,47,206
147,25,47,206
93,6,215,159
235,186,255,214
205,201,116,42
148,24,47,204
203,202,116,44
231,67,98,84
147,23,47,205
204,202,115,44
232,68,96,86
200,83,186,210
149,81,63,130
36,199,29,251
53,210,38,147
27,49,179,149
36,198,29,252
213,18,217,6
36,199,28,251
93,7,217,160
204,200,115,42
231,68,98,86
35,199,27,251
111,10,93,208
200,182,2,59
194,106,160,182
200,84,187,211
234,188,254,213
182,199,105,31
89,231,71,81
231,66,98,85
244,95,7,84
10,175,51,207
36,198,27,250
95,8,217,158
149,80,64,131
235,186,255,212
148,24,46,204
233,68,98,84
203,202,117,44
151,165,78,131
200,181,3,60
191,131,63,92
151,80,64,129
211,50,25,3
236,186,255,213
96,184,179,151
93,7,215,160
234,188,254,212
19,34,96,209
199,83,187,211
203,202,116,43
210,49,24,5
211,49,25,4
200,182,3,61
210,51,24,3
36,200,29,251
210,50,26,4
200,82,187,210
199,82,187,211
93,7,216,159
236,188,255,213
150,81,63,129
210,51,24,4
56,202,203,17
198,84,186,211
210,50,25,3
211,50,26,3
234,188,254,213
232,68,98,84
198,83,186,210
233,68,96,86
139,42,100,221
190,87,102,11
93,8,215,158
150,82,63,131
47,181,71,181
150,82,63,130
205,201,116,43
95,8,217,160
11,46,20,61
232,67,98,84
233,66,97,86
203,201,116,44
150,82,63,131
204,200,117,42
208,199,76,151
200,83,186,209
148,25,46,206
147,24,45,206
36,252,23,214
202,181,1,59
147,25,45,206
200,83,185,210
150,80,65,131
233,68,97,85
186,66,54,44
37,199,27,251
20,109,138,49
231,68,97,84
21,141,110,70
159,31,209,240
17,200,15,15
93,7,217,159
197,178,111,240
234,186,254,212
148,24,46,206
185,193,214,166
148,24,46,204
209,50,24,4
235,188,255,213
199,82,185,209
147,24,45,206
151,81,65,130
118,92,190,134
201,182,2,61
199,84,186,210
205,202,116,42
6,12,173,109
151,80,65,131
53,157,67,39
151,80,65,129
231,67,98,86
232,66,96,86
90,110,83,115
171,52,8,77
33,107,117,66
207,110,243,52
148,25,46,206
204,202,116,42
95,7,216,159
37,198,28,251
17,64,29,240
82,27,203,2
210,49,26,3
235,187,255,214
210,50,24,3
37,198,29,250
35,200,28,250
199,84,185,211
205,200,115,44
120,154,4,70
143,170,143,46
161,56,49,70
95,6,217,160
233,66,97,84
95,8,216,159
201,182,3,59
148,24,46,206
95,7,215,158
148,23,46,206
5,223,129,184
151,81,64,131
96,134,234,249
59,164,150,228
37,198,28,250
200,84,186,209
40,19,226,164
201,183,1,59
204,202,116,43
235,187,254,212
172,120,185,93
179,184,178,240
94,7,215,158
93,6,215,158
148,83,158,192
95,8,216,159
148,23,45,204
56,194,102,251
98,155,173,192
149,82,65,131
147,25,47,204
133,145,62,183
202,182,3,60
147,23,45,205
26,106,142,200
130,131,146,168
236,186,254,212
236,186,254,214
200,82,185,211
235,186,254,213
147,25,47,205
139,127,224,81
231,67,97,86
205,201,116,42
233,68,98,86
235,186,254,214
204,202,115,43
200,16,36,231
37,200,28,252
93,8,217,160
211,50,26,3
231,66,98,84
107,124,14,189
253,139,93,164
158,144,61,7
202,48,255,67
148,25,46,204
35,200,27,252
35,199,29,252
55,5,66,117
93,6,215,160
149,23,45,204
169,63,222,240
151,80,64,129
150,80,63,129
36,199,29,250
204,202,116,42
235,187,254,214
73,66,222,157
232,66,98,85
234,186,255,214
36,200,29,252
12,239,215,235
231,68,96,84
233,67,98,86
205,200,116,42
231,66,96,86
93,7,215,158
234,187,254,212
147,24,47,205
50,63,196,249
35,199,29,251
203,164,12,43
202,214,252,43
129,165,70,239
105,156,73,166
211,50,26,5
228,94,186,198
35,200,29,252
243,92,78,195
202,181,2,61
210,49,25,3
203,151,227,180
63,84,119,132
94,6,217,158
40,196,75,112
149,25,47,204
235,186,254,212
104,105,16,218
219,236,129,184
200,82,185,211
115,89,156,31
164,172,38,38
200,11,23,22
201,181,3,59
149,81,64,129
198,83,185,211
84,111,225,127
202,181,3,60
149,23,46,205
222,154,191,111
148,25,45,204
247,156,49,108
145,101,159,213
205,200,115,43
198,83,186,210
202,183,3,61
248,11,10,225
202,181,3,60
198,70,106,152
202,182,2,59
147,25,47,205
211,50,25,4
217,56,171,210
235,188,255,213
151,82,63,130
151,81,64,131
233,67,98,84
170,195,220,184
169,28,216,167
147,24,45,204
46,216,148,54
147,24,47,205
201,181,3,59
150,81,64,130
145,147,18,170
83,190,100,150
213,178,31,87
37,200,28,250
234,187,255,212
232,68,98,84
249,231,103,29
147,25,47,204
253,205,37,20
234,186,255,214
35,199,27,251
37,199,28,252
231,68,98,84
221,156,47,226
202,181,3,59
200,183,1,59
205,200,115,43
232,68,97,86
148,24,47,205
234,187,255,214
233,67,97,86
150,82,64,129
231,66,97,84
204,202,116,44
204,200,116,43
207,159,44,209
199,82,187,210
147,25,45,204
231,66,97,84
180,58,106,5
149,23,45,206
93,6,217,159
36,200,27,252
58,61,29,31
235,188,254,212
198,84,187,210
20,185,189,65
234,188,255,214
169,116,138,185
203,200,117,43
93,8,217,159
94,7,215,159
147,23,47,205
64,111,248,157
210,49,25,5
232,68,96,86
39,58,92,84
200,83,185,210
52,207,109,118
198,83,185,209
200,82,185,211
148,24,45,205
37,200,29,250
93,6,216,159
110,177,120,51
205,202,116,43
31,210,6,88
198,84,185,210
150,81,63,129
202,183,1,60
139,130,131,210
231,68,96,85
243,60,76,107
99,90,220,57
234,186,255,212
210,49,25,3
250,135,92,110
217,214,192,246
191,198,110,9
236,187,255,212
36,199,27,251
209,50,26,4
0,104,13,122
236,187,255,214
235,187,254,213
148,23,47,206
149,80,64,130
94,6,215,160
149,24,47,206
129,235,208,77
96,89,127,20
201,183,1,60
231,68,98,85
236,187,255,214
183,31,211,16
47,149,42,47
37,200,28,250
36,200,27,252
202,181,1,60
233,68,96,86
36,198,28,250
58,171,53,116
233,67,97,84
233,68,96,84
93,6,215,159
195,211,20,0
198,83,185,209
147,24,46,205
201,183,2,61
94,6,216,159
151,81,64,131
150,195,58,87
210,50,24,3
231,67,98,84
232,68,98,85
231,68,98,85
235,187,255,212
149,82,65,130
199,84,187,211
92,212,211,138
232,66,97,84
210,51,26,4
37,200,27,250
211,50,26,3
93,7,217,160
16,205,88,249
79,18,241,179
136,69,172,228
211,49,26,5
209,49,25,3
94,8,215,158
24,155,242,54
147,23,45,205
199,82,185,211
234,187,255,212
147,23,46,204
237,175,218,212
201,56,108,253
200,84,187,211
3,145,144,109
148,24,45,204
150,81,63,129
211,51,24,5
89,206,133,51
126,246,47,126
173,175,217,143
166,93,130,167
252,89,214,181
239,121,32,42
151,82,64,130
93,6,215,158
198,82,185,210
36,198,29,250
60,186,179,218
236,187,254,212
148,24,46,206
161,121,10,3
245,180,120,123
120,236,50,252
203,202,115,44
232,67,97,85
232,66,98,85
224,212,89,247
233,66,98,85
151,80,63,131
149,23,45,204
37,198,27,252
37,198,28,250
4,98,244,15
93,220,33,132
73,85,131,74
94,8,216,158
149,80,64,129
149,81,64,129
200,182,3,59
175,51,122,30
93,10,121,190
148,25,46,206
150,80,63,131
235,188,255,212
194,23,216,210
235,188,255,214
232,66,98,85
72,213,250,127
36,200,29,250
210,50,25,5
199,82,187,211
37,198,27,251
147,23,45,206
151,218,189,33
199,84,185,211
177,32,142,205
252,195,184,138
201,183,3,61
210,51,24,3
35,200,29,250
149,23,47,204
147,24,46,204
221,168,14,45
235,187,254,212
209,50,26,3
231,67,96,86
211,49,26,4
127,96,15,188
95,7,217,158
94,7,216,159
93,8,217,158
214,62,75,17
252,159,207,108
235,188,254,212
233,68,98,86
233,66,97,84
202,181,2,60
201,183,1,61
235,186,254,214
151,81,65,129
232,67,96,86
91,63,208,211
2,149,198,108
196,67,243,235
149,80,63,131
203,201,115,43
93,8,216,158
236,186,255,213
199,83,185,211
242,203,33,188
202,183,1,60
37,199,28,251
133,224,97,1
211,51,25,4
149,25,47,205
209,51,25,4
236,186,254,212
204,200,117,42
231,68,97,85
150,82,65,130
95,8,217,159
150,81,63,129
232,67,96,84
178,43,188,145
198,83,187,210
203,202,117,43
210,51,26,5
37,200,29,252
214,84,38,186
209,50,26,4
93,7,216,159
204,202,117,44
217,123,141,125
101,36,18,22
233,67,96,84
231,66,97,85
211,49,25,3
97,129,242,220
12,215,149,136
94,7,215,159
232,67,98,85
157,98,84,144
122,195,249,8
93,6,215,158
186,89,193,153
200,83,185,211
161,94,215,71
67,211,86,67
152,241,132,19
231,66,96,85
36,200,27,251
235,187,255,214
93,7,216,160
175,2,49,172
173,203,155,151
199,84,185,211
204,201,116,44
236,187,255,213
201,181,1,59
210,51,25,5
35,200,29,250
37,199,29,252
148,23,45,204
15,72,184,62
209,51,24,3
236,188,254,213
176,101,191,3
35,200,28,252
198,84,186,211
36,199,27,251
86,158,249,224
236,186,255,214
36,200,27,252
199,83,187,209
94,7,217,159
211,49,25,4
100,100,134,36
203,10,200,115
108,71,120,22
200,83,186,209
137,39,0,212
209,51,26,5
43,192,190,237
37,200,29,250
211,49,25,4
198,82,187,210
71,38,29,156
145,17,55,113
198,83,187,210
149,23,45,206
95,8,215,159
148,23,47,206
95,8,216,158
250,98,228,244
200,181,1,61
35,198,27,252
95,8,217,158
231,68,98,85
129,78,96,111
95,8,216,160
200,182,1,60
149,25,47,206
209,49,24,5
150,82,64,130
159,113,164,173
235,188,255,214
94,6,215,160
201,182,1,59
233,68,96,84
149,25,47,205
35,198,27,251
210,51,25,4
93,6,215,158
189,1,135,154
203,202,117,42
235,186,255,213
201,182,2,60
35,198,29,250
199,83,185,209
204,202,115,44
204,200,117,44
93,8,215,160
234,188,255,214
201,181,2,60
148,25,45,204
231,68,97,84
193,214,95,188
236,188,255,213
95,8,215,159
60,119,205,166
37,199,27,251
95,7,216,158
184,82,46,91
199,82,186,210
151,82,64,129
203,200,117,43
195,59,28,71
151,81,65,131
134,187,116,52
0,183,71,134
49,22,104,34
153,28,90,104
147,24,46,206
93,7,216,158
80,254,94,160
37,200,28,250
149,23,45,204
200,82,186,209
94,7,217,159
209,49,26,4
149,24,46,206
232,66,97,85
139,86,226,27
210,49,25,4
24,33,181,46
210,108,10,93
142,71,191,212
130,232,211,107
209,50,26,3
198,82,186,211
211,177,207,53
45,172,215,66
87,102,156,36
200,183,2,59
202,181,3,61
121,224,9,247
76,67,148,208
151,80,63,131
235,88,197,203
236,188,255,213
92,51,131,239
200,181,1,61
200,182,1,59
151,82,63,129
36,200,29,250
201,181,1,60
142,152,241,194
45,153,207,202
92,166,169,49
94,6,216,159
94,6,216,159
232,67,98,85
201,183,3,61
150,81,63,131
202,183,3,61
149,23,45,204
151,82,63,129
150,81,64,131
201,181,1,60
95,8,217,158
6,174,2,77
231,66,98,85
234,188,255,212
205,202,116,44
204,200,115,42
203,201,117,42
232,66,98,86
243,196,185,132
200,84,186,209
180,68,40,233
234,187,254,214
10,183,201,92
236,187,255,214
233,68,98,84
61,66,250,137
216,131,48,72
232,66,96,86
209,51,25,5
36,200,27,251
202,183,3,61
198,84,185,211
235,188,255,213
204,201,115,42
35,198,28,252
232,68,96,84
194,127,244,203
200,84,185,210
37,200,27,251
150,81,65,130
70,58,60,123
200,183,1,60
149,24,46,205
95,7,215,158
96,64,216,91
231,68,98,86
234,186,255,213
199,84,186,209
202,183,2,59
92,126,217,3
209,49,26,5
243,42,21,150
147,25,47,204
94,6,216,159
137,210,176,252
35,200,29,252
201,181,2,61
211,51,24,3
202,182,2,59
243,197,89,211
202,182,3,59
35,200,27,250
148,24,45,206
253,109,179,62
36,200,28,250
6,206,163,118
200,84,186,210
149,82,64,131
238,125,54,80
211,51,26,4
45,210,243,173
232,80,8,103
155,65,233,71
36,199,28,252
4,67,216,104
93,6,215,160
149,82,64,130
5,20,140,116
206,17,26,79
200,182,2,59
233,105,83,19
90,152,130,106
164,135,170,60
232,68,98,86
93,8,215,160
199,83,187,210
95,8,216,158
202,181,1,60
202,181,2,61
231,67,98,84
202,182,1,61
148,25,47,204
236,188,255,212
200,84,187,211
199,236,147,116
231,67,98,85
37,199,28,251
218,200,248,112
233,68,96,85
232,87,252,146
231,67,98,84
169,142,203,243
248,189,160,132
188,110,211,161
151,81,65,130
204,202,116,43
231,67,97,84
157,87,82,151
93,7,217,158
211,51,25,3
93,8,216,160
167,105,221,146
80,180,21,237
151,82,63,129
199,83,185,210
234,188,254,214
210,50,26,3
93,8,216,158
203,200,117,42
208,198,220,217
246,202,151,230
235,187,255,212
149,25,47,205
202,182,2,60
164,243,255,224
84,41,202,193
200,82,185,210
210,51,25,5
22,93,104,9
211,50,25,3
188,48,53,140
211,49,26,5
198,84,186,210
94,7,216,158
95,7,216,158
149,82,65,130
210,51,25,4
150,81,65,131
141,184,99,117
122,9,233,23
233,66,96,84
236,187,254,214
232,68,97,86
210,49,25,4
209,51,26,3
66,161,88,139
211,50,26,4
235,186,255,213
95,8,216,158
174,40,100,133
205,200,117,44
93,8,215,159
54,179,252,26
9,191,98,60
111,220,51,162
23,25,19,226
204,200,117,44
63,118,51,62
94,7,216,158
211,49,25,4
57,14,68,53
93,6,217,159
172,205,245,39
67,83,74,102
147,24,47,204
194,66,69,78
39,156,248,43
155,189,150,245
198,83,186,210
198,192,125,185
199,83,187,211
55,136,205,219
233,66,96,84
201,182,1,59
123,37,205,245
199,82,187,210
234,188,255,212
236,186,254,214
233,67,97,86
36,198,29,250
200,84,186,209
200,84,185,209
90,5,79,152
94,7,215,160
215,216,235,228
201,182,2,60
150,82,63,129
150,81,64,129
231,67,97,85
199,83,185,209
215,152,13,136
234,188,254,212
204,200,115,44
244,246,216,43
205,202,115,43
34,160,123,253
33,142,107,145
233,68,98,84
210,51,26,3
236,187,254,214
231,66,97,84
147,23,45,206
235,188,255,214
119,194,129,151
201,181,3,61
209,51,25,5
80,33,161,197
210,49,25,4
35,199,28,251
70,114,111,151
201,181,3,60
211,51,26,3
150,82,64,129
96,0,66,222
149,80,63,129
149,23,46,206
199,82,186,211
94,8,215,160
233,68,98,84
35,198,29,250
200,82,187,209
203,202,117,44
36,199,28,251
37,200,27,250
148,24,46,205
150,82,65,129
204,201,116,44
150,81,64,131
234,186,254,213
234,187,255,214
149,80,64,130
149,81,64,129
113,52,116,201
149,23,45,204
17,239,164,253
95,6,217,160
201,181,1,60
205,200,117,42
37,199,27,251
22,130,35,155
95,6,217,160
129,12,172,89
205,201,117,44
150,80,64,130
209,51,26,5
232,66,97,84
205,201,115,42
211,51,25,3
149,23,46,206
147,24,47,205
93,6,217,159
35,199,28,252
236,186,255,213
94,6,216,160
234,188,255,214
132,219,128,167
210,51,26,5
129,192,243,64
97,59,30,27
137,127,216,30
104,206,135,217
202,183,1,61
93,8,215,159
37,199,28,251
235,188,254,213
64,195,186,34
148,24,45,204
211,50,26,4
203,200,116,42
160,32,224,224
168,190,15,54
64,206,232,51
235,188,255,213
201,181,3,59
204,200,117,43
151,80,65,129
198,82,186,210
37,199,27,251
151,82,64,131
148,25,47,204
236,188,255,214
151,82,65,131
211,49,24,5
149,82,65,131
233,68,98,86
200,183,3,61
36,198,29,251
184,175,173,203
93,6,217,159
13,85,249,195
201,183,3,61
209,51,26,4
35,198,29,252
209,51,24,5
235,188,255,214
95,6,215,160
147,25,47,204
147,25,45,205
205,202,117,44
209,49,25,4
151,82,65,130
205,201,115,44
76,71,182,219
151,80,63,130
149,80,63,129
199,83,186,209
117,179,226,112
2,113,103,216
142,84,83,34
95,7,216,158
235,186,255,213
31,248,251,3
36,199,29,251
36,198,29,251
16,33,4,222
198,84,186,209
44,12,214,64
147,25,45,206
67,62,47,58
155,85,119,86
35,198,28,250
94,6,216,158
233,68,96,85
133,114,188,100
35,200,27,252
149,81,63,131
203,201,115,44
7,167,131,215
205,201,115,42
211,49,24,3
202,182,2,61
95,6,217,159
229,211,183,232
36,200,27,252
52,241,72,112
71,226,23,63
37,79,239,108
148,25,46,204
98,252,65,76
204,202,115,44
234,187,254,213
37,198,29,252
149,80,63,131
200,83,185,210
236,186,254,214
36,198,28,252
93,8,217,159
235,186,255,212
235,188,255,214
235,188,255,213
198,82,185,211
209,50,24,5
151,82,63,130
202,181,3,59
231,67,98,84
210,51,26,4
37,200,249,170
101,214,169,230
95,8,216,159
36,199,28,251
21,103,15,128
203,201,117,44
149,25,45,205
205,200,116,42
37,199,29,250
147,25,45,206
147,13,239,221
39,72,99,238
200,84,186,211
37,198,29,251
201,181,3,60
149,24,46,206
236,186,254,214
149,80,65,131
147,23,46,206
37,199,27,250
149,80,63,131
202,183,3,59
35,200,27,251
198,83,185,209
51,111,32,138
65,139,21,52
165,64,121,250
37,199,28,252
36,199,27,250
93,7,216,159
109,64,237,16
211,51,25,4
211,49,26,4
148,23,47,206
169,120,11,1
95,100,111,122
231,66,97,85
212,196,131,135
36,199,27,250
16,104,249,206
93,6,216,159
45,215,157,232
234,186,255,213
202,183,2,59
94,7,217,158
243,45,73,140
82,131,95,164
200,182,3,61
235,85,209,220
235,8,63,26
37,200,27,252
232,67,98,86
36,198,29,250
203,202,116,44
210,50,26,5
202,18,114,83
76,63,82,238
209,50,26,5
85,3,15,234
93,8,215,160
199,82,185,210
210,51,25,5
180,126,47,14
232,67,96,84
15,240,147,26
233,68,97,86
196,234,152,191
149,24,47,206
202,181,3,59
94,8,215,159
201,182,3,59
236,187,255,214
211,49,25,5
205,201,117,44
215,55,214,30
236,188,254,212
17,40,2,201
204,201,115,44
234,196,241,16
42,216,21,88
151,80,64,131
13,198,120,183
150,82,63,131
236,186,255,213
94,8,217,160
210,50,26,4
2,247,56,80
35,199,28,250
201,181,3,61
205,202,116,43
235,187,254,212
197,74,80,166
254,85,53,175
93,8,217,159
149,25,46,204
205,200,115,42
166,162,150,157
198,63,234,94
235,186,255,214
149,25,45,205
149,24,46,204
210,50,24,5
205,200,116,44
235,186,255,212
184,66,10,186
147,24,45,205
178,144,53,127
165,221,21,20
199,82,187,209
117,134,42,115
126,159,78,189
163,3,206,242
235,188,255,212
37,198,28,250
151,80,65,131
36,198,27,252
150,80,65,129
204,202,117,43
134,16,75,75
205,200,117,42
94,6,217,158
35,200,29,250
200,82,186,210
142,106,68,3
151,80,63,129
86,87,97,233
209,51,26,4
149,82,64,130
35,199,27,250
202,182,2,59
125,47,121,172
151,82,65,130
95,7,217,158
93,8,216,159
236,186,254,214
202,183,3,61
198,83,185,209
147,24,46,206
188,217,64,92
69,253,249,13
149,80,64,129
147,23,47,204
78,33,200,181
210,51,25,5
198,83,185,209
202,216,68,188
95,6,216,158
151,80,63,131
203,202,116,44
196,16,177,163
127,67,109,187
238,15,79,203
94,6,216,158
149,24,45,206
199,84,186,209
149,81,64,129
235,186,255,213
23,15,194,107
199,84,187,210
198,82,187,211
231,66,96,84
74,210,14,249
167,190,118,49
148,25,45,206
148,23,47,206
204,202,115,44
150,82,63,131
151,82,65,130
231,68,98,86
95,6,216,159
231,66,98,86
163,232,190,156
235,186,255,213
149,82,63,130
234,188,255,214
201,181,3,61
103,82,140,158
198,83,185,209
37,198,29,250
217,253,204,168
205,202,116,42
3,92,201,243
200,84,187,210
198,82,185,210
81,81,31,108
147,25,47,205
235,187,254,214
94,6,216,160
35,198,28,250
198,84,187,209
151,82,64,130
235,186,255,213
182,171,64,137
94,8,216,159
90,41,40,103
63,23,204,134
150,82,64,131
147,25,47,204
151,82,64,129
210,49,24,5
37,200,28,250
233,67,98,85
223,206,70,255
235,186,254,212
149,82,65,129
205,201,115,44
74,185,26,51
147,23,46,206
94,7,217,160
233,66,97,84
203,201,116,44
26,185,105,99
203,64,93,36
94,7,217,159
200,84,187,211
199,84,187,209
36,140,206,70
31,174,213,101
205,200,117,43
180,242,112,170
147,23,47,205
9,194,50,227
235,187,255,213
211,49,26,3
217,87,175,85
150,81,64,131
202,183,1,60
200,84,187,210
36,199,28,251
95,103,80,158
25,23,95,53
232,66,97,85
37,200,28,252
150,80,64,130
149,81,63,129
93,7,215,159
200,181,3,60
197,22,17,189
232,66,96,86
233,68,96,85
208,73,34,186
235,88,192,99
202,183,1,60
210,50,25,4
204,202,117,43
148,25,45,206
198,82,185,209
203,201,117,42
142,63,13,119
231,67,96,84
211,50,24,4
93,6,217,160
36,200,29,251
200,182,1,59
94,3,220,211
232,66,96,85
43,184,176,156
235,187,255,213
148,23,47,204
93,6,215,158
204,202,117,43
207,65,220,231
151,80,65,131
35,200,28,251
201,182,1,59
240,225,167,89
204,202,117,42
150,82,65,130
198,16,243,99
235,186,254,214
35,200,27,250
200,181,1,61
36,199,28,250
192,19,251,112
209,49,25,4
43,219,118,32
231,67,97,84
205,201,116,44
35,199,29,250
175,43,70,2
149,81,64,129
94,6,215,159
200,84,187,209
201,182,2,60
235,186,255,214
203,26,218,48
209,51,24,3
211,49,26,3
200,83,186,209
49,237,145,198
198,82,186,210
95,7,216,160
35,199,27,252
236,186,255,212
198,82,185,211
84,4,183,102
9,45,220,15
234,186,255,212
181,223,135,160
205,200,116,44
199,82,186,209
102,85,165,27
201,181,2,59
234,187,254,212
35,200,28,252
202,181,1,61
36,28,124,78
112,36,61,193
58,101,140,207
207,215,36,126
232,68,98,84
205,200,117,43
233,66,97,85
205,200,116,42
251,129,63,241
204,200,115,43
200,182,1,59
236,187,255,213
200,181,2,61
93,6,217,159
247,86,238,179
149,24,47,204
99,113,39,115
234,188,255,212
149,82,64,130
7,252,68,197
248,85,233,51
200,188,117,188
148,25,47,205
235,186,254,214
149,24,45,205
210,50,24,3
19,57,21,253
199,83,186,211
148,23,46,205
149,81,64,129
35,198,27,250
149,82,64,130
205,201,115,44
189,98,228,196
236,188,255,214
193,123,97,237
147,23,47,204
232,67,96,86
149,81,63,131
149,60,83,42
204,201,115,44
74,177,194,208
95,6,216,158
201,252,90,117
53,209,208,41
151,82,64,130
210,51,25,3
231,68,98,85
149,24,47,205
149,24,46,204
252,147,15,70
210,49,24,3
150,82,65,129
199,84,187,209
231,68,97,85
99,135,191,83
81,184,200,213
222,172,88,236
205,201,116,44
202,181,3,60
250,66,36,251
35,199,29,250
36,200,27,251
233,66,96,84
148,65,9,6
65,63,246,110
199,82,187,210
205,201,115,43
81,12,127,84
93,8,216,159
200,182,3,59
235,187,254,212
37,199,29,252
203,201,115,42
233,68,96,85
198,143,32,45
209,51,24,3
89,57,17,19
210,51,26,5
198,83,187,209
209,50,24,3
147,24,45,205
235,186,255,212
92,236,72,34
37,199,29,252
95,6,217,158
9,241,198,190
149,25,47,204
248,97,240,52
200,183,3,60
37,199,27,250
150,81,64,131
232,68,97,86
92,69,228,36
236,188,254,213
205,200,115,43
233,67,97,84
149,80,63,131
248,142,111,215
84,78,35,136
87,113,176,201
231,67,96,85
95,7,216,158
236,186,254,213
243,95,23,181
199,82,187,209
251,184,120,51
41,199,162,91
95,8,217,160
148,51,139,138
110,213,230,210
38,129,253,143
198,83,186,210
147,24,47,204
231,67,96,85
181,253,193,55
224,206,168,233
186,13,147,211
211,50,26,5
201,181,2,60
150,80,65,129
202,183,1,59
149,23,47,206
199,82,185,210
201,181,2,59
211,51,26,4
200,84,186,211
209,51,24,5
235,187,254,213
3,73,33,229
235,188,254,212
235,186,254,214
226,76,251,178
231,68,98,85
232,67,98,86
234,187,255,212
128,57,19,197
110,217,166,112
13,241,193,19
210,50,26,3
200,82,185,209
130,105,253,239
148,24,46,204
147,24,46,206
47,13,145,169
202,183,1,59
95,7,215,160
200,82,186,209
234,187,255,212
199,84,186,209
151,80,64,129
45,85,241,232
120,46,71,18
235,187,255,212
200,182,1,59
151,81,64,130
151,81,63,129
211,49,24,4
235,187,255,214
128,162,212,128
68,93,30,69
149,80,64,130
200,82,187,211
235,186,255,214
209,51,26,4
150,82,65,131
147,25,45,206
200,183,2,59
150,81,64,131
58,93,188,194
200,181,2,59
235,188,255,213
202,183,3,60
95,8,217,159
232,66,96,85
225,73,100,163
205,200,115,42
200,181,2,59
85,128,191,194
151,82,65,129
198,84,185,209
151,80,63,129
209,50,24,4
210,50,24,3
209,49,24,4
116,87,108,130
200,183,3,59
93,6,215,159
211,49,25,3
95,8,216,160
137,33,253,181
205,202,115,43
9,254,43,103
211,51,26,4
148,24,45,206
232,68,97,84
236,186,255,213
203,200,115,44
210,50,24,3
35,216,206,200
151,81,65,130
234,188,255,213
162,21,139,127
252,59,152,128
236,186,254,212
209,49,26,4
149,23,45,204
150,81,63,129
234,188,255,214
202,183,3,61
209,51,26,3
93,7,216,159
200,181,3,61
148,24,47,204
94,7,216,159
150,82,64,129
236,188,255,213
200,182,3,61
200,183,2,61
224,58,111,110
209,49,26,4
144,199,127,218
199,82,185,211
151,82,65,130
149,82,63,130
145,8,252,243
147,67,1,10
76,97,144,84
21,242,9,84
149,80,63,131
209,50,26,3
200,83,186,209
145,7,94,8
105,86,179,114
236,217,194,161
150,81,63,130
171,55,60,3
231,66,96,86
203,200,116,43
85,6,141,100
237,233,113,252
28,27,187,103
149,24,45,204
111,65,54,58
211,51,25,4
201,181,2,61
242,241,159,188
95,7,215,160
179,46,2,126
233,68,97,86
202,183,1,59
235,186,254,212
202,182,1,60
185,172,70,253
202,69,186,125
149,23,46,205
150,80,65,130
215,35,132,155
45,132,47,146
37,199,28,252
30,158,204,142
151,82,64,129
233,66,96,85
108,28,5,137
147,23,45,206
22,143,52,132
202,182,1,60
143,10,133,148
235,187,255,213
35,200,29,250
235,188,254,213
231,68,96,85
153,139,173,41
200,84,187,209
93,6,216,158
37,200,27,250
147,24,48,150
209,50,25,3
94,6,216,160
198,83,186,211
36,198,29,251
113,0,103,76
109,1,213,71
199,84,185,210
200,182,3,61
36,198,28,250
163,123,133,235
94,8,215,160
48,59,196,58
147,25,47,206
95,6,216,160
48,35,215,196
73,20,126,146
235,186,255,213
145,147,111,136
37,199,29,252
184,241,11,74
95,6,217,159
207,78,168,202
205,202,116,43
149,82,65,131
232,66,98,85
199,83,185,210
200,182,1,61
176,71,78,130
232,66,97,85
93,8,217,160
149,80,63,130
200,120,203,18
211,49,24,5
94,173,21,21
234,188,255,213
233,68,96,84
211,50,25,4
214,15,46,197
243,174,134,217
122,246,221,115
198,82,186,209
203,202,116,44
147,24,45,206
204,202,116,42
147,25,46,204
233,67,96,84
201,181,2,61
65,249,58,124
227,113,168,203
94,8,216,158
199,83,186,210
202,181,1,61
35,198,27,251
203,202,116,44
27,147,3,98
151,81,65,131
200,83,187,211
149,80,64,130
224,36,201,5
234,187,255,214
235,186,255,214
234,186,255,212
236,188,255,213
70,131,247,222
200,182,2,59
209,51,24,3
205,201,115,42
169,239,224,202
231,67,97,85
199,84,185,210
232,68,98,84
149,82,64,131
234,186,255,212
236,188,254,213
201,182,2,60
231,66,96,84
149,24,46,204
237,235,243,147
232,66,96,85
211,50,24,3
24,248,227,88
236,186,255,214
147,24,45,205
36,27,242,119
148,23,46,206
203,109,120,170
151,81,64,131
151,82,64,130
234,186,254,213
148,23,46,206
37,199,29,251
231,67,96,86
211,50,25,3
231,66,98,86
232,67,97,85
151,82,63,129
203,200,116,43
199,84,186,211
203,202,116,43
202,181,1,60
239,196,28,126
145,220,122,84
198,84,186,211
94,7,217,159
198,84,187,210
161,120,111,139
53,30,176,205
205,202,117,43
209,49,26,5
211,50,26,4
35,199,27,250
93,7,217,159
223,18,123,10
94,8,215,160
211,49,26,5
234,187,254,214
186,145,73,112
149,24,46,206
201,181,1,61
210,50,26,5
37,200,29,252
199,82,186,210
148,25,47,204
201,181,1,60
209,51,26,5
216,119,42,13
201,181,2,59
201,181,2,61
209,51,24,4
102,114,245,193
172,43,247,217
211,50,24,5
80,139,122,35
236,186,255,214
231,66,98,84
150,194,184,14
236,186,255,214
204,201,116,44
151,81,65,131
150,80,65,130
147,25,47,206
166,242,39,7
203,200,115,43
148,24,47,206
37,199,27,252
232,68,96,84
231,66,98,84
149,81,65,130
147,23,45,204
149,23,47,204
151,80,64,129
93,8,215,160
200,182,1,61
95,7,217,160
210,50,25,3
36,199,28,251
149,25,46,204
231,66,98,85
234,186,255,214
234,187,255,212
149,24,45,205
231,66,97,86
94,6,217,159
205,200,115,42
234,186,255,214
233,66,98,85
204,200,116,44
34,148,212,17
196,190,252,60
167,227,72,169
236,235,166,198
36,200,29,250
202,182,3,60
210,51,26,3
210,51,25,3
201,182,2,61
37,200,29,252
147,25,45,204
37,198,29,251
113,35,116,77
8,82,84,254
35,198,29,252
211,51,25,4
200,82,186,209
36,198,28,250
147,24,47,204
201,183,3,60
150,82,65,129
210,50,26,4
93,7,215,160
203,201,116,43
101,116,228,83
232,67,96,84
198,82,187,209
82,253,10,34
37,198,28,250
211,50,26,5
148,24,46,206
199,83,186,209
209,51,26,4
202,182,2,59
234,187,255,213
203,105,40,102
173,47,27,115
109,113,201,62
235,187,255,212
113,217,73,82
95,6,216,160
15,218,110,97
149,82,64,129
231,98,156,66
36,200,28,250
149,25,47,205
35,198,29,250
149,80,63,131
148,221,17,134
217,52,181,25
116,242,52,176
85,88,160,26
199,84,187,210
148,25,47,205
199,83,187,210
205,202,115,43
150,81,63,129
170,96,208,45
204,201,116,42
201,182,1,59
225,193,136,202
2,48,159,86
95,7,216,160
204,201,117,44
72,189,151,51
250,95,180,237
39,8,95,132
200,82,186,210
220,105,169,245
231,67,98,86
215,81,43,213
244,144,88,220
232,67,97,84
198,84,187,209
235,188,254,213
249,72,118,104
205,202,117,44
95,7,215,160
198,82,186,209
222,176,223,58
239,239,179,76
198,166,85,34
29,97,111,63
200,82,187,209
149,23,46,205
200,182,2,59
199,82,186,211
234,111,154,31
89,142,71,173
149,23,47,206
221,124,86,31
150,82,65,129
148,25,45,204
149,82,65,131
198,83,186,210
150,81,65,130
231,66,97,84
204,201,117,43
70,121,85,39
51,8,2,113
35,199,28,252
210,50,24,3
235,192,179,188
202,183,3,60
94,8,215,160
182,54,49,187
160,218,175,168
57,203,159,246
138,138,158,148
211,71,183,116
234,188,255,212
205,201,116,44
204,200,115,44
204,201,115,42
36,198,27,252
235,187,255,212
231,67,97,86
238,18,209,151
234,186,254,214
35,199,29,252
150,80,64,130
51,184,5,240
68,106,233,27
210,120,218,192
167,164,111,124
192,172,165,65
201,182,1,61
149,25,45,204
113,177,39,87
200,82,187,210
173,79,8,47
210,49,25,5
198,83,187,209
150,82,65,130
232,67,98,86
95,7,215,160
94,7,216,160
232,68,98,84
201,183,3,60
85,69,68,122
160,133,237,75
149,24,47,205
150,81,65,130
94,6,215,158
148,24,46,205
236,188,255,212
211,51,24,5
149,24,45,205
210,49,24,5
210,156,229,107
201,181,1,60
204,201,115,43
95,196,179,153
8,238,130,52
196,24,31,20
236,187,255,212
233,67,96,86
95,6,216,160
94,6,215,160
37,200,29,251
198,84,185,209
151,80,64,131
199,84,187,209
205,200,117,43
37,200,29,251
151,80,65,129
203,200,116,44
211,50,26,4
211,112,87,153
109,198,220,193
151,82,64,131
235,188,255,212
231,68,96,84
94,8,217,159
199,83,187,211
236,188,255,212
209,49,25,5
148,23,46,204
197,79,214,78
194,54,39,100
201,182,3,60
56,209,2,131
209,50,26,4
149,25,46,206
150,81,64,131
211,49,24,3
210,51,26,4
94,6,216,158
211,50,24,3
232,205,219,246
130,49,181,181
36,200,28,252
205,201,116,44
231,67,96,86
129,203,182,38
185,4,89,6
235,186,255,213
205,201,115,43
211,50,24,5
37,200,28,250
94,159,109,32
198,83,186,210
149,23,46,206
210,50,26,5
205,202,117,43
152,56,198,35
199,82,185,209
148,25,45,204
232,66,97,84
203,201,117,43
233,66,97,86
95,98,62,97
234,188,254,213
99,170,47,231
205,201,115,43
205,200,115,44
79,148,193,203
204,202,115,42
204,201,115,42
205,202,116,42
95,8,215,159
199,84,186,210
148,24,47,204
94,8,217,159
198,84,186,211
205,202,117,42
198,83,187,211
21,93,78,211
233,68,97,84
36,198,27,250
200,83,186,210
110,21,146,34
210,175,149,119
234,186,254,214
83,145,146,238
204,202,116,43
210,169,53,157
200,175,8,86
36,198,27,252
210,49,25,3
67,222,81,125
203,200,115,42
147,25,47,205
149,23,46,204
205,202,116,42
95,7,216,160
37,198,29,250
210,188,106,59
150,81,64,131
223,56,101,152
234,188,255,214
36,198,27,252
35,198,27,251
94,6,215,160
202,182,2,59
93,7,217,160
252,39,134,145
236,188,255,213
95,6,215,158
234,188,255,213
188,60,34,85
151,82,64,129
232,68,96,85
216,201,9,114
234,187,255,214
148,25,46,206
149,25,46,205
93,7,216,160
35,198,29,251
149,82,64,129
234,188,255,212
150,80,65,131
170,61,190,190
149,24,47,206
149,23,46,205
96,154,94,142
234,188,255,212
9,15,82,18
150,81,64,130
199,83,187,209
237,252,254,189
201,183,2,60
149,81,63,129
232,68,98,86
180,232,53,169
232,66,96,85
235,165,208,39
149,24,47,205
210,50,26,3
200,182,1,61
147,25,47,205
235,188,255,212
123,66,46,123
200,84,185,209
200,181,3,60
36,200,27,252
165,187,110,53
199,82,186,209
210,50,24,5
9,184,6,26
8,43,96,41
139,56,11,164
209,51,26,3
209,50,24,5
7,159,2,63
93,7,216,158
232,66,97,85
81,126,196,69
149,80,64,129
147,24,47,205
201,183,3,59
211,49,24,4
147,25,46,206
215,120,200,118
201,181,2,61
147,25,47,206
8,58,43,89
236,188,255,212
148,27,66,126
35,199,27,252
231,79,91,14
36,198,27,250
210,50,26,3
112,55,94,44
160,205,191,85
236,187,254,212
201,182,3,61
34,228,107,202
233,67,97,86
211,50,26,3
200,84,185,211
199,82,187,211
96,210,173,42
96,192,83,239
151,80,63,129
207,95,190,119
35,198,28,252
204,202,115,42
235,188,255,214
198,82,185,209
186,249,150,224
232,67,98,84
89,197,212,243
234,188,255,212
37,199,29,252
35,198,27,252
199,84,186,209
211,49,26,4
147,25,46,204
211,51,25,4
151,80,63,130
232,66,96,85
201,181,3,59
199,82,185,209
149,25,46,206
45,88,110,65
94,7,217,158
36,198,28,251
1,173,7,236
35,200,27,252
209,50,24,3
6,234,115,212
36,199,27,250
147,23,47,204
203,200,116,43
36,200,29,251
148,25,47,205
214,2,139,29
41,48,0,128
231,66,98,84
17,182,5,96
228,107,54,235
136,235,164,184
205,200,116,42
232,68,96,86
82,237,77,175
195,206,140,41
149,23,46,206
149,82,65,129
151,80,63,129
211,51,24,4
209,51,26,3
95,6,215,159
231,67,96,85
94,8,215,159
36,199,27,250
210,50,25,4
233,67,96,85
3,85,167,18
199,82,187,210
209,50,26,5
26,8,7,149
150,82,65,130
167,4,222,58
232,67,96,86
210,50,26,4
35,199,28,252
204,201,116,42
36,200,27,251
231,67,96,86
152,252,127,203
200,83,185,210
47,186,18,226
130,18,69,182
198,83,186,209
203,202,116,43
23,232,119,220
149,82,64,129
80,243,28,148
236,186,254,213
234,177,44,27
201,182,3,59
35,200,28,251
167,235,150,182
46,124,114,129
211,49,26,3
148,23,45,206
37,200,27,251
230,178,26,171
203,201,115,44
150,82,64,129
202,183,1,61
121,21,81,199
149,24,47,205
125,154,211,58
203,200,115,44
189,81,210,88
210,51,24,3
93,212,82,40
148,24,47,205
235,186,255,213
236,186,255,213
203,201,115,44
151,80,65,129
47,207,38,88
72,13,50,87
162,255,118,241
37,199,27,250
116,178,143,239
94,8,215,158
229,168,69,205
149,82,63,131
211,50,24,5
205,200,115,44
199,83,185,211
147,23,45,204
235,188,254,213
93,6,217,158
247,142,77,30
38,14,44,142
249,88,231,201
75,222,120,105
145,177,56,165
20,137,196,38
203,201,117,44
235,186,254,213
2,232,158,165
234,187,255,214
72,132,170,153
235,187,254,213
149,81,65,130
124,165,174,44
198,84,187,211
216,173,177,181
211,50,25,5
15,196,176,70
209,51,25,5
236,187,255,214
149,23,45,206
96,126,253,194
151,82,65,130
199,226,200,151
36,198,28,250
36,198,29,252
149,24,45,205
198,84,185,211
231,67,98,86
200,182,3,59
232,66,98,84
37,199,28,252
200,182,2,60
186,150,33,228
205,192,16,230
0,58,83,235
205,200,117,42
210,50,25,5
55,6,72,123
151,81,63,131
104,220,185,1
53,204,213,102
235,186,254,212
211,50,26,4
249,119,115,239
148,24,45,206
113,234,153,144
147,23,45,206
110,14,121,202
198,84,187,209
202,183,1,59
35,200,27,252
209,50,25,3
123,245,129,250
95,8,217,159
104,87,244,235
201,183,3,60
15,168,251,120
112,243,108,115
93,6,215,160
95,7,216,158
210,50,26,3
151,80,64,129
234,161,142,248
205,202,116,42
232,66,96,84
26,97,55,211
213,139,146,151
204,201,116,42
43,222,20,181
235,186,255,213
162,32,89,139
231,174,204,173
245,240,107,194
32,143,212,1
199,83,185,211
95,6,216,158
9,194,222,134
36,200,29,250
93,6,217,159
201,183,2,61
93,8,215,160
212,10,90,52
231,67,98,84
151,81,65,129
94,7,215,160
235,188,255,212
113,162,240,158
161,60,198,240
65,22,220,205
129,9,218,146
231,66,98,84
151,82,63,131
205,200,116,44
38,146,176,20
231,67,96,84
148,151,50,182
149,80,65,130
58,9,41,8
232,67,97,85
209,49,26,3
231,67,98,85
236,188,254,214
232,66,98,84
204,202,115,42
95,7,216,160
37,198,27,251
231,66,96,86
211,50,26,3
95,7,216,158
234,188,254,213
231,68,97,85
150,80,64,129
202,181,3,60
200,181,3,59
234,186,254,212
215,143,5,199
236,188,254,213
237,196,83,146
149,82,63,129
233,67,98,85
236,186,255,212
93,122,149,0
249,203,65,63
94,114,253,244
35,198,28,252
93,6,217,160
201,182,3,61
209,58,99,178
209,49,24,5
39,139,154,72
200,183,3,61
37,200,27,252
148,24,45,205
183,48,184,74
149,80,63,130
204,200,116,43
204,200,115,44
148,23,47,206
232,66,98,86
93,6,217,158
199,162,6,85
248,9,132,58
231,66,97,85
200,82,187,210
35,199,28,251
204,201,116,44
211,50,24,3
148,24,47,205
82,207,5,167
233,68,96,85
235,186,255,213
78,35,170,118
150,80,63,129
90,46,198,239
148,23,47,205
94,8,216,159
211,50,26,3
24,19,203,247
94,7,216,158
151,81,65,131
201,181,3,60
21,31,91,170
200,181,2,59
200,181,2,60
91,174,188,26
30,185,212,36
146,124,32,76
242,177,125,126
201,183,3,60
209,50,24,5
199,83,186,211
255,137,255,18
204,201,116,43
35,198,29,252
36,198,29,251
198,84,187,209
236,187,254,212
157,212,178,243
204,202,115,42
3,58,200,200
148,24,45,206
93,8,217,158
95,6,215,159
93,8,215,160
125,228,87,152
233,66,98,84
35,198,27,251
93,7,215,159
210,50,25,3
203,201,116,43
205,201,115,44
127,233,114,70
110,211,62,111
126,245,219,188
63,72,233,232
148,25,45,205
200,83,185,210
232,68,98,86
202,182,2,60
150,151,133,86
150,82,65,129
93,8,217,158
210,51,24,5
198,82,187,210
148,24,47,204
93,6,216,160
201,182,2,61
149,80,64,131
209,50,24,4
95,6,215,160
200,82,186,209
81,68,113,247
140,69,1,96
200,181,2,60
108,41,132,148
233,79,230,148
109,226,145,148
255,73,20,105
36,200,27,252
209,49,24,4
153,47,205,128
205,200,115,44
210,49,25,3
148,25,47,204
210,49,24,4
200,182,1,60
178,240,86,210
231,67,97,84
200,181,3,60
58,204,47,65
232,66,96,86
245,191,46,157
151,82,64,131
204,201,115,44
233,67,97,86
151,82,65,130
236,187,254,213
204,202,117,43
36,199,27,250
64,76,183,178
236,188,255,212
149,24,46,205
209,49,26,4
204,202,116,44
35,198,28,250
115,206,137,116
147,23,46,204
209,51,25,3
210,51,25,4
198,82,186,211
151,80,65,131
235,187,255,213
204,200,116,43
35,112,48,26
213,38,122,224
199,84,186,209
233,68,97,84
182,68,3,161
147,24,47,205
204,200,115,42
117,205,83,198
36,198,28,251
95,7,217,158
235,187,254,213
144,73,152,210
149,23,45,206
235,187,254,213
36,199,28,251
204,201,115,43
121,142,23,244
202,39,36,250
148,25,47,204
233,67,97,85
94,6,215,160
35,199,28,252
183,75,86,119
235,188,255,214
232,66,97,85
204,200,116,42
203,202,117,43
205,201,115,43
117,106,126,131
215,44,2,227
204,0,242,141
149,25,47,205
211,50,25,3
239,156,58,45
234,186,254,213
171,251,176,218
185,77,73,247
231,67,96,86
93,7,216,158
200,248,109,180
95,7,215,158
200,84,186,209
159,76,112,166
99,36,50,142
15,22,43,103
186,69,255,240
135,201,178,68
149,82,65,129
164,112,4,146
94,6,215,159
200,83,187,211
29,77,145,215
200,83,186,211
233,67,97,86
201,183,2,60
94,8,215,159
236,186,255,214
211,51,25,4
218,161,134,110
35,199,29,251
201,183,1,61
231,67,98,84
234,186,255,214
51,36,75,82
151,82,63,131
236,188,255,213
199,84,185,209
128,101,237,38
236,186,255,212
147,25,45,205
196,130,56,128
114,58,172,236
221,138,58,171
197,89,234,10
37,200,27,252
197,117,3,134
232,68,98,84
232,67,98,84
147,24,46,205
149,25,46,205
95,6,216,158
209,50,25,3
198,84,186,209
148,171,128,57
93,4,212,226
211,50,25,4
218,13,91,104
210,51,25,4
151,82,65,130
203,200,115,44
51,35,254,14
151,81,63,131
209,49,26,3
205,200,117,43
69,168,103,163
9,187,100,189
209,51,26,5
210,49,24,3
198,83,185,209
45,145,218,120
37,199,28,250
204,202,116,42
204,202,116,43
93,8,216,158
185,193,129,247
147,25,46,204
232,67,98,84
149,81,65,129
149,23,47,206
240,237,162,23
198,82,187,209
234,187,254,213
235,188,255,213
46,203,87,151
199,84,186,209
197,73,65,239
134,112,121,158
198,82,185,210
37,198,29,252
83,125,210,70
147,24,46,206
235,187,255,212
232,68,96,85
45,83,172,200
231,68,97,86
81,83,215,177
210,49,24,4
234,187,255,214
169,174,4,183
83,214,35,172
200,181,3,60
198,161,250,27
198,84,185,210
147,23,45,204
128,8,63,177
61,234,23,106
236,186,254,214
205,201,117,42
225,166,192,50
205,200,115,44
35,200,27,251
200,181,3,59
204,202,115,42
232,67,96,85
93,6,217,159
91,63,58,83
35,247,240,103
112,108,168,18
93,8,217,160
149,80,63,131
200,84,186,210
231,68,97,85
209,51,25,3
211,50,25,5
151,80,65,131
254,246,212,160
148,25,46,205
200,84,185,209
147,24,46,204
53,254,31,95
186,57,160,248
211,51,26,5
148,23,47,205
95,6,215,160
185,196,213,126
148,24,46,206
199,82,185,209
149,81,64,130
68,255,93,96
179,82,32,200
94,8,215,160
149,82,64,131
210,50,25,5
201,181,1,60
36,198,29,250
252,100,41,72
149,23,46,206
147,23,45,205
234,188,255,212
32,160,244,189
147,23,47,205
210,49,24,4
203,189,207,221
209,50,26,3
209,50,26,4
36,199,27,250
179,38,102,150
232,67,98,84
200,84,187,209
112,189,255,144
231,66,96,85
204,201,116,42
240,154,102,251
149,80,65,129
37,198,28,251
148,23,47,206
210,49,25,5
201,182,2,59
205,201,116,43
155,205,126,121
13,209,22,107
200,83,186,209
211,49,24,4
85,187,136,88
37,200,27,252
204,202,116,44
94,6,216,159
36,199,27,251
200,181,1,61
236,187,255,213
203,201,116,43
202,183,3,61
147,24,45,204
203,202,115,44
236,82,0,229
204,202,117,42
145,112,27,106
151,81,64,130
185,103,151,178
210,50,25,5
121,1,45,156
147,24,46,205
95,8,215,158
209,49,25,5
150,82,65,129
234,187,254,213
211,51,25,3
150,81,65,129
151,80,64,131
209,50,25,4
150,80,65,129
94,6,215,159
103,139,234,254
135,192,210,34
199,83,185,209
151,80,63,130
176,7,78,193
66,228,157,144
164,112,41,253
190,160,40,39
36,198,28,250
254,165,73,86
209,51,25,5
211,49,24,4
151,80,65,131
151,82,63,129
232,68,96,84
95,137,3,233
205,201,116,44
200,182,3,61
151,82,64,130
211,49,26,5
35,237,98,147
236,135,25,235
36,200,29,251
93,8,215,158
200,181,1,60
202,182,1,60
94,8,217,159
204,200,115,43
203,202,117,42
199,83,185,210
37,199,27,250
199,83,185,209
151,81,65,129
213,127,189,216
231,66,96,85
37,198,29,252
200,183,3,60
234,186,254,214
35,200,29,252
93,7,216,159
102,161,51,87
172,146,215,231
148,25,46,204
169,13,13,90
205,202,117,44
209,49,26,3
36,199,28,250
228,233,105,243
201,182,1,60
37,199,27,250
211,50,26,4
232,68,98,85
85,183,252,4
210,51,26,4
247,137,51,56
236,188,255,213
210,49,26,3
201,183,3,61
191,130,110,57
211,49,26,5
223,88,106,136
150,80,65,129
147,25,45,206
64,133,77,186
233,68,98,84
48,51,2,236
120,7,91,21
235,186,255,212
232,66,98,85
37,95,85,255
203,202,117,44
126,136,73,144
199,83,185,210
244,234,58,15
177,227,192,33
233,66,97,84
234,186,255,213
203,201,115,43
202,182,1,59
54,89,144,199
209,49,26,5
119,77,94,13
226,130,76,105
230,200,146,144
204,202,115,44
199,83,187,211
201,182,2,61
198,82,186,210
149,25,46,204
231,68,97,86
149,81,65,131
193,79,113,193
235,111,145,210
209,51,24,5
200,182,2,59
202,182,2,60
201,183,1,60
95,7,217,160
109,122,81,164
242,43,213,239
149,23,46,204
202,181,3,61
152,34,31,208
150,80,63,129
39,206,22,94
231,67,98,85
147,24,46,206
204,200,115,43
148,24,47,205
205,77,84,206
25,59,75,50
94,7,217,160
110,11,164,28
167,216,222,80
149,82,63,129
94,6,217,159
114,250,218,233
140,121,192,126
14,158,124,19
12,198,237,215
209,51,24,5
151,81,64,131
93,8,215,159
231,67,96,84
93,6,215,158
95,8,215,159
211,49,26,5
172,146,234,144
199,83,187,211
210,51,26,4
42,165,2,73
202,182,2,60
93,8,215,158
148,25,47,206
234,186,255,214
135,29,59,133
149,25,45,206
233,67,98,85
231,67,97,85
203,201,117,44
210,51,25,4
232,67,97,84
37,200,29,250
88,217,249,95
154,99,131,129
202,183,1,60
106,107,192,40
192,217,35,157
13,23,73,27
107,53,42,162
161,193,53,45
201,181,2,59
186,112,222,110
200,84,185,209
232,67,96,86
199,84,186,211
236,187,255,213
236,186,255,214
28,167,109,14
209,50,25,4
232,68,96,84
201,183,2,60
202,181,3,61
211,49,24,3
101,22,80,80
204,200,115,43
151,81,65,131
232,68,98,84
210,49,24,5
194,198,88,146
148,25,47,204
209,50,26,3
232,66,98,85
203,202,116,42
108,197,141,209
149,82,63,130
215,136,131,237
235,187,255,213
151,82,64,130
186,137,43,63
201,182,2,59
37,200,27,250
236,187,255,213
36,198,29,251
209,51,26,3
1,34,245,111
193,178,204,102
211,50,26,3
93,8,217,158
225,64,202,186
156,191,153,163
20,1,119,193
198,82,187,210
200,83,185,209
147,23,47,204
209,50,25,5
151,80,63,131
36,199,27,250
37,198,29,252
198,53,128,53
237,232,230,201
31,137,134,205
200,82,185,209
199,83,185,210
205,200,117,42
94,8,215,160
151,81,63,131
201,183,1,60
148,25,46,204
204,201,115,43
17,68,250,139
37,199,27,252
210,50,25,3
200,181,2,59
1,52,120,39
209,49,25,5
199,82,185,209
95,6,217,158
232,67,96,85
209,50,26,4
205,200,115,42
148,23,45,204
235,186,255,212
203,200,116,43
150,81,64,131
212,245,133,100
205,201,116,42
98,224,66,16
234,186,254,213
94,8,217,159
198,83,185,209
104,60,182,64
232,68,98,86
35,200,28,251
209,51,26,4
112,69,54,67
228,78,225,250
72,252,135,201
159,17,126,33
36,200,27,250
201,182,2,59
30,7,229,143
73,142,235,102
147,25,47,205
200,82,185,209
37,199,29,250
198,228,2,179
102,192,99,164
202,183,3,61
211,50,25,4
211,50,24,5
127,233,230,107
149,23,47,205
232,67,98,86
210,49,24,3
205,200,115,43
209,49,25,5
202,182,2,61
203,201,115,44
201,181,3,60
200,83,187,210
74,228,190,255
235,188,255,214
188,2,224,35
209,51,24,3
200,84,187,211
157,193,173,225
37,198,28,251
234,187,255,212
88,157,43,102
205,201,115,42
36,198,27,251
182,196,208,113
205,70,190,89
199,83,186,211
187,103,119,201
204,201,115,42
153,102,49,106
232,168,224,241
201,182,3,59
200,84,187,211
127,59,152,183
93,8,215,158
202,181,1,59
202,182,2,60
200,84,186,209
151,80,64,130
93,7,216,160
209,51,24,3
209,49,26,5
231,68,98,84
200,182,3,59
233,68,96,86
136,176,65,198
234,186,255,214
150,80,64,131
205,202,116,44
151,81,64,129
202,182,1,61
232,68,96,86
200,83,185,209
198,83,186,210
129,14,38,74
199,84,186,210
136,17,65,64
36,199,29,251
229,46,89,88
200,181,3,60
214,194,86,165
211,49,26,5
105,8,227,239
198,83,187,209
149,81,65,130
95,6,217,158
147,25,47,205
94,6,215,160
229,2,214,105
179,202,249,185
200,182,3,60
95,8,215,158
28,134,114,109
95,8,217,159
147,24,46,205
93,8,217,160
107,179,99,149
148,24,45,204
213,100,151,11
50,219,252,146
150,138,7,110
200,182,3,59
161,62,46,153
149,82,63,129
156,154,224,228
199,83,187,211
245,77,25,154
34,26,236,79
95,6,217,160
198,253,101,208
36,199,27,251
63,173,158,50
196,176,162,222
203,202,115,42
203,201,116,44
210,50,25,4
79,166,231,203
93,8,217,160
93,7,216,158
148,25,46,206
200,182,1,59
211,50,25,4
130,197,227,247
94,6,216,159
94,6,216,159
149,81,63,131
93,7,216,159
150,81,63,131
202,183,2,60
94,8,215,159
36,200,27,251
151,82,65,131
231,66,98,84
149,23,46,204
149,80,65,130
236,187,254,213
200,82,185,210
201,121,81,57
211,50,26,5
204,200,117,44
35,198,27,252
200,181,1,61
149,24,45,204
95,6,215,160
198,83,187,210
189,245,204,83
136,13,241,153
150,81,64,129
147,25,47,205
37,143,33,217
198,82,185,210
35,200,29,252
209,49,25,4
182,165,103,136
27,181,201,198
203,200,117,43
100,31,237,249
211,49,24,4
236,186,255,213
209,50,24,3
95,7,216,158
147,23,46,204
237,210,140,182
95,7,215,158
150,82,65,129
8,176,60,26
200,183,3,60
122,156,7,184
211,50,25,3
205,201,117,44
240,30,127,151
231,68,98,84
203,201,117,44
202,181,2,61
234,188,255,212
94,7,216,159
232,68,96,86
202,181,1,59
8,221,65,196
198,82,187,210
236,187,255,213
234,186,255,212
212,4,57,93
196,178,98,230
64,36,59,64
148,25,46,205
214,203,139,5
31,172,48,191
199,83,187,209
75,39,9,136
203,200,116,44
95,6,217,158
95,222,20,234
150,82,64,131
150,82,63,131
228,42,154,220
209,51,26,3
81,145,13,103
234,186,255,214
43,201,240,224
205,201,115,43
240,27,56,157
210,51,26,5
19,117,170,235
204,202,116,44
191,217,245,40
199,84,187,211
164,79,70,236
235,186,255,212
231,67,98,85
149,23,47,206
151,80,65,131
204,201,115,42
93,6,215,160
201,182,1,60
204,200,116,42
151,82,63,130
172,204,81,99
203,202,115,44
202,183,1,61
202,182,1,60
234,188,254,213
95,8,217,159
148,25,45,204
211,50,24,3
211,49,25,3
147,23,45,206
216,50,31,125
211,50,26,4
37,199,29,251
203,200,115,44
236,188,254,214
209,50,25,4
231,67,96,85
149,25,46,205
94,6,217,159
205,202,116,44
233,67,98,85
149,80,65,129
149,25,45,206
160,75,231,96
200,83,187,211
233,68,97,86
35,198,28,251
199,84,186,210
182,241,90,232
186,16,248,23
37,198,28,251
232,67,97,84
127,37,237,168
205,201,116,44
234,188,255,213
235,187,255,214
150,81,65,129
199,82,187,209
149,81,63,129
211,51,26,5
151,82,65,129
94,7,217,159
149,81,64,129
209,50,25,3
232,67,96,84
149,25,47,205
232,66,98,85
149,25,47,206
200,183,3,61
209,78,18,167
149,82,63,130
64,217,17,95
234,188,255,214
205,201,116,43
211,51,25,5
92,88,73,185
96,14,114,216
147,25,46,206
200,181,1,61
214,200,243,113
231,68,96,84
211,49,25,5
150,81,64,130
93,8,217,159
69,191,89,84
108,17,171,210
20,217,77,53
125,244,130,46
153,193,70,84
209,49,25,3
21,162,21,15
235,186,255,212
35,199,28,250
234,188,255,214
235,187,255,214
37,199,27,252
161,28,15,71
231,67,96,86
204,202,117,44
204,202,115,43
234,188,255,212
205,200,116,44
205,200,115,42
36,199,27,251
92,135,86,85
232,66,98,85
200,82,186,211
118,218,14,134
147,25,46,205
93,7,217,159
230,33,166,142
188,50,1,205
21,26,196,178
130,65,152,206
201,181,1,60
201,182,3,59
235,188,255,213
198,83,186,209
210,51,25,3
250,25,41,94
37,199,29,252
217,123,55,206
205,201,115,42
149,82,63,131
20,34,239,187
95,7,217,158
36,200,27,252
93,6,215,158
187,23,133,106
36,200,28,250
214,1,126,119
148,24,46,205
93,8,217,160
148,101,228,108
248,222,117,227
95,8,215,160
36,199,27,251
232,68,98,84
202,181,1,59
2,136,147,201
76,174,253,184
148,24,46,205
200,183,1,61
147,25,45,205
210,50,25,3
148,24,47,204
109,83,234,252
98,2,132,2
198,82,185,209
200,83,187,211
147,24,46,206
151,81,64,131
233,175,202,34
103,44,115,209
232,67,97,84
151,82,63,131
149,80,64,130
209,50,25,4
150,81,65,131
202,161,129,38
35,199,29,251
108,25,35,122
201,183,1,61
210,49,204,19
36,200,27,250
200,182,3,59
5,43,188,226
152,170,125,254
210,50,26,4
150,80,65,129
202,181,2,61
198,84,187,211
236,186,255,214
150,81,63,131
185,56,10,225
210,49,26,5
37,200,29,250
209,50,24,3
148,23,45,206
73,45,97,146
210,51,26,3
53,108,52,147
234,186,255,212
140,38,54,51
201,183,2,60
235,187,255,212
211,49,26,5
205,202,116,42
149,23,47,205
36,200,27,250
211,50,24,3
25,98,56,178
94,7,215,160
216,126,7,103
161,69,136,247
148,24,47,206
93,7,217,158
199,156,98,254
235,188,255,214
36,200,27,252
36,199,28,250
236,186,254,212
26,30,253,46
233,68,96,84
205,200,117,44
95,6,215,159
202,181,3,61
236,188,255,214
210,49,24,3
201,182,2,61
22,208,150,179
147,25,47,204
151,82,63,131
236,188,254,214
234,186,255,214
87,195,22,125
94,7,216,159
202,182,1,61
36,198,29,252
149,82,65,131
79,35,112,137
93,6,215,159
147,24,46,205
37,200,28,251
58,136,44,126
233,66,98,85
233,66,96,86
204,200,115,42
231,66,97,86
38,132,137,154
205,201,117,44
211,49,24,4
233,125,180,92
209,49,24,3
210,49,25,5
218,224,12,11
180,98,9,252
232,66,98,86
37,199,29,251
198,84,187,210
82,183,46,137
201,182,1,60
203,202,116,42
35,198,29,250
231,67,97,85
231,66,97,85
205,200,115,42
243,139,206,5
79,39,169,169
200,181,3,61
200,181,1,60
149,82,63,130
151,81,64,129
149,25,45,205
205,201,115,44
209,186,53,231
35,200,27,250
209,49,24,5
247,236,38,191
206,74,13,43
203,201,115,42
142,219,225,79
236,196,99,2
149,23,45,206
204,200,115,44
211,50,25,4
236,188,254,212
210,50,24,4
204,201,117,43
37,198,28,251
204,201,116,44
202,183,3,59
147,25,46,206
89,34,241,2
45,248,72,82
147,23,46,206
252,46,229,184
209,50,25,4
164,160,165,73
94,8,217,160
232,66,96,84
23,35,225,116
59,143,25,125
155,221,218,163
148,25,45,204
133,240,238,67
75,173,97,113
35,200,29,252
62,159,162,177
77,212,65,90
150,80,65,131
186,202,80,14
151,80,64,130
231,68,96,85
174,244,105,236
94,6,215,159
147,23,46,206
149,82,65,129
210,51,24,4
203,202,116,43
96,229,196,125
203,202,116,42
200,82,185,211
200,82,186,209
64,212,89,34
95,8,217,158
0,174,247,137
8,39,190,119
203,202,116,43
36,200,28,251
200,82,185,209
209,50,24,3
198,84,187,211
200,182,2,60
41,153,225,124
201,181,1,60
201,183,3,59
199,83,186,211
59,112,55,39
204,200,115,43
110,91,128,154
150,80,65,130
137,137,29,172
202,182,1,59
36,200,27,252
204,202,116,42
148,24,45,204
200,182,2,59
36,199,28,252
210,51,24,5
233,66,96,85
198,83,186,209
188,155,141,8
95,6,215,160
209,49,26,3
232,68,98,86
116,33,29,95
205,202,115,42
36,198,29,252
151,81,65,130
147,24,47,205
205,202,115,43
15,251,74,85
250,11,192,103
56,33,247,135
210,51,25,3
138,163,233,229
93,6,217,158
232,68,96,84
95,8,217,159
11,160,42,108
236,186,255,213
54,207,72,206
148,23,46,204
199,84,187,209
149,25,46,204
95,8,217,159
199,84,186,209
36,198,29,252
209,51,24,5
148,24,46,205
209,50,25,3
184,230,248,98
213,180,139,136
150,80,63,130
232,68,98,86
210,50,25,4
147,23,46,206
201,183,3,61
147,25,46,206
141,173,229,229
104,204,56,217
151,82,65,129
201,182,2,59
95,7,216,158
147,23,47,204
101,204,166,35
35,200,27,250
124,52,53,76
161,114,38,216
49,51,238,113
38,180,216,99
200,82,187,209
216,68,134,89
190,243,213,6
220,64,38,175
84,106,97,56
105,25,101,6
205,200,115,43
123,49,134,51
37,200,28,251
204,200,117,42
199,82,187,209
93,6,216,159
94,6,217,159
203,201,117,42
203,200,115,42
199,84,187,209
202,182,3,60
211,50,26,5
190,147,235,11
239,88,214,60
205,131,21,116
201,183,3,59
170,121,113,125
200,84,187,209
201,182,3,61
90,158,118,218
203,202,116,43
94,222,94,30
21,120,39,204
35,199,28,251
202,183,2,59
177,241,137,95
40,178,145,194
198,83,186,209
93,7,217,160
109,17,242,92
190,159,53,134
206,188,234,199
233,67,98,85
149,82,65,129
234,188,254,213
94,6,216,158
150,82,64,131
99,204,158,169
83,202,75,88
200,82,187,211
149,81,64,129
37,200,27,252
202,181,3,60
148,23,46,206
128,121,7,92
233,66,97,85
94,7,217,158
93,7,215,158
235,187,254,212
204,201,115,42
235,188,255,212
97,77,61,212
93,137,221,50
241,41,0,219
198,83,187,210
149,24,47,206
194,232,164,128
200,82,187,209
35,200,27,251
198,83,187,209
203,201,117,42
149,81,64,131
210,49,26,4
164,239,59,246
90,83,124,181
95,7,215,158
123,250,182,35
232,67,97,86
210,50,24,4
201,181,1,61
199,84,185,211
135,134,107,101
148,23,46,206
160,41,215,46
209,51,24,4
204,202,116,44
32,205,86,10
235,186,255,214
195,2,40,158
94,7,217,160
135,169,200,132
120,60,206,135
95,7,215,160
193,88,189,157
204,202,115,44
232,68,96,86
211,51,26,3
203,71,12,68
95,6,215,158
84,140,40,78
222,2,251,62
9,252,219,118
95,6,216,158
211,50,26,3
30,32,166,115
231,66,96,85
250,248,146,219
205,200,117,44
150,82,63,130
154,31,243,105
204,202,117,42
164,251,151,66
199,83,185,209
211,51,26,5
231,67,96,86
206,124,54,43
199,27,9,80
35,199,29,250
60,36,39,106
222,195,32,134
37,199,27,251
94,20,66,174
149,80,64,129
127,195,48,130
234,187,254,213
93,8,216,158
93,7,215,160
204,200,115,44
36,200,28,252
150,80,64,129
139,98,143,133
149,24,47,206
147,25,46,205
95,8,217,160
234,188,255,213
37,199,27,252
200,182,2,60
89,31,131,147
37,198,28,251
198,82,187,209
205,200,117,42
114,149,197,175
35,198,28,250
162,39,122,45
149,25,46,206
170,219,92,3
151,82,65,130
150,82,64,129
110,32,244,51
199,83,186,210
128,126,113,51
209,50,26,3
202,181,2,61
178,191,37,250
151,82,65,129
235,188,254,212
17,63,251,93
149,81,64,130
231,68,96,86
37,199,29,251
78,61,58,51
242,163,141,254
198,84,187,211
37,199,28,250
16,113,216,186
72,251,80,233
36,200,27,251
200,183,3,60
172,200,79,228
94,8,216,159
205,201,116,42
233,68,98,86
234,187,255,214
93,7,217,160
176,126,164,110
233,66,96,85
199,83,186,211
109,146,43,70
209,50,24,5
53,12,104,140
149,23,45,205
222,170,128,183
9,173,156,88
211,49,24,4
9,28,5,134
210,49,26,4
199,82,186,209
201,182,2,59
231,66,96,86
147,25,46,204
200,82,185,211
150,82,63,129
243,40,154,56
177,54,114,40
36,198,29,251
209,49,26,3
149,82,64,131
235,188,255,214
209,49,24,3
200,83,185,210
235,186,255,214
148,24,47,205
148,23,46,204
94,7,217,158
94,7,217,158
14,163,229,24
205,201,115,43
234,188,255,214
199,84,186,211
59,59,30,30
47,9,85,76
113,230,44,92
244,194,17,96
198,83,186,211
97,54,215,58
93,6,217,160
149,82,64,130
201,182,3,59
94,7,216,158
140,157,18,227
209,51,26,3
236,202,253,49
204,202,117,44
231,66,97,84
200,181,2,60
211,50,24,3
94,6,215,159
92,91,152,52
231,66,98,86
150,80,63,129
202,182,3,61
202,183,2,61
205,201,117,43
151,81,63,130
234,188,255,212
236,188,255,212
205,200,116,43
211,50,26,3
47,254,142,104
235,186,254,213
202,181,1,60
37,200,28,252
211,51,25,4
202,181,1,59
147,23,46,205
236,186,254,213
200,182,2,59
148,24,47,204
204,202,117,43
35,199,28,250
198,84,186,211
233,66,98,85
140,24,157,109
26,196,214,171
149,81,64,131
209,50,26,4
147,24,46,205
200,84,186,211
231,68,96,84
223,98,247,66
235,186,254,213
200,182,1,60
253,78,180,91
199,83,186,209
204,200,116,44
185,142,102,219
25,230,102,224
37,199,29,251
148,23,46,206
218,199,46,103
204,201,117,44
199,83,185,209
94,7,216,159
94,87,85,16
231,67,98,86
151,81,64,129
150,81,64,130
211,50,24,4
128,209,106,168
205,200,115,43
95,6,217,160
234,187,254,212
227,2,94,176
149,82,65,129
211,50,25,4
231,68,96,84
235,188,255,214
210,50,25,4
150,81,64,131
95,6,217,159
147,25,45,204
71,207,234,161
177,6,197,10
93,8,215,159
35,200,27,251
188,226,93,73
149,23,45,205
58,120,172,209
234,187,255,212
148,24,47,206
94,7,216,159
200,83,185,211
150,81,65,129
235,187,255,213
233,68,96,84
199,83,186,209
205,201,116,42
236,187,255,212
199,82,185,210
151,81,64,130
139,154,195,35
198,84,185,211
147,25,47,206
202,182,3,60
231,67,98,85
198,82,186,210
209,51,25,4
200,181,1,60
149,24,47,204
95,6,215,160
204,202,117,43
186,129,141,231
209,51,25,4
149,25,47,206
205,200,117,43
93,7,215,159
199,83,186,210
149,23,45,206
200,84,187,211
5,73,104,181
253,171,149,53
235,186,255,214
147,23,46,205
205,201,115,42
203,201,116,42
201,181,1,60
200,83,187,209
148,25,45,206
232,67,98,84
209,49,26,5
200,182,3,61
149,81,63,130
211,51,25,3
94,7,216,159
17,51,206,236
235,187,255,212
232,67,96,86
163,19,47,89
150,81,64,131
120,16,15,190
209,138,243,140
224,180,114,203
196,90,64,191
56,177,166,52
148,23,47,205
104,28,191,195
200,83,187,210
41,192,222,185
151,82,64,130
94,6,217,158
202,182,1,61
225,214,2,149
231,67,98,84
123,98,93,58
12,206,66,102
198,84,187,209
36,199,27,251
93,8,215,160
109,219,76,55
149,23,46,204
200,82,186,209
66,70,24,24
197,166,224,203
204,201,117,42
205,201,117,43
93,7,216,159
209,49,25,3
209,50,26,5
6,191,16,89
125,207,110,60
233,67,96,86
148,24,46,204
232,68,97,84
233,68,96,86
52,114,13,69
111,125,202,178
201,181,1,59
35,200,29,250
93,7,215,160
209,51,26,3
149,98,113,174
232,68,96,85
200,83,187,211
210,50,26,3
253,131,120,107
37,199,29,251
181,198,240,43
203,201,116,44
213,143,180,175
150,80,63,129
201,182,3,61
93,7,215,158
194,189,171,117
210,49,26,3
37,198,27,252
234,186,255,212
199,82,186,209
149,81,63,131
36,200,27,251
233,67,98,85
203,202,115,42
147,10,76,159
147,21,24,215
203,202,115,42
235,186,254,213
203,201,117,43
209,49,25,5
148,25,47,205
235,187,255,213
233,67,97,85
35,199,29,252
129,205,107,51
148,23,45,205
200,82,186,209
203,202,116,44
58,215,3,32
202,182,1,61
81,2,211,141
35,199,28,252
200,183,3,61
149,80,65,131
89,224,53,63
145,13,168,48
187,168,119,178
204,201,117,44
202,182,1,61
166,9,201,23
116,131,9,218
200,84,186,209
95,6,215,158
55,29,110,3
235,187,254,213
94,8,217,159
231,66,98,86
236,188,254,214
197,95,236,75
182,54,54,84
209,50,26,3
236,188,255,212
203,201,115,44
227,119,22,156
126,92,195,67
202,183,2,59
234,186,255,214
208,136,16,174
94,6,216,160
36,200,29,250
165,249,30,90
94,6,217,159
35,199,27,251
211,51,24,3
40,187,232,96
64,79,173,17
234,186,255,214
202,183,3,60
210,50,25,4
6,48,150,12
199,84,187,209
205,200,115,42
200,84,187,211
151,82,65,131
149,24,45,205
37,200,27,251
87,103,65,113
211,49,26,3
32,78,136,160
37,200,29,252
37,198,28,252
231,68,97,84
231,68,97,86
232,66,96,86
238,255,159,78
211,51,25,5
35,198,29,251
201,183,1,60
95,7,217,160
149,80,65,129
231,68,96,84
150,80,65,130
26,181,68,248
202,181,3,61
148,112,171,53
149,82,65,131
203,202,116,42
93,6,215,159
200,182,1,60
234,187,255,213
234,187,255,212
37,198,28,251
149,23,45,204
212,24,159,249
199,82,187,209
201,182,3,60
200,181,1,59
150,81,65,131
35,199,27,251
36,199,27,252
204,202,117,44
162,1,99,127
42,248,22,98
150,82,63,131
93,6,216,158
150,82,63,131
231,199,201,231
209,51,25,3
211,50,24,3
169,121,145,6
37,199,29,250
108,64,92,25
13,204,213,17
210,51,25,4
151,80,64,129
90,126,134,67
68,193,6,43
132,162,147,208
211,51,24,4
209,49,24,4
198,83,187,211
19,115,53,113
236,186,254,213
183,13,148,135
95,8,216,158
197,98,22,1
203,200,117,43
203,202,116,43
224,153,174,187
204,200,116,42
210,50,24,5
231,67,96,86
116,38,216,129
36,199,27,252
149,82,65,131
236,188,254,212
151,82,63,130
210,51,26,4
151,81,65,130
95,21,199,226
150,81,63,130
75,81,51,49
198,84,187,209
198,82,185,211
232,225,58,88
37,199,28,251
149,25,45,205
151,82,63,130
35,199,29,251
200,182,1,60
36,198,28,251
38,19,247,137
202,183,3,59
199,83,187,211
95,8,217,159
148,24,47,206
201,181,2,61
198,83,187,211
232,70,198,85
35,128,97,160
236,188,255,212
55,200,171,194
95,8,215,158
84,240,93,244
201,182,1,61
230,190,174,209
198,83,185,211
148,25,46,205
147,25,46,204
232,126,201,80
204,120,203,255
235,186,255,214
198,83,185,211
205,200,115,44
37,200,27,252
123,202,122,5
116,54,135,73
93,232,69,170
95,6,216,159
22,92,76,241
148,23,45,205
239,2,93,126
235,187,254,212
77,153,239,217
199,84,187,211
151,81,65,131
210,51,24,3
147,23,47,205
150,82,64,130
98,184,211,23
198,83,186,210
95,8,216,158
232,68,97,85
36,200,27,251
122,2,139,227
140,228,74,54
147,25,45,206
201,181,1,60
150,80,63,129
147,23,46,206
204,202,115,42
92,214,146,7
150,82,63,131
161,96,187,145
200,182,3,59
203,202,117,42
37,200,27,251
182,31,54,59
70,227,198,117
238,77,55,39
204,200,115,42
90,224,99,146
234,188,254,214
204,202,116,42
94,20,125,138
200,84,186,209
144,40,8,187
210,49,24,5
231,68,97,86
27,149,153,92
234,186,254,212
201,183,3,60
200,181,1,61
235,186,255,212
94,6,217,158
171,174,144,171
222,12,18,126
211,50,26,3
10,22,239,17
232,68,97,86
198,162,60,232
233,67,97,84
239,254,150,216
120,76,39,185
235,187,255,212
95,6,217,159
65,97,105,247
149,24,47,205
35,200,27,251
148,24,47,206
202,179,106,98
231,68,98,86
149,25,45,205
37,198,29,251
41,152,19,156
33,19,142,125
94,7,216,158
210,51,24,3
37,199,28,252
148,25,45,206
94,7,216,158
234,188,254,212
149,82,65,129
188,190,54,137
236,187,255,213
200,83,186,211
150,69,79,8
143,148,12,9
210,51,24,4
151,82,65,131
233,68,98,86
147,24,46,206
234,188,255,214
235,188,255,212
148,25,45,206
233,67,98,85
201,72,177,212
211,49,25,4
148,23,45,204
152,93,246,227
232,67,96,86
202,183,1,59
121,84,123,63
204,202,115,43
234,186,254,213
209,50,25,5
202,182,1,59
199,83,186,209
37,200,29,251
232,67,96,86
147,25,46,206
93,7,216,160
69,250,227,39
200,181,1,60
232,68,96,86
235,188,254,214
37,205,48,112
34,237,64,201
151,80,63,129
211,51,25,3
233,67,97,86
204,201,116,44
209,50,24,5
247,72,92,141
149,82,65,130
210,49,25,3
36,157,49,11
151,80,63,130
201,181,1,60
211,50,25,4
21,171,93,29
224,133,163,22
200,182,3,60
67,143,22,40
94,8,215,159
211,49,25,4
150,82,63,129
200,82,185,209
200,183,3,59
200,183,3,61
234,186,255,213
147,23,46,204
69,167,202,209
211,50,24,3
94,7,217,159
240,172,201,187
196,52,25,43
199,83,185,210
211,50,26,4
204,202,116,44
204,200,117,43
204,201,116,43
149,25,47,205
147,114,116,204
35,199,29,250
199,84,187,209
151,82,64,130
235,188,254,214
201,183,1,60
233,67,98,85
95,8,217,158
35,198,28,252
235,187,255,214
200,83,186,211
200,181,1,59
93,8,216,160
234,159,29,55
148,25,47,206
202,182,1,59
204,200,117,43
235,187,255,214
148,24,46,205
200,84,186,209
96,82,255,107
61,134,70,95
35,200,27,251
76,99,241,250
255,119,73,124
209,49,162,97
203,200,115,44
236,188,255,214
93,6,217,159
235,188,255,213
203,200,115,42
37,198,27,250
151,82,65,131
37,200,29,252
150,82,65,131
11,145,11,85
95,8,216,159
174,129,2,94
185,244,239,186
201,181,1,61
150,61,25,222
168,172,208,49
32,89,224,40
144,80,29,7
117,214,63,231
236,188,255,213
223,181,241,225
63,42,220,9
149,81,64,130
149,81,64,129
224,59,13,3
12,63,85,212
204,200,115,44
35,200,28,251
234,188,254,212
19,40,199,122
148,24,45,204
202,182,3,60
209,50,25,5
236,188,254,214
205,202,117,44
205,202,116,42
233,67,96,86
199,82,185,211
198,83,187,211
210,50,24,3
94,8,216,159
198,83,190,47
209,51,24,4
118,64,155,45
201,181,2,61
209,50,25,3
148,23,46,205
137,237,64,238
37,200,27,252
211,51,26,5
10,195,164,182
233,66,97,86
36,199,28,251
203,200,116,42
94,8,216,159
193,240,155,9
210,50,26,4
233,66,98,84
201,183,1,59
37,198,28,252
93,8,215,159
93,85,179,36
236,187,255,213
244,251,219,234
232,67,97,86
250,212,188,178
232,68,98,86
156,165,248,80
149,25,47,204
205,202,116,42
245,239,85,58
201,183,1,59
235,186,255,212
93,7,215,160
234,186,255,213
210,49,24,3
103,128,95,236
199,83,185,211
148,25,45,204
200,181,2,60
151,81,65,130
210,49,26,3
200,181,3,59
93,7,217,159
36,199,28,250
231,66,98,86
231,67,97,86
85,27,139,26
151,81,65,129
205,202,115,42
200,84,185,210
82,144,37,61
149,82,64,129
151,82,63,129
70,224,163,58
209,51,24,5
149,23,46,206
211,50,26,4
233,67,98,86
151,48,158,50
201,183,3,59
119,184,59,72
205,202,117,44
93,8,217,159
200,84,185,209
149,24,47,205
14,152,161,181
131,121,19,96
236,187,255,212
25,204,5,78
147,25,45,205
205,200,116,42
149,24,46,204
37,65,152,112
149,24,46,204
209,50,25,3
84,118,135,82
231,68,97,85
95,29,152,153
148,25,45,206
236,187,254,213
150,82,64,130
209,49,24,4
150,80,63,130
235,186,254,212
235,188,255,213
201,182,2,61
199,82,185,210
211,51,26,3
116,137,18,37
11,193,228,113
37,198,29,251
95,8,216,158
203,202,115,42
235,186,255,214
37,198,29,251
198,82,186,211
199,82,187,211
210,198,93,249
216,13,207,156
127,18,130,190
200,183,2,61
26,94,118,63
56,161,28,142
149,81,64,131
200,83,187,210
18,129,147,224
230,105,146,154
148,25,46,205
209,50,26,3
63,70,212,118
201,182,2,61
233,67,97,85
210,50,24,3
36,198,29,252
83,212,34,82
35,198,27,252
149,23,46,205
198,83,185,211
17,251,236,202
235,187,255,214
155,9,10,210
235,186,255,212
200,84,186,209
14,79,212,28
8,13,194,230
236,188,255,213
201,183,2,60
58,127,2,209
146,209,152,252
149,81,65,130
231,67,98,85
200,181,2,59
35,199,29,250
160,231,127,43
203,201,117,44
200,84,187,211
35,200,29,252
199,82,185,211
149,25,45,205
233,230,96,241
199,82,186,210
35,198,29,251
95,7,215,160
226,56,179,77
222,162,72,165
233,66,96,86
128,224,151,69
232,66,96,86
35,199,28,252
49,129,210,195
171,42,167,105
209,49,25,3
236,187,255,214
95,8,215,158
93,6,217,158
235,187,255,214
201,183,1,59
83,13,106,89
199,84,185,210
204,202,116,44
149,81,64,129
150,81,64,129
198,83,186,209
137,112,170,114
151,80,63,129
84,38,69,6
204,202,115,44
130,166,153,21
234,187,254,213
205,201,117,44
233,66,96,86
161,247,216,99
211,50,26,4
205,202,117,44
218,56,254,216
100,83,144,252
48,161,62,180
50,222,65,81
211,51,26,4
216,68,135,164
204,200,116,44
204,202,117,44
36,199,27,251
211,50,26,3
130,157,116,69
37,200,27,252
95,8,216,160
211,50,26,5
199,84,186,209
151,82,65,131
236,187,254,213
93,6,217,160
200,182,2,61
233,67,96,84
44,93,119,76
203,201,116,42
201,183,1,59
232,66,98,85
130,3,39,197
205,202,115,42
150,81,63,131
133,83,76,223
37,198,27,250
186,223,110,71
149,23,47,204
97,64,122,53
201,182,2,61
211,49,24,5
236,188,255,214
236,188,255,214
17,185,87,161
35,198,27,251
95,8,216,159
199,83,185,211
201,182,2,59
202,181,2,59
95,7,215,159
95,6,216,160
232,66,96,84
235,188,254,214
62,133,132,130
198,84,185,211
200,182,3,61
205,202,117,44
232,66,96,84
0,200,251,125
209,49,26,5
235,188,255,212
201,183,1,59
94,8,217,160
203,202,117,42
204,201,117,44
35,199,27,251
203,202,115,43
151,81,63,130
205,201,116,44
241,78,41,230
204,201,117,42
14,1,63,116
56,177,92,126
111,97,7,127
60,37,222,205
93,8,215,159
235,188,255,212
38,200,218,139
235,188,255,212
170,136,56,118
148,23,45,204
231,68,96,85
203,200,115,44
37,200,29,251
116,131,185,148
106,83,135,182
95,7,215,160
199,82,187,210
148,23,45,206
28,187,19,178
200,84,185,209
88,238,232,176
151,80,64,130
36,198,27,251
94,81,130,85
101,37,7,87
67,31,57,81
148,25,47,206
150,113,16,226
200,183,3,60
203,200,116,43
37,199,27,252
199,83,187,209
209,50,24,4
231,68,97,86
235,186,255,214
231,68,96,84
200,183,3,59
167,184,186,174
101,27,17,23
211,51,24,4
151,178,208,222
95,6,217,160
174,56,116,142
233,214,161,188
235,188,255,213
210,50,26,4
149,23,45,205
201,181,1,59
233,68,97,85
232,68,98,85
202,183,3,59
233,68,96,86
232,67,98,85
230,21,88,226
234,188,255,212
234,188,255,212
211,49,24,5
35,200,29,251
209,50,25,4
198,84,187,209
200,182,1,60
211,50,24,3
52,234,81,236
234,187,254,214
124,153,175,138
108,23,184,107
149,24,47,204
201,183,1,60
147,24,45,205
99,35,181,154
37,198,27,250
214,162,47,70
202,182,3,60
231,66,98,84
94,110,139,239
204,202,117,43
200,182,3,60
199,83,186,210
199,84,186,211
204,202,117,44
95,6,216,160
94,6,217,160
150,81,64,131
46,97,174,102
77,119,249,149
238,244,143,79
236,186,255,213
151,82,65,131
35,199,29,251
35,198,29,251
199,83,186,210
150,80,64,130
232,68,96,85
35,198,28,252
151,80,65,131
202,183,1,59
1,230,161,81
43,135,124,41
209,49,26,3
233,67,98,85
204,202,115,43
200,83,187,211
204,201,116,42
202,181,2,59
200,182,3,61
204,200,115,44
210,49,25,3
235,186,255,214
94,8,216,158
201,182,3,60
235,187,255,213
236,188,254,213
82,80,126,160
95,7,216,160
232,67,97,84
232,67,96,86
151,82,63,130
199,82,187,210
65,125,100,32
149,81,63,131
151,82,65,130
249,110,101,229
233,68,97,86
138,249,234,202
198,83,187,210
177,251,232,13
35,199,29,251
201,182,3,59
37,200,27,251
93,7,216,159
205,202,115,42
205,200,117,43
233,66,96,85
90,57,177,57
64,141,12,219
86,198,237,52
232,67,96,86
26,10,199,89
150,80,64,130
200,183,1,61
200,82,187,211
93,6,215,160
94,7,216,159
151,81,63,131
35,198,27,252
202,183,3,60
83,242,179,26
150,81,65,131
235,187,255,212
231,66,98,84
211,50,25,5
121,125,61,53
204,200,115,44
94,7,215,159
16,28,79,149
195,69,52,217
72,218,181,10
9,215,196,235
174,82,145,41
202,182,1,60
202,182,1,60
234,187,254,213
200,82,185,210
93,6,215,159
149,23,46,206
234,186,255,212
236,187,254,213
148,23,46,204
114,171,191,168
235,186,255,212
147,24,47,206
136,23,253,137
94,6,215,158
231,66,97,85
149,80,64,129
200,181,1,61
123,127,89,205
37,198,29,251
142,178,94,235
236,186,255,213
200,82,185,209
150,80,64,130
25,179,190,93
36,200,28,250
21,48,135,5
209,49,25,4
210,49,25,5
202,182,2,60
151,82,65,129
95,7,215,159
94,8,215,158
94,8,216,159
150,82,65,131
203,201,115,43
205,200,116,42
36,200,27,250
93,7,216,159
23,226,245,41
37,199,28,250
95,7,216,160
112,182,114,90
233,68,97,84
151,81,64,129
205,202,117,44
125,56,71,144
236,188,255,213
234,186,254,214
35,200,27,250
111,44,243,129
247,26,231,252
36,198,29,252
62,59,171,8
236,186,255,213
3,23,88,70
234,186,255,213
164,65,205,199
235,187,255,214
205,202,116,43
233,66,96,86
169,61,209,137
202,183,1,61
94,6,217,160
210,51,26,3
35,200,28,251
31,152,234,12
55,100,255,186
210,49,24,5
65,35,235,250
27,204,24,42
93,15,1,85
166,133,79,168
148,24,46,206
149,82,63,130
204,202,117,44
155,5,177,10
25,174,168,203
209,49,26,3
43,160,2,128
201,183,1,61
238,51,169,26
209,49,24,5
234,188,255,213
199,84,187,209
36,200,29,252
56,68,108,18
36,200,28,251
94,7,217,159
210,51,24,4
235,186,255,212
151,81,64,130
172,121,232,49
192,210,98,32
209,50,25,3
149,82,63,129
211,50,25,3
35,199,27,252
200,182,3,61
114,87,215,112
202,183,1,60
62,26,147,167
165,25,122,30
198,82,186,209
202,183,2,59
147,25,47,206
36,199,28,252
198,83,185,211
235,187,255,213
56,65,93,74
148,23,46,205
95,6,216,158
94,8,215,159
140,39,176,139
69,236,114,87
204,200,116,43
133,168,195,207
135,140,229,219
205,201,115,43
243,221,173,153
210,50,26,4
95,8,216,159
150,82,64,130
201,183,1,61
180,164,194,58
231,68,97,86
200,83,187,211
37,199,28,252
63,91,39,243
236,187,255,212
233,67,96,85
230,150,38,195
163,68,23,169
131,30,202,252
7,231,202,44
163,120,128,89
201,182,3,61
204,202,115,42
168,174,9,17
205,200,115,44
200,183,2,59
244,7,45,7
203,200,116,42
212,13,101,162
85,254,147,63
134,243,68,246
144,157,40,122
234,186,254,212
64,247,181,120
181,208,75,72
203,201,117,43
233,67,96,84
232,67,96,85
201,181,3,59
151,82,63,131
233,68,96,86
19,69,209,66
232,68,97,86
208,210,21,219
149,23,47,204
232,66,96,84
84,129,86,217
93,7,215,159
204,200,115,42
148,25,45,205
198,82,187,211
205,201,115,43
150,80,64,131
245,35,36,85
95,6,216,158
69,46,70,220
36,199,27,251
136,213,250,52
203,200,115,42
96,137,147,66
199,82,187,211
232,67,98,84
203,201,117,42
236,188,255,212
210,51,24,5
101,222,68,120
233,67,97,86
46,146,143,248
148,25,47,204
37,199,27,251
149,80,65,130
211,39,192,60
147,25,47,205
205,201,115,42
201,183,2,59
206,188,159,35
147,23,45,206
150,80,64,129
150,80,63,131
211,51,25,4
162,111,232,21
149,82,63,131
151,81,64,131
210,49,25,5
199,83,187,210
149,24,46,205
150,82,64,129
36,200,27,252
236,186,255,212
232,67,97,86
203,200,115,44
201,181,3,60
233,68,97,85
212,9,39,93
198,82,185,209
233,67,98,85
232,67,97,86
150,80,63,129
93,115,96,198
35,199,27,250
148,25,45,204
28,215,142,240
66,131,226,115
253,229,196,81
150,82,63,130
236,188,255,213
253,115,245,10
149,23,47,204
20,28,154,102
204,200,116,42
231,68,97,84
147,24,47,205
202,181,3,61
199,83,185,210
37,200,27,251
95,8,215,158
234,187,255,213
231,68,98,85
148,24,45,206
234,186,255,213
93,7,215,160
216,97,128,146
147,24,46,205
133,206,40,174
210,51,26,5
68,227,11,60
200,182,2,60
149,80,64,131
148,24,46,205
204,200,116,42
205,202,115,43
211,49,26,5
233,66,96,84
148,25,46,205
92,218,15,92
15,65,134,199
149,80,63,130
150,80,63,131
232,68,96,84
231,68,96,84
200,183,3,60
93,6,217,158
233,68,96,86
30,6,80,74
170,166,63,84
204,200,117,42
157,0,62,133
93,7,215,160
216,56,150,26
203,202,115,42
37,200,29,251
199,84,187,209
37,200,28,250
231,68,98,84
151,111,142,17
138,181,231,129
36,200,27,252
232,67,96,86
120,209,70,209
37,199,27,252
12,199,35,70
209,50,25,5
201,34,127,227
149,23,45,204
95,8,216,158
215,122,43,131
149,81,65,131
200,182,3,61
62,139,67,51
248,126,246,75
31,29,255,2
200,84,187,211
150,80,65,130
226,122,15,231
187,208,150,255
231,68,96,86
220,231,134,83
144,156,169,255
150,82,64,131
94,7,217,160
236,188,255,212
200,83,186,209
247,29,43,199
231,67,98,85
236,186,254,214
54,92,69,61
151,82,63,130
232,68,97,86
200,84,186,209
36,200,28,251
200,182,2,59
149,81,64,129
198,125,175,188
198,83,187,210
92,185,251,45
210,49,24,3
201,183,3,60
198,82,185,211
147,24,47,206
203,201,117,43
201,182,3,61
150,82,65,129
232,68,97,85
0,123,205,180
200,84,187,209
150,81,64,131
209,51,25,3
204,200,116,42
200,82,185,209
129,36,224,181
235,188,254,214
203,200,116,43
36,198,27,251
147,25,45,205
203,201,115,43
240,28,100,115
151,82,63,129
36,198,28,252
10,38,71,138
202,181,2,61
205,201,116,44
186,54,51,203
95,7,217,158
235,188,255,212
94,8,216,159
104,109,203,143
233,66,97,85
147,23,47,205
202,183,1,59
161,136,220,34
145,232,128,13
93,8,215,160
64,112,208,66
93,6,217,160
233,67,97,84
149,25,45,206
151,81,64,130
148,25,46,204
200,182,1,61
141,126,58,193
200,84,186,209
116,36,161,118
149,82,65,130
36,200,29,250
153,86,167,42
231,66,97,85
255,239,83,142
143,234,124,166
203,201,117,43
149,46,87,52
235,188,255,214
149,25,46,206
149,23,45,205
211,50,26,4
201,181,1,61
27,1,41,167
148,24,46,206
217,137,91,107
202,128,104,29
201,181,1,60
149,80,64,130
180,145,97,9
254,156,198,75
69,239,161,187
233,67,96,86
40,15,151,58
58,34,230,218
233,66,96,86
232,67,98,85
198,82,186,209
201,181,1,60
203,200,117,42
225,177,30,177
231,66,97,84
149,80,65,130
46,208,60,53
230,36,114,150
20,189,78,43
200,83,187,209
151,81,65,131
36,200,27,250
205,200,115,43
199,84,186,211
233,67,98,85
233,68,98,84
235,186,254,213
201,183,1,60
149,80,65,129
210,50,24,4
210,51,26,5
204,202,116,42
17,17,169,98
94,8,217,159
230,238,220,233
44,145,66,47
197,254,166,74
94,6,215,160
250,173,203,14
149,23,45,206
236,188,255,212
138,45,191,171
199,82,185,209
36,199,27,251
95,8,217,160
211,50,26,4
55,209,198,169
111,251,102,91
201,181,3,60
199,84,185,210
201,183,3,61
183,201,11,247
150,80,65,129
35,200,27,252
155,70,23,56
197,104,124,100
199,82,186,209
201,181,2,61
36,199,29,251
203,202,115,42
133,214,114,36
35,200,27,250
125,62,33,229
93,6,216,160
149,25,47,205
211,50,25,4
200,182,2,61
238,2,164,163
93,6,215,160
217,106,17,169
37,198,29,252
95,6,215,158
198,149,49,222
149,82,64,130
20,172,245,23
151,82,63,131
69,163,167,98
244,20,162,169
203,201,116,43
224,132,86,178
202,182,3,59
151,81,63,129
231,66,96,84
205,202,115,44
28,161,157,171
172,181,248,222
93,8,216,159
200,182,3,60
210,49,24,5
93,8,217,159
101,231,53,102
127,222,21,140
95,6,216,160
151,82,64,131
212,49,41,98
37,199,29,251
165,206,82,216
239,250,172,171
205,202,116,42
151,82,65,131
147,24,47,206
235,186,255,214
235,186,255,214
199,82,185,211
13,10,175,22
87,168,49,116
210,157,111,180
205,200,116,43
202,181,2,59
94,6,215,158
124,172,15,170
245,228,147,118
37,200,28,252
200,83,187,209
202,182,2,61
232,67,96,84
231,67,98,86
94,7,216,160
34,45,142,198
201,182,2,60
81,62,177,203
109,172,103,186
232,67,97,85
235,188,254,214
93,7,215,158
137,221,90,217
200,82,186,209
231,66,96,84
87,220,245,171
35,198,29,251
94,8,217,160
210,49,24,5
109,56,124,152
210,49,24,5
25,58,5,71
210,51,26,4
150,81,65,129
248,234,231,8
24,51,88,74
232,68,97,84
235,186,254,212
205,200,117,43
37,199,28,251
93,45,183,98
158,232,84,122
198,252,35,210
95,7,217,158
209,49,24,5
234,188,254,212
236,187,255,212
35,198,27,250
61,11,5,13
232,66,97,84
150,82,64,131
200,84,186,209
204,202,117,43
151,82,63,131
233,67,97,86
199,83,185,209
152,54,61,54
231,186,158,39
39,7,170,120
204,202,117,43
200,82,186,210
209,50,25,5
192,47,22,211
202,181,3,61
200,182,2,59
209,50,25,5
45,144,108,125
233,67,97,86
149,82,65,129
88,41,40,75
201,182,2,59
37,200,28,251
201,181,1,61
147,23,47,204
202,181,3,60
234,188,255,213
35,199,27,251
210,50,26,5
87,104,202,58
81,187,129,63
203,202,117,43
95,6,215,159
234,188,255,213
99,238,192,211
205,202,116,42
144,49,31,68
37,198,27,250
232,67,98,84
37,200,29,252
95,8,215,158
149,82,63,131
79,239,107,57
200,181,3,61
222,12,145,214
200,82,187,209
33,63,222,125
37,198,28,251
206,161,22,106
205,202,117,42
86,97,25,38
147,25,46,204
148,24,45,205
149,24,45,204
14,47,217,65
231,68,96,86
197,36,87,118
35,200,28,251
35,199,28,250
255,116,43,255
210,50,26,5
149,24,47,204
209,239,195,22
210,50,25,3
209,49,26,4
202,183,1,61
198,214,207,30
95,8,215,159
204,202,117,42
199,82,186,210
231,68,96,85
211,51,24,3
205,200,116,42
98,100,66,236
35,199,29,251
204,200,115,44
94,6,216,158
231,66,97,86
205,200,117,44
204,200,115,44
217,204,71,169
199,84,186,211
233,67,98,86
210,49,25,4
148,24,47,204
149,82,65,129
95,8,217,159
36,198,28,251
210,51,24,5
213,153,178,34
204,200,116,42
201,183,3,59
204,202,117,44
205,201,116,43
46,78,228,230
149,24,47,205
148,24,45,205
18,169,227,178
151,81,65,131
205,202,117,42
204,202,116,42
201,183,1,61
35,198,28,250
231,67,96,85
102,104,2,44
35,199,29,251
205,200,116,44
93,6,215,160
235,187,254,213
35,199,29,250
95,6,215,159
200,183,1,61
27,18,130,38
147,23,46,206
151,80,65,131
211,51,25,4
211,51,25,4
149,81,64,129
95,6,216,160
233,68,97,85
36,200,27,250
200,183,2,61
241,194,18,29
229,159,76,114
236,186,255,213
148,24,47,204
236,186,255,212
78,206,61,142
26,129,238,225
165,232,205,84
93,7,217,158
149,81,64,130
203,201,117,42
151,81,63,130
35,200,29,250
205,200,115,42
149,25,47,206
63,35,158,203
202,181,1,61
200,181,3,59
198,83,186,211
209,50,26,4
150,82,65,129
224,183,79,69
23,255,188,179
84,67,35,152
151,81,63,130
231,68,96,85
200,83,185,211
201,182,3,60
200,83,186,210
151,81,63,131
236,188,255,212
211,51,26,3
200,181,1,59
35,199,29,250
239,223,42,58
36,200,29,252
211,51,26,4
245,179,197,227
30,133,71,182
235,187,254,212
36,199,28,250
149,80,63,129
150,82,64,131
179,145,148,174
139,167,38,199
94,8,215,158
211,50,24,5
95,8,215,159
255,102,246,133
201,181,1,61
232,68,96,85
203,201,116,44
195,134,78,120
34,10,98,10
202,181,3,61
111,179,123,116
200,183,1,61
45,162,102,241
202,183,2,61
93,8,215,160
94,8,215,158
37,199,29,250
115,143,247,111
107,165,171,10
254,154,254,174
232,66,96,85
205,200,115,43
75,199,45,49
117,129,74,71
189,39,253,140
200,182,3,60
236,187,255,212
149,24,45,204
212,99,154,196
198,84,187,209
203,201,117,43
67,202,180,220
235,186,255,212
235,188,255,212
234,186,254,214
37,200,29,252
198,84,186,209
149,23,46,205
32,240,36,130
48,211,134,60
80,184,205,249
233,66,98,86
149,24,45,206
249,194,239,26
232,67,98,85
88,67,74,230
200,84,185,211
232,66,98,85
93,7,215,160
211,49,25,3
205,200,115,43
35,198,27,250
136,9,78,166
236,187,255,212
200,182,2,59
217,49,60,187
93,7,215,158
198,82,186,210
150,81,64,131
182,88,182,116
162,194,74,123
37,199,28,252
200,182,1,60
188,229,75,79
200,181,1,59
203,201,116,44
236,188,255,213
209,49,26,3
211,51,24,4
198,84,187,209
148,23,47,205
150,82,65,129
231,67,97,84
226,187,161,249
36,199,28,252
234,186,254,212
150,82,64,130
92,198,8,83
203,201,115,43
202,181,2,60
149,81,63,129
205,202,117,43
217,98,40,185
234,186,255,212
35,198,27,252
198,83,185,211
200,82,186,209
232,67,98,86
235,187,255,214
232,67,96,84
104,96,108,235
94,6,216,160
94,7,216,159
211,51,26,3
75,30,49,62
236,188,254,212
149,23,47,204
93,8,215,160
151,82,65,129
205,200,117,42
206,13,110,103
151,80,65,130
200,82,186,211
151,82,63,131
94,6,217,158
35,198,29,250
151,81,65,130
204,201,116,42
37,198,28,251
151,80,64,131
209,51,26,3
200,84,187,209
199,84,185,211
205,202,117,43
199,82,186,210
209,51,24,3
211,49,24,5
209,51,26,4
232,68,97,85
235,188,255,214
127,26,249,249
147,25,47,205
36,199,28,252
201,183,1,59
210,49,24,3
202,183,1,59
210,51,25,4
233,68,98,86
201,182,2,59
37,199,28,252
203,200,117,42
200,183,2,60
202,182,1,61
140,198,208,103
4,233,178,220
36,198,28,251
150,81,63,131
95,6,216,158
205,200,117,42
11,250,54,233
132,82,247,119
236,186,255,214
39,165,100,38
233,67,96,85
16,60,85,133
169,138,133,210
35,200,29,250
93,7,215,158
236,187,254,213
236,186,255,213
30,250,154,5
149,24,45,204
203,200,115,43
233,66,96,85
232,68,98,84
142,112,104,105
205,200,116,44
36,199,27,250
149,24,46,204
199,83,185,209
102,91,86,62
250,94,118,81
234,188,255,213
232,67,97,84
236,187,254,212
200,82,187,210
202,181,3,60
167,226,114,181
44,171,119,180
217,87,21,127
200,82,185,210
95,6,215,158
37,199,27,250
77,30,139,40
202,124,99,29
37,198,29,250
180,83,206,224
200,181,1,60
35,199,28,252
200,182,1,59
209,49,26,4
199,84,185,210
204,201,115,43
198,83,185,210
6,40,233,108
15,233,201,190
174,80,7,218
234,188,255,214
224,24,35,91
89,139,14,211
198,84,185,211
210,51,25,4
